cumm_arr,rep_date,cmdt_name,state_name,cmdt_grp_name,district_name,model_price_wt,unit_name_price,unit_name_arrival,_state_id,_district_id,_group_id,_commodity_id,_option,as_on,trend,msp_price,one_yr_ago,two_yr_ago,colorconfig,market_name,one_week_ago,three_yr_ago,last_five_day,one_month_ago,reported_date,deviation_percent,deviation_from_msp,_requested_date,_district_ids,_commodity_ids
29.9,17-09-2026,Bajra(Pearl Millet/Cumbu),Uttar Pradesh,Cereals,Agra,2055.35,Rs./Quintal,Metric Tonnes,34,,,,,2055.35,down,2900.0,2200.0,2500.0,"{'as_on': '#ef4444', 'one_week_ago': '#ef4444', 'last_five_day': '#ef4444', 'one_month_ago': None}",Fatehabad APMC,2007.06,,2055.35,,17-09-2026,-29.1,-844.65,2026-09-17,,
59.2,17-09-2026,Bajra(Pearl Millet/Cumbu),Uttar Pradesh,Cereals,Agra,2162.33,Rs./Quintal,Metric Tonnes,34,,,,,2162.33,down,2900.0,,,"{'as_on': '#ef4444', 'one_week_ago': '#ef4444', 'last_five_day': '#ef4444', 'one_month_ago': None}",Jagnair APMC,2200.0,,2144.31,,17-09-2026,-25.4,-737.67,2026-09-17,,
37.2,17-09-2026,Bajra(Pearl Millet/Cumbu),Uttar Pradesh,Cereals,Aligarh,2100.0,Rs./Quintal,Metric Tonnes,34,,,,,2100.0,down,2900.0,1750.0,2100.0,"{'as_on': '#ef4444', 'one_week_ago': '#ef4444', 'last_five_day': '#ef4444', 'one_month_ago': '#ef4444'}",Khair APMC,2119.92,,2052.49,2000.0,17-09-2026,-27.6,-800.0,2026-09-17,,
26.11,17-09-2026,Bajra(Pearl Millet/Cumbu),Uttar Pradesh,Cereals,Auraiya,1900.0,Rs./Quintal,Metric Tonnes,34,,,,,1900.0,down,2900.0,,,"{'as_on': '#ef4444', 'one_week_ago': None, 'last_five_day': '#ef4444', 'one_month_ago': '#ef4444'}",Auraiya APMC,,,1942.61,1950.0,17-09-2026,-34.5,-1000.0,2026-09-17,,
1.23,17-09-2026,Bajra(Pearl Millet/Cumbu),Uttar Pradesh,Cereals,Badaun,2200.0,Rs./Quintal,Metric Tonnes,34,,,,,2200.0,down,2900.0,,,"{'as_on': '#ef4444', 'one_week_ago': '#ef4444', 'last_five_day': '#ef4444', 'one_month_ago': None}",Islam Nagar APMC,2200.0,,2203.15,,17-09-2026,-24.1,-700.0,2026-09-17,,
28.0,17-09-2026,Bajra(Pearl Millet/Cumbu),Uttar Pradesh,Cereals,Firozabad,1800.0,Rs./Quintal,Metric Tonnes,34,,,,,1800.0,down,2900.0,,,"{'as_on': '#ef4444', 'one_week_ago': None, 'last_five_day': '#ef4444', 'one_month_ago': None}",Firozabad APMC,,1950.0,1800.0,,17-09-2026,-37.9,-1100.0,2026-09-17,,
86.5,17-09-2026,Bajra(Pearl Millet/Cumbu),Uttar Pradesh,Cereals,Firozabad,2165.59,Rs./Quintal,Metric Tonnes,34,,,,,2165.59,down,2900.0,2335.0,2325.0,"{'as_on': '#ef4444', 'one_week_ago': '#ef4444', 'last_five_day': '#ef4444', 'one_month_ago': '#ef4444'}",Tundla APMC,2185.48,,2152.63,2000.0,17-09-2026,-25.3,-734.41,2026-09-17,,
117.14,17-09-2026,Bajra(Pearl Millet/Cumbu),Uttar Pradesh,Cereals,Hathras,2205.15,Rs./Quintal,Metric Tonnes,34,,,,,2205.15,down,2900.0,2210.0,,"{'as_on': '#ef4444', 'one_week_ago': '#ef4444', 'last_five_day': '#ef4444', 'one_month_ago': '#ef4444'}",Haathras APMC,2094.23,,2141.02,2008.83,17-09-2026,-24.0,-694.85,2026-09-17,,
30.95,17-09-2026,Bajra(Pearl Millet/Cumbu),Uttar Pradesh,Cereals,Hathras,1900.0,Rs./Quintal,Metric Tonnes,34,,,,,1900.0,down,2900.0,,,"{'as_on': '#ef4444', 'one_week_ago': '#ef4444', 'last_five_day': '#ef4444', 'one_month_ago': None}",Shadabad APMC,1900.0,,1900.0,,17-09-2026,-34.5,-1000.0,2026-09-17,,
57.9,17-09-2026,Bajra(Pearl Millet/Cumbu),Uttar Pradesh,Cereals,Kanpur,1804.49,Rs./Quintal,Metric Tonnes,34,,,,,1804.49,down,2900.0,2240.0,2340.0,"{'as_on': '#ef4444', 'one_week_ago': None, 'last_five_day': '#ef4444', 'one_month_ago': None}",Kanpur(Grain) APMC,,,1801.6,,17-09-2026,-37.8,-1095.51,2026-09-17,,
11.15,17-09-2026,Bajra(Pearl Millet/Cumbu),Uttar Pradesh,Cereals,Mathura,2050.45,Rs./Quintal,Metric Tonnes,34,,,,,2050.45,down,2900.0,2100.0,2260.0,"{'as_on': '#ef4444', 'one_week_ago': None, 'last_five_day': '#ef4444', 'one_month_ago': None}",Mathura APMC,,,2085.77,,17-09-2026,-29.3,-849.55,2026-09-17,,
36.78,17-09-2026,Bajra(Pearl Millet/Cumbu),Uttar Pradesh,Cereals,Sambhal,2200.0,Rs./Quintal,Metric Tonnes,34,,,,,2200.0,down,2900.0,,,"{'as_on': '#ef4444', 'one_week_ago': None, 'last_five_day': '#ef4444', 'one_month_ago': None}",Bhehjoi APMC,,,2203.57,,17-09-2026,-24.1,-700.0,2026-09-17,,
30.0,17-09-2026,Barley(Jau),Uttar Pradesh,Cereals,Hamirpur,2509.72,Rs./Quintal,Metric Tonnes,34,,,,,2509.72,up,2150.0,,,"{'as_on': '#16a34a', 'one_week_ago': None, 'last_five_day': '#16a34a', 'one_month_ago': None}",Raath APMC,,1730.0,2509.72,,17-09-2026,16.7,359.72,2026-09-17,,
30.4,17-09-2026,Barley(Jau),Uttar Pradesh,Cereals,Lalitpur,1941.5,Rs./Quintal,Metric Tonnes,34,,,,,1941.5,down,2150.0,2300.0,,"{'as_on': '#ef4444', 'one_week_ago': None, 'last_five_day': '#16a34a', 'one_month_ago': None}",Lalitpur APMC,,,2220.36,,17-09-2026,-9.7,-208.5,2026-09-17,,
68.0,17-09-2026,Barley(Jau),Uttar Pradesh,Cereals,Mahoba,2066.1,Rs./Quintal,Metric Tonnes,34,,,,,2066.1,down,2150.0,2240.0,,"{'as_on': '#ef4444', 'one_week_ago': '#16a34a', 'last_five_day': '#ef4444', 'one_month_ago': None}",Mahoba APMC,2569.51,1730.0,2076.72,,17-09-2026,-3.9,-83.9,2026-09-17,,
4.5,17-09-2026,Barley(Jau),Uttar Pradesh,Cereals,Sonbhadra,2000.0,Rs./Quintal,Metric Tonnes,34,,,,,2000.0,down,2150.0,,2310.0,"{'as_on': '#ef4444', 'one_week_ago': None, 'last_five_day': '#ef4444', 'one_month_ago': None}",Robertsganj APMC,,2210.0,2000.0,,17-09-2026,-7.0,-150.0,2026-09-17,,
30.2,17-09-2026,Maize,Uttar Pradesh,Cereals,Aligarh,1920.0,Rs./Quintal,Metric Tonnes,34,,,,,1920.0,down,2410.0,2070.0,2425.0,"{'as_on': '#ef4444', 'one_week_ago': '#ef4444', 'last_five_day': '#ef4444', 'one_month_ago': '#ef4444'}",Aligarh APMC,1901.67,,2070.46,1921.03,17-09-2026,-20.3,-490.0,2026-09-17,,
405.79,17-09-2026,Maize,Uttar Pradesh,Cereals,Aligarh,2143.17,Rs./Quintal,Metric Tonnes,34,,,,,2143.17,down,2410.0,2050.0,2240.0,"{'as_on': '#ef4444', 'one_week_ago': '#ef4444', 'last_five_day': '#ef4444', 'one_month_ago': '#ef4444'}",Charra APMC,2129.66,,2119.06,2056.74,17-09-2026,-11.1,-266.83,2026-09-17,,
34.2,17-09-2026,Maize,Uttar Pradesh,Cereals,Aligarh,2200.0,Rs./Quintal,Metric Tonnes,34,,,,,2200.0,down,2410.0,,,"{'as_on': '#ef4444', 'one_week_ago': '#ef4444', 'last_five_day': '#ef4444', 'one_month_ago': None}",Khair APMC,2200.0,,2200.0,,17-09-2026,-8.7,-210.0,2026-09-17,,
2.2,17-09-2026,Maize,Uttar Pradesh,Cereals,Auraiya,2000.0,Rs./Quintal,Metric Tonnes,34,,,,,2000.0,down,2410.0,,,"{'as_on': '#ef4444', 'one_week_ago': None, 'last_five_day': '#ef4444', 'one_month_ago': '#ef4444'}",Dibiapur APMC,,,2024.16,2000.0,17-09-2026,-17.0,-410.0,2026-09-17,,
163.81,17-09-2026,Maize,Uttar Pradesh,Cereals,Badaun,2100.0,Rs./Quintal,Metric Tonnes,34,,,,,2100.0,down,2410.0,2050.0,2150.0,"{'as_on': '#ef4444', 'one_week_ago': '#ef4444', 'last_five_day': '#ef4444', 'one_month_ago': '#ef4444'}",Badayoun APMC,2056.07,,2079.76,1923.56,17-09-2026,-12.9,-310.0,2026-09-17,,
569.41,17-09-2026,Maize,Uttar Pradesh,Cereals,Badaun,2162.12,Rs./Quintal,Metric Tonnes,34,,,,,2162.12,down,2410.0,,,"{'as_on': '#ef4444', 'one_week_ago': '#ef4444', 'last_five_day': '#ef4444', 'one_month_ago': '#ef4444'}",Bilsi APMC,2035.42,1840.0,2136.66,1931.87,17-09-2026,-10.3,-247.88,2026-09-17,,
371.84,17-09-2026,Maize,Uttar Pradesh,Cereals,Badaun,2033.47,Rs./Quintal,Metric Tonnes,34,,,,,2033.47,down,2410.0,2000.0,2300.0,"{'as_on': '#ef4444', 'one_week_ago': '#ef4444', 'last_five_day': '#ef4444', 'one_month_ago': '#ef4444'}",Bisoli APMC,2073.59,1820.0,2037.95,1952.56,17-09-2026,-15.6,-376.53,2026-09-17,,
47.94,17-09-2026,Maize,Uttar Pradesh,Cereals,Badaun,2031.4,Rs./Quintal,Metric Tonnes,34,,,,,2031.4,down,2410.0,,,"{'as_on': '#ef4444', 'one_week_ago': '#ef4444', 'last_five_day': '#ef4444', 'one_month_ago': '#ef4444'}",Islam Nagar APMC,1960.0,,1989.28,1852.58,17-09-2026,-15.7,-378.6,2026-09-17,,
246.97,17-09-2026,Maize,Uttar Pradesh,Cereals,Badaun,2276.27,Rs./Quintal,Metric Tonnes,34,,,,,2276.27,down,2410.0,,,"{'as_on': '#ef4444', 'one_week_ago': '#ef4444', 'last_five_day': '#ef4444', 'one_month_ago': '#ef4444'}",Ujhani APMC,2222.11,1830.0,2252.09,2088.66,17-09-2026,-5.5,-133.73,2026-09-17,,
719.18,17-09-2026,Maize,Uttar Pradesh,Cereals,Badaun,2050.35,Rs./Quintal,Metric Tonnes,34,,,,,2050.35,down,2410.0,2125.0,2350.0,"{'as_on': '#ef4444', 'one_week_ago': '#ef4444', 'last_five_day': '#ef4444', 'one_month_ago': '#ef4444'}",Wazirganj APMC,2009.88,,2057.51,1921.3,17-09-2026,-14.9,-359.65,2026-09-17,,
8.24,17-09-2026,Maize,Uttar Pradesh,Cereals,Bahraich,2200.0,Rs./Quintal,Metric Tonnes,34,,,,,2200.0,down,2410.0,2240.0,2200.0,"{'as_on': '#ef4444', 'one_week_ago': None, 'last_five_day': '#ef4444', 'one_month_ago': '#ef4444'}",Bahraich APMC,,,2200.0,2284.89,17-09-2026,-8.7,-210.0,2026-09-17,,
100.0,17-09-2026,Maize,Uttar Pradesh,Cereals,Bahraich,2250.0,Rs./Quintal,Metric Tonnes,34,,,,,2250.0,down,2410.0,2225.0,2550.0,"{'as_on': '#ef4444', 'one_week_ago': None, 'last_five_day': '#ef4444', 'one_month_ago': None}",Naanpara APMC,,,2250.0,,17-09-2026,-6.6,-160.0,2026-09-17,,
176.12,17-09-2026,Maize,Uttar Pradesh,Cereals,Bahraich,2136.13,Rs./Quintal,Metric Tonnes,34,,,,,2136.13,down,2410.0,,,"{'as_on': '#ef4444', 'one_week_ago': '#ef4444', 'last_five_day': '#ef4444', 'one_month_ago': '#ef4444'}",Risia APMC,2142.0,,2194.21,1753.35,17-09-2026,-11.4,-273.87,2026-09-17,,
70.0,17-09-2026,Maize,Uttar Pradesh,Cereals,Bahraich,2200.0,Rs./Quintal,Metric Tonnes,34,,,,,2200.0,down,2410.0,,,"{'as_on': '#ef4444', 'one_week_ago': None, 'last_five_day': '#ef4444', 'one_month_ago': None}",Rupaidiha APMC,,,2158.33,,17-09-2026,-8.7,-210.0,2026-09-17,,
26.37,17-09-2026,Maize,Uttar Pradesh,Cereals,Bareilly,2000.0,Rs./Quintal,Metric Tonnes,34,,,,,2000.0,down,2410.0,,,"{'as_on': '#ef4444', 'one_week_ago': '#ef4444', 'last_five_day': '#ef4444', 'one_month_ago': None}",Anwala APMC,2043.04,,2084.59,,17-09-2026,-17.0,-410.0,2026-09-17,,
51.75,17-09-2026,Maize,Uttar Pradesh,Cereals,Bulandshahar,2422.87,Rs./Quintal,Metric Tonnes,34,,,,,2422.87,up,2410.0,2280.0,2495.0,"{'as_on': '#16a34a', 'one_week_ago': '#ef4444', 'last_five_day': '#ef4444', 'one_month_ago': '#ef4444'}",Buland Shahr APMC,2175.48,,2204.32,2005.0,17-09-2026,0.5,12.87,2026-09-17,,
139.92,17-09-2026,Maize,Uttar Pradesh,Cereals,Bulandshahar,2264.92,Rs./Quintal,Metric Tonnes,34,,,,,2264.92,down,2410.0,,2400.0,"{'as_on': '#ef4444', 'one_week_ago': '#ef4444', 'last_five_day': '#ef4444', 'one_month_ago': '#ef4444'}",Divai APMC,2123.84,1900.0,2173.94,1918.81,17-09-2026,-6.0,-145.08,2026-09-17,,
12.16,17-09-2026,Maize,Uttar Pradesh,Cereals,Bulandshahar,2150.0,Rs./Quintal,Metric Tonnes,34,,,,,2150.0,down,2410.0,,,"{'as_on': '#ef4444', 'one_week_ago': '#ef4444', 'last_five_day': '#ef4444', 'one_month_ago': '#ef4444'}",Gulavati APMC,2166.02,,2205.03,2102.2,17-09-2026,-10.8,-260.0,2026-09-17,,
63.93,17-09-2026,Maize,Uttar Pradesh,Cereals,Bulandshahar,2255.25,Rs./Quintal,Metric Tonnes,34,,,,,2255.25,down,2410.0,2275.0,2500.0,"{'as_on': '#ef4444', 'one_week_ago': '#ef4444', 'last_five_day': '#ef4444', 'one_month_ago': '#ef4444'}",Jahangirabad APMC,2292.07,2095.0,2245.88,2109.07,17-09-2026,-6.4,-154.75,2026-09-17,,
62.4,17-09-2026,Maize,Uttar Pradesh,Cereals,Bulandshahar,2000.0,Rs./Quintal,Metric Tonnes,34,,,,,2000.0,down,2410.0,2280.0,,"{'as_on': '#ef4444', 'one_week_ago': None, 'last_five_day': '#ef4444', 'one_month_ago': '#ef4444'}",Khurja APMC,,,2000.0,2100.12,17-09-2026,-17.0,-410.0,2026-09-17,,
2.35,17-09-2026,Maize,Uttar Pradesh,Cereals,Bulandshahar,2240.0,Rs./Quintal,Metric Tonnes,34,,,,,2240.0,down,2410.0,,,"{'as_on': '#ef4444', 'one_week_ago': '#ef4444', 'last_five_day': '#ef4444', 'one_month_ago': None}",Sikanderabad APMC,2209.52,,2235.03,,17-09-2026,-7.1,-170.0,2026-09-17,,
113.0,17-09-2026,Maize,Uttar Pradesh,Cereals,Bulandshahar,2138.87,Rs./Quintal,Metric Tonnes,34,,,,,2138.87,down,2410.0,,2220.0,"{'as_on': '#ef4444', 'one_week_ago': '#ef4444', 'last_five_day': '#ef4444', 'one_month_ago': '#ef4444'}",Siyana APMC,2113.21,1900.0,2148.37,2056.34,17-09-2026,-11.3,-271.13,2026-09-17,,
89.7,17-09-2026,Maize,Uttar Pradesh,Cereals,Etah,2112.15,Rs./Quintal,Metric Tonnes,34,,,,,2112.15,down,2410.0,1865.0,2055.0,"{'as_on': '#ef4444', 'one_week_ago': '#ef4444', 'last_five_day': '#ef4444', 'one_month_ago': '#ef4444'}",Aliganj APMC,2023.14,1725.0,1897.02,1898.77,17-09-2026,-12.4,-297.85,2026-09-17,,
142.56,17-09-2026,Maize,Uttar Pradesh,Cereals,Etah,2058.51,Rs./Quintal,Metric Tonnes,34,,,,,2058.51,down,2410.0,2175.0,,"{'as_on': '#ef4444', 'one_week_ago': '#ef4444', 'last_five_day': '#ef4444', 'one_month_ago': '#ef4444'}",Etah APMC,2000.0,1980.0,2065.68,1870.13,17-09-2026,-14.6,-351.49,2026-09-17,,
56.43,17-09-2026,Maize,Uttar Pradesh,Cereals,Etawah,2068.93,Rs./Quintal,Metric Tonnes,34,,,,,2068.93,down,2410.0,,,"{'as_on': '#ef4444', 'one_week_ago': None, 'last_five_day': '#ef4444', 'one_month_ago': '#ef4444'}",Jasvantnagar APMC,,,2123.86,2000.0,17-09-2026,-14.2,-341.07,2026-09-17,,
63.04,17-09-2026,Maize,Uttar Pradesh,Cereals,Farukhabad,2300.0,Rs./Quintal,Metric Tonnes,34,,,,,2300.0,down,2410.0,2250.0,2425.0,"{'as_on': '#ef4444', 'one_week_ago': '#ef4444', 'last_five_day': '#ef4444', 'one_month_ago': '#ef4444'}",Farukhabad APMC,2300.0,,2303.42,2001.12,17-09-2026,-4.6,-110.0,2026-09-17,,
472.91,17-09-2026,Maize,Uttar Pradesh,Cereals,Farukhabad,2318.27,Rs./Quintal,Metric Tonnes,34,,,,,2318.27,down,2410.0,2020.0,2410.0,"{'as_on': '#ef4444', 'one_week_ago': '#ef4444', 'last_five_day': '#ef4444', 'one_month_ago': '#ef4444'}",Kamlaganj APMC,2352.39,1850.0,2315.84,2192.75,17-09-2026,-3.8,-91.73,2026-09-17,,
325.2,17-09-2026,Maize,Uttar Pradesh,Cereals,Farukhabad,2206.57,Rs./Quintal,Metric Tonnes,34,,,,,2206.57,down,2410.0,2225.0,2400.0,"{'as_on': '#ef4444', 'one_week_ago': '#ef4444', 'last_five_day': '#ef4444', 'one_month_ago': '#ef4444'}",Kayamganj APMC,2239.74,,2216.94,2000.0,17-09-2026,-8.4,-203.43,2026-09-17,,
319.36,17-09-2026,Maize,Uttar Pradesh,Cereals,Farukhabad,2228.26,Rs./Quintal,Metric Tonnes,34,,,,,2228.26,down,2410.0,2225.0,,"{'as_on': '#ef4444', 'one_week_ago': '#ef4444', 'last_five_day': '#ef4444', 'one_month_ago': '#ef4444'}",Mohamadabad APMC,2228.88,1920.0,2241.51,2039.02,17-09-2026,-7.5,-181.74,2026-09-17,,
150.2,17-09-2026,Maize,Uttar Pradesh,Cereals,Firozabad,2252.03,Rs./Quintal,Metric Tonnes,34,,,,,2252.03,down,2410.0,1950.0,,"{'as_on': '#ef4444', 'one_week_ago': '#ef4444', 'last_five_day': '#ef4444', 'one_month_ago': '#ef4444'}",Shikohabad APMC,2267.77,1750.0,2267.63,2114.54,17-09-2026,-6.6,-157.97,2026-09-17,,
419.63,17-09-2026,Maize,Uttar Pradesh,Cereals,Firozabad,2247.1,Rs./Quintal,Metric Tonnes,34,,,,,2247.1,down,2410.0,,,"{'as_on': '#ef4444', 'one_week_ago': '#ef4444', 'last_five_day': '#ef4444', 'one_month_ago': '#ef4444'}",Sirsaganj APMC,2296.3,,2252.54,2132.05,17-09-2026,-6.8,-162.9,2026-09-17,,
54.1,17-09-2026,Maize,Uttar Pradesh,Cereals,Ghaziabad,2302.27,Rs./Quintal,Metric Tonnes,34,,,,,2302.27,down,2410.0,,2490.0,"{'as_on': '#ef4444', 'one_week_ago': None, 'last_five_day': '#ef4444', 'one_month_ago': '#ef4444'}",Hapur APMC,,,2265.73,2150.0,17-09-2026,-4.5,-107.73,2026-09-17,,
31.97,17-09-2026,Maize,Uttar Pradesh,Cereals,Gorakhpur,2000.0,Rs./Quintal,Metric Tonnes,34,,,,,2000.0,down,2410.0,,,"{'as_on': '#ef4444', 'one_week_ago': None, 'last_five_day': '#ef4444', 'one_month_ago': '#ef4444'}",Sehjanwa APMC,,,2000.0,2000.0,17-09-2026,-17.0,-410.0,2026-09-17,,
86.44,17-09-2026,Maize,Uttar Pradesh,Cereals,Hardoi,2171.11,Rs./Quintal,Metric Tonnes,34,,,,,2171.11,down,2410.0,2235.0,2160.0,"{'as_on': '#ef4444', 'one_week_ago': '#ef4444', 'last_five_day': '#ef4444', 'one_month_ago': None}",Hardoi APMC,2109.91,,2103.88,,17-09-2026,-9.9,-238.89,2026-09-17,,
103.96,17-09-2026,Maize,Uttar Pradesh,Cereals,Hardoi,2260.79,Rs./Quintal,Metric Tonnes,34,,,,,2260.79,down,2410.0,2230.0,2180.0,"{'as_on': '#ef4444', 'one_week_ago': '#16a34a', 'last_five_day': '#ef4444', 'one_month_ago': None}",Madhoganj APMC,2412.6,2025.0,2321.68,,17-09-2026,-6.2,-149.21,2026-09-17,,
60.4,17-09-2026,Maize,Uttar Pradesh,Cereals,Hardoi,2000.0,Rs./Quintal,Metric Tonnes,34,,,,,2000.0,down,2410.0,2235.0,2160.0,"{'as_on': '#ef4444', 'one_week_ago': None, 'last_five_day': '#ef4444', 'one_month_ago': None}",Sandi APMC,,,2000.0,,17-09-2026,-17.0,-410.0,2026-09-17,,
60.85,17-09-2026,Maize,Uttar Pradesh,Cereals,Hathras,2097.54,Rs./Quintal,Metric Tonnes,34,,,,,2097.54,down,2410.0,2040.0,,"{'as_on': '#ef4444', 'one_week_ago': '#ef4444', 'last_five_day': '#ef4444', 'one_month_ago': '#ef4444'}",Haathras APMC,2075.23,,2118.21,2106.37,17-09-2026,-13.0,-312.46,2026-09-17,,
206.55,17-09-2026,Maize,Uttar Pradesh,Cereals,Kannuj,2201.0,Rs./Quintal,Metric Tonnes,34,,,,,2201.0,down,2410.0,2225.0,2385.0,"{'as_on': '#ef4444', 'one_week_ago': '#ef4444', 'last_five_day': '#ef4444', 'one_month_ago': '#ef4444'}",Chhibramau APMC,2233.99,1970.0,2220.59,2105.16,17-09-2026,-8.7,-209.0,2026-09-17,,
517.92,17-09-2026,Maize,Uttar Pradesh,Cereals,Kannuj,2265.44,Rs./Quintal,Metric Tonnes,34,,,,,2265.44,down,2410.0,2225.0,,"{'as_on': '#ef4444', 'one_week_ago': '#ef4444', 'last_five_day': '#ef4444', 'one_month_ago': '#ef4444'}",Kannauj APMC,2158.74,1930.0,2206.77,2012.83,17-09-2026,-6.0,-144.56,2026-09-17,,
419.02,17-09-2026,Maize,Uttar Pradesh,Cereals,Kanpur,1900.0,Rs./Quintal,Metric Tonnes,34,,,,,1900.0,down,2410.0,2225.0,2345.0,"{'as_on': '#ef4444', 'one_week_ago': '#ef4444', 'last_five_day': '#ef4444', 'one_month_ago': '#ef4444'}",Uttaripura APMC,1900.0,,1903.21,1921.87,17-09-2026,-21.2,-510.0,2026-09-17,,
58.86,17-09-2026,Maize,Uttar Pradesh,Cereals,Kasganj,2278.02,Rs./Quintal,Metric Tonnes,34,,,,,2278.02,down,2410.0,,,"{'as_on': '#ef4444', 'one_week_ago': '#ef4444', 'last_five_day': '#ef4444', 'one_month_ago': '#ef4444'}",Ganj Dundwara APMC,2192.2,,2160.07,1923.88,17-09-2026,-5.5,-131.98,2026-09-17,,
267.43,17-09-2026,Maize,Uttar Pradesh,Cereals,Kasganj,2216.64,Rs./Quintal,Metric Tonnes,34,,,,,2216.64,down,2410.0,2200.0,2375.0,"{'as_on': '#ef4444', 'one_week_ago': '#ef4444', 'last_five_day': '#ef4444', 'one_month_ago': '#ef4444'}",Kasganj APMC,2087.38,1920.0,2094.1,1982.22,17-09-2026,-8.0,-193.36,2026-09-17,,
205.18,17-09-2026,Maize,Uttar Pradesh,Cereals,Mainpuri,1994.26,Rs./Quintal,Metric Tonnes,34,,,,,1994.26,down,2410.0,2270.0,2430.0,"{'as_on': '#ef4444', 'one_week_ago': '#ef4444', 'last_five_day': '#ef4444', 'one_month_ago': '#ef4444'}",Mainpuri APMC,2184.28,,2011.1,2008.7,17-09-2026,-17.3,-415.74,2026-09-17,,
2.4,17-09-2026,Maize,Uttar Pradesh,Cereals,Mathura,2090.0,Rs./Quintal,Metric Tonnes,34,,,,,2090.0,down,2410.0,,,"{'as_on': '#ef4444', 'one_week_ago': None, 'last_five_day': '#ef4444', 'one_month_ago': None}",Mathura APMC,,,2058.27,,17-09-2026,-13.3,-320.0,2026-09-17,,
9.7,17-09-2026,Maize,Uttar Pradesh,Cereals,Pillibhit,2000.0,Rs./Quintal,Metric Tonnes,34,,,,,2000.0,down,2410.0,,,"{'as_on': '#ef4444', 'one_week_ago': None, 'last_five_day': '#ef4444', 'one_month_ago': None}",Puranpur APMC,,,1876.6,,17-09-2026,-17.0,-410.0,2026-09-17,,
1000.92,17-09-2026,Maize,Uttar Pradesh,Cereals,Sambhal,2230.28,Rs./Quintal,Metric Tonnes,34,,,,,2230.28,down,2410.0,,,"{'as_on': '#ef4444', 'one_week_ago': '#ef4444', 'last_five_day': '#ef4444', 'one_month_ago': '#ef4444'}",Bhehjoi APMC,2224.09,,2154.27,1800.0,17-09-2026,-7.5,-179.72,2026-09-17,,
283.51,17-09-2026,Maize,Uttar Pradesh,Cereals,Sambhal,2427.77,Rs./Quintal,Metric Tonnes,34,,,,,2427.77,up,2410.0,,,"{'as_on': '#16a34a', 'one_week_ago': '#ef4444', 'last_five_day': '#ef4444', 'one_month_ago': '#ef4444'}",Sambhal APMC,2069.19,,2340.29,2159.11,17-09-2026,0.7,17.77,2026-09-17,,
183.5,17-09-2026,Maize,Uttar Pradesh,Cereals,Shahjahanpur,2073.9,Rs./Quintal,Metric Tonnes,34,,,,,2073.9,down,2410.0,,2200.0,"{'as_on': '#ef4444', 'one_week_ago': '#ef4444', 'last_five_day': '#ef4444', 'one_month_ago': '#ef4444'}",Jalalabad APMC,2041.07,,2058.04,2018.59,17-09-2026,-13.9,-336.1,2026-09-17,,
0.31,17-09-2026,Maize,Uttar Pradesh,Cereals,Sonbhadra,2000.0,Rs./Quintal,Metric Tonnes,34,,,,,2000.0,down,2410.0,,,"{'as_on': '#ef4444', 'one_week_ago': None, 'last_five_day': '#ef4444', 'one_month_ago': '#ef4444'}",Dudhi APMC,,,1240.69,700.0,17-09-2026,-17.0,-410.0,2026-09-17,,
21.9,17-09-2026,Maize,Uttar Pradesh,Cereals,Unnao,2200.0,Rs./Quintal,Metric Tonnes,34,,,,,2200.0,down,2410.0,2230.0,2150.0,"{'as_on': '#ef4444', 'one_week_ago': '#ef4444', 'last_five_day': '#ef4444', 'one_month_ago': None}",Bangarmau APMC,2265.37,2025.0,2113.9,,17-09-2026,-8.7,-210.0,2026-09-17,,
1856.08,17-09-2026,Paddy(Common),Uttar Pradesh,Cereals,Aligarh,3609.49,Rs./Quintal,Metric Tonnes,34,,,,,3609.49,up,2441.0,,,"{'as_on': '#16a34a', 'one_week_ago': '#16a34a', 'last_five_day': '#16a34a', 'one_month_ago': None}",Aligarh APMC,3601.71,,3570.84,,17-09-2026,47.9,1168.49,2026-09-17,,
88.06,17-09-2026,Paddy(Common),Uttar Pradesh,Cereals,Aligarh,3535.46,Rs./Quintal,Metric Tonnes,34,,,,,3535.46,up,2441.0,,,"{'as_on': '#16a34a', 'one_week_ago': None, 'last_five_day': '#16a34a', 'one_month_ago': None}",Atrauli APMC,,,3510.46,,17-09-2026,44.8,1094.46,2026-09-17,,
1469.56,17-09-2026,Paddy(Common),Uttar Pradesh,Cereals,Aligarh,3454.93,Rs./Quintal,Metric Tonnes,34,,,,,3454.93,up,2441.0,,,"{'as_on': '#16a34a', 'one_week_ago': '#16a34a', 'last_five_day': '#16a34a', 'one_month_ago': None}",Charra APMC,3367.55,,3480.34,,17-09-2026,41.5,1013.93,2026-09-17,,
2057.96,17-09-2026,Paddy(Common),Uttar Pradesh,Cereals,Aligarh,3620.9,Rs./Quintal,Metric Tonnes,34,,,,,3620.9,up,2441.0,,,"{'as_on': '#16a34a', 'one_week_ago': '#16a34a', 'last_five_day': '#16a34a', 'one_month_ago': '#16a34a'}",Khair APMC,3513.65,,3588.53,3400.0,17-09-2026,48.3,1179.9,2026-09-17,,
332.98,17-09-2026,Paddy(Common),Uttar Pradesh,Cereals,Amroha,2501.28,Rs./Quintal,Metric Tonnes,34,,,,,2501.28,up,2441.0,,,"{'as_on': '#16a34a', 'one_week_ago': '#ef4444', 'last_five_day': '#ef4444', 'one_month_ago': None}",Hasanpur APMC,2163.93,,2358.04,,17-09-2026,2.5,60.28,2026-09-17,,
25.3,17-09-2026,Paddy(Common),Uttar Pradesh,Cereals,Ayodhya,2000.0,Rs./Quintal,Metric Tonnes,34,,,,,2000.0,down,2441.0,2145.0,2260.0,"{'as_on': '#ef4444', 'one_week_ago': None, 'last_five_day': '#ef4444', 'one_month_ago': None}",Ayodhya APMC,,,2000.0,,17-09-2026,-18.1,-441.0,2026-09-17,,
72.5,17-09-2026,Paddy(Common),Uttar Pradesh,Cereals,Badaun,2852.96,Rs./Quintal,Metric Tonnes,34,,,,,2852.96,up,2441.0,2345.0,,"{'as_on': '#16a34a', 'one_week_ago': None, 'last_five_day': '#16a34a', 'one_month_ago': None}",Babrala APMC,,,2848.78,,17-09-2026,16.9,411.96,2026-09-17,,
38.08,17-09-2026,Paddy(Common),Uttar Pradesh,Cereals,Bahraich,2000.0,Rs./Quintal,Metric Tonnes,34,,,,,2000.0,down,2441.0,2300.0,2200.0,"{'as_on': '#ef4444', 'one_week_ago': '#ef4444', 'last_five_day': '#ef4444', 'one_month_ago': '#ef4444'}",Bahraich APMC,2000.0,,2167.58,1850.0,17-09-2026,-18.1,-441.0,2026-09-17,,
8.8,17-09-2026,Paddy(Common),Uttar Pradesh,Cereals,Bahraich,1800.0,Rs./Quintal,Metric Tonnes,34,,,,,1800.0,down,2441.0,2300.0,2150.0,"{'as_on': '#ef4444', 'one_week_ago': None, 'last_five_day': '#ef4444', 'one_month_ago': None}",Naanpara APMC,,,1800.0,,17-09-2026,-26.3,-641.0,2026-09-17,,
40.18,17-09-2026,Paddy(Common),Uttar Pradesh,Cereals,Bahraich,2000.0,Rs./Quintal,Metric Tonnes,34,,,,,2000.0,down,2441.0,,,"{'as_on': '#ef4444', 'one_week_ago': '#ef4444', 'last_five_day': '#ef4444', 'one_month_ago': None}",Rupaidiha APMC,2300.0,,2000.0,,17-09-2026,-18.1,-441.0,2026-09-17,,
13.47,17-09-2026,Paddy(Common),Uttar Pradesh,Cereals,Balrampur,2032.5,Rs./Quintal,Metric Tonnes,34,,,,,2032.5,down,2441.0,,,"{'as_on': '#ef4444', 'one_week_ago': None, 'last_five_day': '#ef4444', 'one_month_ago': None}",Balrampur APMC,,,2012.41,,17-09-2026,-16.7,-408.5,2026-09-17,,
458.53,17-09-2026,Paddy(Common),Uttar Pradesh,Cereals,Barabanki,2006.54,Rs./Quintal,Metric Tonnes,34,,,,,2006.54,down,2441.0,,,"{'as_on': '#ef4444', 'one_week_ago': None, 'last_five_day': '#ef4444', 'one_month_ago': None}",Barabanki APMC,,,2085.83,,17-09-2026,-17.8,-434.46,2026-09-17,,
58.0,17-09-2026,Paddy(Common),Uttar Pradesh,Cereals,Barabanki,2400.0,Rs./Quintal,Metric Tonnes,34,,,,,2400.0,down,2441.0,2250.0,2180.0,"{'as_on': '#ef4444', 'one_week_ago': None, 'last_five_day': '#ef4444', 'one_month_ago': None}",Safdarganj APMC,,,2375.05,,17-09-2026,-1.7,-41.0,2026-09-17,,
63.2,17-09-2026,Paddy(Common),Uttar Pradesh,Cereals,Basti,2620.25,Rs./Quintal,Metric Tonnes,34,,,,,2620.25,up,2441.0,2300.0,2290.0,"{'as_on': '#16a34a', 'one_week_ago': '#16a34a', 'last_five_day': '#16a34a', 'one_month_ago': '#16a34a'}",Basti APMC,2500.0,1980.0,2554.67,2500.0,17-09-2026,7.3,179.25,2026-09-17,,
1300.31,17-09-2026,Paddy(Common),Uttar Pradesh,Cereals,Bulandshahar,3667.6,Rs./Quintal,Metric Tonnes,34,,,,,3667.6,up,2441.0,,,"{'as_on': '#16a34a', 'one_week_ago': '#16a34a', 'last_five_day': '#16a34a', 'one_month_ago': '#16a34a'}",Buland Shahr APMC,3560.85,,3649.69,3750.65,17-09-2026,50.2,1226.6,2026-09-17,,
1244.5,17-09-2026,Paddy(Common),Uttar Pradesh,Cereals,Bulandshahar,3474.05,Rs./Quintal,Metric Tonnes,34,,,,,3474.05,up,2441.0,,,"{'as_on': '#16a34a', 'one_week_ago': '#16a34a', 'last_five_day': '#16a34a', 'one_month_ago': None}",Divai APMC,3203.26,,3342.43,,17-09-2026,42.3,1033.05,2026-09-17,,
262.8,17-09-2026,Paddy(Common),Uttar Pradesh,Cereals,Bulandshahar,3643.39,Rs./Quintal,Metric Tonnes,34,,,,,3643.39,up,2441.0,,,"{'as_on': '#16a34a', 'one_week_ago': '#16a34a', 'last_five_day': '#16a34a', 'one_month_ago': None}",Gulavati APMC,3328.58,,3604.3,,17-09-2026,49.3,1202.39,2026-09-17,,
1512.25,17-09-2026,Paddy(Common),Uttar Pradesh,Cereals,Bulandshahar,3598.3,Rs./Quintal,Metric Tonnes,34,,,,,3598.3,up,2441.0,,,"{'as_on': '#16a34a', 'one_week_ago': '#16a34a', 'last_five_day': '#16a34a', 'one_month_ago': '#16a34a'}",Jahangirabad APMC,3450.16,,3591.33,3708.57,17-09-2026,47.4,1157.3,2026-09-17,,
198.56,17-09-2026,Paddy(Common),Uttar Pradesh,Cereals,Bulandshahar,3209.62,Rs./Quintal,Metric Tonnes,34,,,,,3209.62,up,2441.0,,,"{'as_on': '#16a34a', 'one_week_ago': '#16a34a', 'last_five_day': '#16a34a', 'one_month_ago': None}",Khurja APMC,3511.55,,3497.03,,17-09-2026,31.5,768.62,2026-09-17,,
139.65,17-09-2026,Paddy(Common),Uttar Pradesh,Cereals,Bulandshahar,3771.88,Rs./Quintal,Metric Tonnes,34,,,,,3771.88,up,2441.0,,,"{'as_on': '#16a34a', 'one_week_ago': '#16a34a', 'last_five_day': '#16a34a', 'one_month_ago': None}",Sikanderabad APMC,3291.0,,3687.92,,17-09-2026,54.5,1330.88,2026-09-17,,
105.06,17-09-2026,Paddy(Common),Uttar Pradesh,Cereals,Bulandshahar,3260.14,Rs./Quintal,Metric Tonnes,34,,,,,3260.14,up,2441.0,,,"{'as_on': '#16a34a', 'one_week_ago': None, 'last_five_day': '#16a34a', 'one_month_ago': '#16a34a'}",Sikarpur APMC,,,3071.77,3514.25,17-09-2026,33.6,819.14,2026-09-17,,
40.55,17-09-2026,Paddy(Common),Uttar Pradesh,Cereals,Bulandshahar,3727.63,Rs./Quintal,Metric Tonnes,34,,,,,3727.63,up,2441.0,,,"{'as_on': '#16a34a', 'one_week_ago': None, 'last_five_day': '#16a34a', 'one_month_ago': None}",Siyana APMC,,,3702.46,,17-09-2026,52.7,1286.63,2026-09-17,,
160.65,17-09-2026,Paddy(Common),Uttar Pradesh,Cereals,Etah,3102.57,Rs./Quintal,Metric Tonnes,34,,,,,3102.57,up,2441.0,,,"{'as_on': '#16a34a', 'one_week_ago': None, 'last_five_day': '#16a34a', 'one_month_ago': None}",Etah APMC,,,3082.4,,17-09-2026,27.1,661.57,2026-09-17,,
0.44,17-09-2026,Paddy(Common),Uttar Pradesh,Cereals,Etawah,3260.0,Rs./Quintal,Metric Tonnes,34,,,,,3260.0,up,2441.0,,,"{'as_on': '#16a34a', 'one_week_ago': None, 'last_five_day': '#16a34a', 'one_month_ago': None}",Bharthna APMC,,,3260.0,,17-09-2026,33.6,819.0,2026-09-17,,
22.9,17-09-2026,Paddy(Common),Uttar Pradesh,Cereals,Farukhabad,2000.0,Rs./Quintal,Metric Tonnes,34,,,,,2000.0,down,2441.0,,,"{'as_on': '#ef4444', 'one_week_ago': None, 'last_five_day': '#ef4444', 'one_month_ago': None}",Kamlaganj APMC,,,2000.0,,17-09-2026,-18.1,-441.0,2026-09-17,,
399.5,17-09-2026,Paddy(Common),Uttar Pradesh,Cereals,Gautam Budh Nagar,3401.75,Rs./Quintal,Metric Tonnes,34,,,,,3401.75,up,2441.0,,,"{'as_on': '#16a34a', 'one_week_ago': '#16a34a', 'last_five_day': '#16a34a', 'one_month_ago': None}",DADRI APMC,3326.08,,3327.97,,17-09-2026,39.4,960.75,2026-09-17,,
71.05,17-09-2026,Paddy(Common),Uttar Pradesh,Cereals,Gautam Budh Nagar,3784.69,Rs./Quintal,Metric Tonnes,34,,,,,3784.69,up,2441.0,,,"{'as_on': '#16a34a', 'one_week_ago': '#16a34a', 'last_five_day': '#16a34a', 'one_month_ago': None}",Dankaur APMC,4014.95,,3687.4,,17-09-2026,55.0,1343.69,2026-09-17,,
202.36,17-09-2026,Paddy(Common),Uttar Pradesh,Cereals,Gautam Budh Nagar,3835.62,Rs./Quintal,Metric Tonnes,34,,,,,3835.62,up,2441.0,,,"{'as_on': '#16a34a', 'one_week_ago': None, 'last_five_day': '#16a34a', 'one_month_ago': None}",Jewar APMC,,,3753.21,,17-09-2026,57.1,1394.62,2026-09-17,,
2317.4,17-09-2026,Paddy(Common),Uttar Pradesh,Cereals,Ghaziabad,3520.64,Rs./Quintal,Metric Tonnes,34,,,,,3520.64,up,2441.0,,,"{'as_on': '#16a34a', 'one_week_ago': '#16a34a', 'last_five_day': '#16a34a', 'one_month_ago': '#16a34a'}",Hapur APMC,3380.4,,3433.08,3704.69,17-09-2026,44.2,1079.64,2026-09-17,,
22.8,17-09-2026,Paddy(Common),Uttar Pradesh,Cereals,Gonda,2700.0,Rs./Quintal,Metric Tonnes,34,,,,,2700.0,up,2441.0,2300.0,2300.0,"{'as_on': '#16a34a', 'one_week_ago': None, 'last_five_day': '#16a34a', 'one_month_ago': '#16a34a'}",Nawabganj APMC,,1980.0,2448.31,2900.0,17-09-2026,10.6,259.0,2026-09-17,,
304.9,17-09-2026,Paddy(Common),Uttar Pradesh,Cereals,Hardoi,2669.81,Rs./Quintal,Metric Tonnes,34,,,,,2669.81,up,2441.0,2300.0,2200.0,"{'as_on': '#16a34a', 'one_week_ago': '#ef4444', 'last_five_day': '#16a34a', 'one_month_ago': '#16a34a'}",Hardoi APMC,1949.69,,2631.66,3087.36,17-09-2026,9.4,228.81,2026-09-17,,
18.5,17-09-2026,Paddy(Common),Uttar Pradesh,Cereals,Hardoi,2000.0,Rs./Quintal,Metric Tonnes,34,,,,,2000.0,down,2441.0,2200.0,2210.0,"{'as_on': '#ef4444', 'one_week_ago': '#ef4444', 'last_five_day': '#ef4444', 'one_month_ago': None}",Madhoganj APMC,2000.0,2040.0,2000.0,,17-09-2026,-18.1,-441.0,2026-09-17,,
20.44,17-09-2026,Paddy(Common),Uttar Pradesh,Cereals,Hardoi,2802.72,Rs./Quintal,Metric Tonnes,34,,,,,2802.72,up,2441.0,,2190.0,"{'as_on': '#16a34a', 'one_week_ago': '#ef4444', 'last_five_day': '#16a34a', 'one_month_ago': None}",Sandila APMC,2408.81,2050.0,2802.72,,17-09-2026,14.8,361.72,2026-09-17,,
3.44,17-09-2026,Paddy(Common),Uttar Pradesh,Cereals,Hathras,3692.28,Rs./Quintal,Metric Tonnes,34,,,,,3692.28,up,2441.0,,,"{'as_on': '#16a34a', 'one_week_ago': None, 'last_five_day': '#16a34a', 'one_month_ago': None}",Haathras APMC,,,3661.17,,17-09-2026,51.3,1251.28,2026-09-17,,
27.46,17-09-2026,Paddy(Common),Uttar Pradesh,Cereals,Hathras,3590.38,Rs./Quintal,Metric Tonnes,34,,,,,3590.38,up,2441.0,,,"{'as_on': '#16a34a', 'one_week_ago': None, 'last_five_day': '#16a34a', 'one_month_ago': None}",Sikandraraau APMC,,,3595.48,,17-09-2026,47.1,1149.38,2026-09-17,,
4.0,17-09-2026,Paddy(Common),Uttar Pradesh,Cereals,Jaunpur,2100.0,Rs./Quintal,Metric Tonnes,34,,,,,2100.0,down,2441.0,,,"{'as_on': '#ef4444', 'one_week_ago': '#16a34a', 'last_five_day': '#16a34a', 'one_month_ago': None}",Jaunpur APMC,2750.0,,2701.29,,17-09-2026,-14.0,-341.0,2026-09-17,,
37.21,17-09-2026,Paddy(Common),Uttar Pradesh,Cereals,Jaunpur,2150.0,Rs./Quintal,Metric Tonnes,34,,,,,2150.0,down,2441.0,,,"{'as_on': '#ef4444', 'one_week_ago': '#ef4444', 'last_five_day': '#ef4444', 'one_month_ago': '#16a34a'}",Mugrabaadshahpur APMC,2308.45,,2249.16,2500.0,17-09-2026,-11.9,-291.0,2026-09-17,,
670.85,17-09-2026,Paddy(Common),Uttar Pradesh,Cereals,Kasganj,3556.55,Rs./Quintal,Metric Tonnes,34,,,,,3556.55,up,2441.0,,,"{'as_on': '#16a34a', 'one_week_ago': '#16a34a', 'last_five_day': '#16a34a', 'one_month_ago': None}",Kasganj APMC,3455.4,,3585.29,,17-09-2026,45.7,1115.55,2026-09-17,,
110.33,17-09-2026,Paddy(Common),Uttar Pradesh,Cereals,Kaushambi,2914.79,Rs./Quintal,Metric Tonnes,34,,,,,2914.79,up,2441.0,,,"{'as_on': '#16a34a', 'one_week_ago': None, 'last_five_day': '#16a34a', 'one_month_ago': None}",Manjhanpur APMC,,,2797.69,,17-09-2026,19.4,473.79,2026-09-17,,
29.95,17-09-2026,Paddy(Common),Uttar Pradesh,Cereals,Khiri (Lakhimpur),1804.0,Rs./Quintal,Metric Tonnes,34,,,,,1804.0,down,2441.0,1890.0,2165.0,"{'as_on': '#ef4444', 'one_week_ago': '#ef4444', 'last_five_day': '#ef4444', 'one_month_ago': None}",Mohammdi APMC,1805.71,,1806.86,,17-09-2026,-26.1,-637.0,2026-09-17,,
33.25,17-09-2026,Paddy(Common),Uttar Pradesh,Cereals,Lakhimpur,1768.41,Rs./Quintal,Metric Tonnes,34,,,,,1768.41,down,2441.0,1930.0,2150.0,"{'as_on': '#ef4444', 'one_week_ago': '#ef4444', 'last_five_day': '#ef4444', 'one_month_ago': '#ef4444'}",Golagokarnath APMC,2217.07,,2419.61,1817.85,17-09-2026,-27.6,-672.59,2026-09-17,,
237.22,17-09-2026,Paddy(Common),Uttar Pradesh,Cereals,Lakhimpur,1867.59,Rs./Quintal,Metric Tonnes,34,,,,,1867.59,down,2441.0,1985.0,2160.0,"{'as_on': '#ef4444', 'one_week_ago': None, 'last_five_day': '#ef4444', 'one_month_ago': '#ef4444'}",Lakhimpur APMC,,,1865.45,1850.0,17-09-2026,-23.5,-573.41,2026-09-17,,
118.31,17-09-2026,Paddy(Common),Uttar Pradesh,Cereals,Maharajganj,2200.0,Rs./Quintal,Metric Tonnes,34,,,,,2200.0,down,2441.0,,,"{'as_on': '#ef4444', 'one_week_ago': None, 'last_five_day': '#ef4444', 'one_month_ago': None}",Nautnava APMC,,,2203.5,,17-09-2026,-9.9,-241.0,2026-09-17,,
138.81,17-09-2026,Paddy(Common),Uttar Pradesh,Cereals,Mainpuri,2455.34,Rs./Quintal,Metric Tonnes,34,,,,,2455.34,up,2441.0,,,"{'as_on': '#16a34a', 'one_week_ago': None, 'last_five_day': '#ef4444', 'one_month_ago': '#16a34a'}",Mainpuri APMC,,,2279.44,4200.0,17-09-2026,0.6,14.34,2026-09-17,,
2674.12,17-09-2026,Paddy(Common),Uttar Pradesh,Cereals,Mathura,3507.45,Rs./Quintal,Metric Tonnes,34,,,,,3507.45,up,2441.0,,,"{'as_on': '#16a34a', 'one_week_ago': '#16a34a', 'last_five_day': '#16a34a', 'one_month_ago': None}",Kosikalan APMC,3442.03,,3478.97,,17-09-2026,43.7,1066.45,2026-09-17,,
660.19,17-09-2026,Paddy(Common),Uttar Pradesh,Cereals,Mathura,3481.29,Rs./Quintal,Metric Tonnes,34,,,,,3481.29,up,2441.0,,,"{'as_on': '#16a34a', 'one_week_ago': '#16a34a', 'last_five_day': '#16a34a', 'one_month_ago': None}",Mathura APMC,3594.38,,3407.27,,17-09-2026,42.6,1040.29,2026-09-17,,
22.76,17-09-2026,Paddy(Common),Uttar Pradesh,Cereals,Meerut,3643.47,Rs./Quintal,Metric Tonnes,34,,,,,3643.47,up,2441.0,,,"{'as_on': '#16a34a', 'one_week_ago': None, 'last_five_day': '#16a34a', 'one_month_ago': None}",Mawana APMC,,,3678.82,,17-09-2026,49.3,1202.47,2026-09-17,,
8.0,17-09-2026,Paddy(Common),Uttar Pradesh,Cereals,Mirzapur,2400.0,Rs./Quintal,Metric Tonnes,34,,,,,2400.0,down,2441.0,,,"{'as_on': '#ef4444', 'one_week_ago': '#16a34a', 'last_five_day': '#ef4444', 'one_month_ago': None}",Ahirora APMC,2500.0,,2400.0,,17-09-2026,-1.7,-41.0,2026-09-17,,
221.79,17-09-2026,Paddy(Common),Uttar Pradesh,Cereals,Pillibhit,1992.86,Rs./Quintal,Metric Tonnes,34,,,,,1992.86,down,2441.0,,,"{'as_on': '#ef4444', 'one_week_ago': '#ef4444', 'last_five_day': '#ef4444', 'one_month_ago': None}",Pilibhit APMC,1800.0,,1875.93,,17-09-2026,-18.4,-448.14,2026-09-17,,
222.02,17-09-2026,Paddy(Common),Uttar Pradesh,Cereals,Pillibhit,2372.72,Rs./Quintal,Metric Tonnes,34,,,,,2372.72,down,2441.0,,,"{'as_on': '#ef4444', 'one_week_ago': '#ef4444', 'last_five_day': '#ef4444', 'one_month_ago': '#16a34a'}",Puranpur APMC,2062.11,,2319.05,2700.39,17-09-2026,-2.8,-68.28,2026-09-17,,
6.2,17-09-2026,Paddy(Common),Uttar Pradesh,Cereals,Pratapgarh,3300.0,Rs./Quintal,Metric Tonnes,34,,,,,3300.0,up,2441.0,,,"{'as_on': '#16a34a', 'one_week_ago': '#ef4444', 'last_five_day': '#ef4444', 'one_month_ago': '#16a34a'}",Pratapgarh APMC,2300.0,,2264.11,2764.92,17-09-2026,35.2,859.0,2026-09-17,,
84.38,17-09-2026,Paddy(Common),Uttar Pradesh,Cereals,Prayagraj,3297.54,Rs./Quintal,Metric Tonnes,34,,,,,3297.54,up,2441.0,,,"{'as_on': '#16a34a', 'one_week_ago': None, 'last_five_day': '#16a34a', 'one_month_ago': None}",Ajuha APMC,,,3297.54,,17-09-2026,35.1,856.54,2026-09-17,,
3.1,17-09-2026,Paddy(Common),Uttar Pradesh,Cereals,Prayagraj,1850.0,Rs./Quintal,Metric Tonnes,34,,,,,1850.0,down,2441.0,,,"{'as_on': '#ef4444', 'one_week_ago': '#ef4444', 'last_five_day': '#ef4444', 'one_month_ago': '#ef4444'}",Prayagraj APMC,1855.24,,2268.86,1902.49,17-09-2026,-24.2,-591.0,2026-09-17,,
6.0,17-09-2026,Paddy(Common),Uttar Pradesh,Cereals,Raebarelli,3200.0,Rs./Quintal,Metric Tonnes,34,,,,,3200.0,up,2441.0,2275.0,2415.0,"{'as_on': '#16a34a', 'one_week_ago': '#16a34a', 'last_five_day': '#16a34a', 'one_month_ago': '#16a34a'}",Bachranwa APMC,3100.0,2230.0,2922.93,3150.0,17-09-2026,31.1,759.0,2026-09-17,,
8.19,17-09-2026,Paddy(Common),Uttar Pradesh,Cereals,Raebarelli,3000.0,Rs./Quintal,Metric Tonnes,34,,,,,3000.0,up,2441.0,2350.0,2415.0,"{'as_on': '#16a34a', 'one_week_ago': None, 'last_five_day': '#16a34a', 'one_month_ago': None}",Lalganj APMC,,2275.0,2978.49,,17-09-2026,22.9,559.0,2026-09-17,,
530.47,17-09-2026,Paddy(Common),Uttar Pradesh,Cereals,Rampur,2509.74,Rs./Quintal,Metric Tonnes,34,,,,,2509.74,up,2441.0,,,"{'as_on': '#16a34a', 'one_week_ago': '#16a34a', 'last_five_day': '#ef4444', 'one_month_ago': '#16a34a'}",Bilaspur APMC,2850.0,,2240.66,2644.92,17-09-2026,2.8,68.74,2026-09-17,,
195.23,17-09-2026,Paddy(Common),Uttar Pradesh,Cereals,Rampur,3328.17,Rs./Quintal,Metric Tonnes,34,,,,,3328.17,up,2441.0,,,"{'as_on': '#16a34a', 'one_week_ago': '#16a34a', 'last_five_day': '#16a34a', 'one_month_ago': None}",Milak APMC,2943.13,,3372.26,,17-09-2026,36.3,887.17,2026-09-17,,
835.74,17-09-2026,Paddy(Common),Uttar Pradesh,Cereals,Saharanpur,3739.03,Rs./Quintal,Metric Tonnes,34,,,,,3739.03,up,2441.0,,,"{'as_on': '#16a34a', 'one_week_ago': '#16a34a', 'last_five_day': '#16a34a', 'one_month_ago': '#16a34a'}",Gangoh APMC,3554.73,,3676.2,3665.29,17-09-2026,53.2,1298.03,2026-09-17,,
983.91,17-09-2026,Paddy(Common),Uttar Pradesh,Cereals,Sambhal,2649.34,Rs./Quintal,Metric Tonnes,34,,,,,2649.34,up,2441.0,,,"{'as_on': '#16a34a', 'one_week_ago': '#16a34a', 'last_five_day': '#16a34a', 'one_month_ago': None}",Bhehjoi APMC,2659.76,,2738.15,,17-09-2026,8.5,208.34,2026-09-17,,
603.6,17-09-2026,Paddy(Common),Uttar Pradesh,Cereals,Sambhal,2705.45,Rs./Quintal,Metric Tonnes,34,,,,,2705.45,up,2441.0,,,"{'as_on': '#16a34a', 'one_week_ago': None, 'last_five_day': '#16a34a', 'one_month_ago': None}",Chandausi APMC,,,2666.72,,17-09-2026,10.8,264.45,2026-09-17,,
1720.45,17-09-2026,Paddy(Common),Uttar Pradesh,Cereals,Sambhal,2883.29,Rs./Quintal,Metric Tonnes,34,,,,,2883.29,up,2441.0,,,"{'as_on': '#16a34a', 'one_week_ago': '#16a34a', 'last_five_day': '#16a34a', 'one_month_ago': None}",Sambhal APMC,2851.36,,2883.53,,17-09-2026,18.1,442.29,2026-09-17,,
230.6,17-09-2026,Paddy(Common),Uttar Pradesh,Cereals,Shahjahanpur,3400.0,Rs./Quintal,Metric Tonnes,34,,,,,3400.0,up,2441.0,,,"{'as_on': '#16a34a', 'one_week_ago': None, 'last_five_day': '#16a34a', 'one_month_ago': None}",Jalalabad APMC,,,2717.63,,17-09-2026,39.3,959.0,2026-09-17,,
1271.12,17-09-2026,Paddy(Common),Uttar Pradesh,Cereals,Shahjahanpur,1924.72,Rs./Quintal,Metric Tonnes,34,,,,,1924.72,down,2441.0,,,"{'as_on': '#ef4444', 'one_week_ago': '#ef4444', 'last_five_day': '#ef4444', 'one_month_ago': '#ef4444'}",Powayan APMC,2154.47,,1936.53,1873.44,17-09-2026,-21.2,-516.28,2026-09-17,,
877.25,17-09-2026,Paddy(Common),Uttar Pradesh,Cereals,Shahjahanpur,2011.16,Rs./Quintal,Metric Tonnes,34,,,,,2011.16,down,2441.0,,,"{'as_on': '#ef4444', 'one_week_ago': '#ef4444', 'last_five_day': '#ef4444', 'one_month_ago': '#16a34a'}",Shahjahanpur APMC,1884.8,,1922.14,2450.0,17-09-2026,-17.6,-429.84,2026-09-17,,
4.6,17-09-2026,Paddy(Common),Uttar Pradesh,Cereals,Shahjahanpur,1880.0,Rs./Quintal,Metric Tonnes,34,,,,,1880.0,down,2441.0,1775.0,,"{'as_on': '#ef4444', 'one_week_ago': None, 'last_five_day': '#ef4444', 'one_month_ago': None}",Tilhar APMC,,,1709.99,,17-09-2026,-23.0,-561.0,2026-09-17,,
12.0,17-09-2026,Paddy(Common),Uttar Pradesh,Cereals,Sitapur,2308.33,Rs./Quintal,Metric Tonnes,34,,,,,2308.33,down,2441.0,,,"{'as_on': '#ef4444', 'one_week_ago': '#ef4444', 'last_five_day': '#ef4444', 'one_month_ago': None}",Mehmoodabad APMC,2053.64,,2315.75,,17-09-2026,-5.4,-132.67,2026-09-17,,
274.72,17-09-2026,Paddy(Common),Uttar Pradesh,Cereals,Sitapur,1928.62,Rs./Quintal,Metric Tonnes,34,,,,,1928.62,down,2441.0,2060.0,2135.0,"{'as_on': '#ef4444', 'one_week_ago': '#ef4444', 'last_five_day': '#ef4444', 'one_month_ago': '#ef4444'}",Sitapur APMC,2049.25,,1919.22,2058.01,17-09-2026,-21.0,-512.38,2026-09-17,,
12.0,17-09-2026,Paddy(Common),Uttar Pradesh,Cereals,Sonbhadra,2000.0,Rs./Quintal,Metric Tonnes,34,,,,,2000.0,down,2441.0,,,"{'as_on': '#ef4444', 'one_week_ago': '#ef4444', 'last_five_day': '#ef4444', 'one_month_ago': '#ef4444'}",Dudhi APMC,1800.0,,1941.18,2000.0,17-09-2026,-18.1,-441.0,2026-09-17,,
23.66,17-09-2026,Paddy(Common),Uttar Pradesh,Cereals,Unnao,1800.0,Rs./Quintal,Metric Tonnes,34,,,,,1800.0,down,2441.0,,2200.0,"{'as_on': '#ef4444', 'one_week_ago': '#16a34a', 'last_five_day': '#16a34a', 'one_month_ago': '#ef4444'}",Bangarmau APMC,2800.0,,2670.29,1800.0,17-09-2026,-26.3,-641.0,2026-09-17,,
102.0,17-09-2026,Paddy(Common),Uttar Pradesh,Cereals,Unnao,2600.0,Rs./Quintal,Metric Tonnes,34,,,,,2600.0,up,2441.0,,2200.0,"{'as_on': '#16a34a', 'one_week_ago': '#16a34a', 'last_five_day': '#16a34a', 'one_month_ago': '#16a34a'}",Unnao APMC,2600.0,,2600.0,2600.0,17-09-2026,6.5,159.0,2026-09-17,,
3.4,17-09-2026,Wheat,Uttar Pradesh,Cereals,Agra,2708.82,Rs./Quintal,Metric Tonnes,34,,,,,2708.82,up,2585.0,2600.0,,"{'as_on': '#16a34a', 'one_week_ago': '#ef4444', 'last_five_day': '#16a34a', 'one_month_ago': '#16a34a'}",Fatehpur Sikri APMC,2550.0,,2604.59,2606.07,17-09-2026,4.8,123.82,2026-09-17,,
86.2,17-09-2026,Wheat,Uttar Pradesh,Cereals,Agra,2502.58,Rs./Quintal,Metric Tonnes,34,,,,,2502.58,down,2585.0,,2450.0,"{'as_on': '#ef4444', 'one_week_ago': '#ef4444', 'last_five_day': '#ef4444', 'one_month_ago': None}",Jagnair APMC,2497.94,,2502.1,,17-09-2026,-3.2,-82.42,2026-09-17,,
7.73,17-09-2026,Wheat,Uttar Pradesh,Cereals,Agra,2523.66,Rs./Quintal,Metric Tonnes,34,,,,,2523.66,down,2585.0,,,"{'as_on': '#ef4444', 'one_week_ago': '#ef4444', 'last_five_day': '#ef4444', 'one_month_ago': '#ef4444'}",Jarar APMC,2520.0,,2545.09,2500.0,17-09-2026,-2.4,-61.34,2026-09-17,,
18.2,17-09-2026,Wheat,Uttar Pradesh,Cereals,Agra,2550.0,Rs./Quintal,Metric Tonnes,34,,,,,2550.0,down,2585.0,2560.0,,"{'as_on': '#ef4444', 'one_week_ago': '#ef4444', 'last_five_day': '#ef4444', 'one_month_ago': '#ef4444'}",Khairagarh APMC,2550.0,,2560.1,2495.59,17-09-2026,-1.4,-35.0,2026-09-17,,
146.18,17-09-2026,Wheat,Uttar Pradesh,Cereals,Aligarh,2537.25,Rs./Quintal,Metric Tonnes,34,,,,,2537.25,down,2585.0,2560.0,2610.0,"{'as_on': '#ef4444', 'one_week_ago': '#16a34a', 'last_five_day': '#ef4444', 'one_month_ago': '#ef4444'}",Aligarh APMC,2609.45,,2579.5,2525.85,17-09-2026,-1.8,-47.75,2026-09-17,,
30.0,17-09-2026,Wheat,Uttar Pradesh,Cereals,Aligarh,2500.0,Rs./Quintal,Metric Tonnes,34,,,,,2500.0,down,2585.0,2540.0,2400.0,"{'as_on': '#ef4444', 'one_week_ago': '#ef4444', 'last_five_day': '#ef4444', 'one_month_ago': '#ef4444'}",Charra APMC,2500.0,,2530.26,2500.0,17-09-2026,-3.3,-85.0,2026-09-17,,
257.95,17-09-2026,Wheat,Uttar Pradesh,Cereals,Ambedkarnagar,2474.19,Rs./Quintal,Metric Tonnes,34,,,,,2474.19,down,2585.0,2570.0,2500.0,"{'as_on': '#ef4444', 'one_week_ago': '#ef4444', 'last_five_day': '#ef4444', 'one_month_ago': '#ef4444'}",Akbarpur APMC,2472.37,,2467.09,2494.68,17-09-2026,-4.3,-110.81,2026-09-17,,
25.8,17-09-2026,Wheat,Uttar Pradesh,Cereals,Ambedkarnagar,2450.0,Rs./Quintal,Metric Tonnes,34,,,,,2450.0,down,2585.0,,,"{'as_on': '#ef4444', 'one_week_ago': '#ef4444', 'last_five_day': '#ef4444', 'one_month_ago': '#ef4444'}",Tanda Akbarpur APMC,2450.0,,2469.86,2450.0,17-09-2026,-5.2,-135.0,2026-09-17,,
115.42,17-09-2026,Wheat,Uttar Pradesh,Cereals,Amethi,2370.26,Rs./Quintal,Metric Tonnes,34,,,,,2370.26,down,2585.0,2580.0,2540.0,"{'as_on': '#ef4444', 'one_week_ago': '#ef4444', 'last_five_day': '#ef4444', 'one_month_ago': '#ef4444'}",Jafarganj APMC,2508.48,2300.0,2403.43,2553.4,17-09-2026,-8.3,-214.74,2026-09-17,,
127.91,17-09-2026,Wheat,Uttar Pradesh,Cereals,Amethi,2476.81,Rs./Quintal,Metric Tonnes,34,,,,,2476.81,down,2585.0,,2530.0,"{'as_on': '#ef4444', 'one_week_ago': '#ef4444', 'last_five_day': '#ef4444', 'one_month_ago': '#ef4444'}",Sultanpur APMC,2450.69,2300.0,2472.29,2450.0,17-09-2026,-4.2,-108.19,2026-09-17,,
4.0,17-09-2026,Wheat,Uttar Pradesh,Cereals,Amroha,2600.0,Rs./Quintal,Metric Tonnes,34,,,,,2600.0,up,2585.0,2500.0,2290.0,"{'as_on': '#16a34a', 'one_week_ago': '#16a34a', 'last_five_day': '#16a34a', 'one_month_ago': '#ef4444'}",Dhanaura APMC,2605.0,,2600.76,2513.88,17-09-2026,0.6,15.0,2026-09-17,,
453.9,17-09-2026,Wheat,Uttar Pradesh,Cereals,Amroha,2590.0,Rs./Quintal,Metric Tonnes,34,,,,,2590.0,up,2585.0,,,"{'as_on': '#16a34a', 'one_week_ago': '#16a34a', 'last_five_day': '#16a34a', 'one_month_ago': '#16a34a'}",Hasanpur APMC,2590.0,,2593.24,2590.0,17-09-2026,0.2,5.0,2026-09-17,,
137.76,17-09-2026,Wheat,Uttar Pradesh,Cereals,Auraiya,2400.0,Rs./Quintal,Metric Tonnes,34,,,,,2400.0,down,2585.0,2580.0,2580.0,"{'as_on': '#ef4444', 'one_week_ago': '#ef4444', 'last_five_day': '#ef4444', 'one_month_ago': '#ef4444'}",Achalda APMC,2400.0,,2415.11,2400.0,17-09-2026,-7.2,-185.0,2026-09-17,,
237.19,17-09-2026,Wheat,Uttar Pradesh,Cereals,Auraiya,2620.0,Rs./Quintal,Metric Tonnes,34,,,,,2620.0,up,2585.0,2570.0,2560.0,"{'as_on': '#16a34a', 'one_week_ago': '#16a34a', 'last_five_day': '#16a34a', 'one_month_ago': '#ef4444'}",Auraiya APMC,2620.38,,2620.09,2541.25,17-09-2026,1.4,35.0,2026-09-17,,
211.1,17-09-2026,Wheat,Uttar Pradesh,Cereals,Auraiya,2565.07,Rs./Quintal,Metric Tonnes,34,,,,,2565.07,down,2585.0,,,"{'as_on': '#ef4444', 'one_week_ago': '#ef4444', 'last_five_day': '#ef4444', 'one_month_ago': '#ef4444'}",Dibiapur APMC,2553.14,2268.0,2567.99,2414.22,17-09-2026,-0.8,-19.93,2026-09-17,,
4.2,17-09-2026,Wheat,Uttar Pradesh,Cereals,Ayodhya,2500.0,Rs./Quintal,Metric Tonnes,34,,,,,2500.0,down,2585.0,2615.0,2520.0,"{'as_on': '#ef4444', 'one_week_ago': '#ef4444', 'last_five_day': '#ef4444', 'one_month_ago': '#ef4444'}",Ayodhya APMC,2535.69,,2517.05,2462.39,17-09-2026,-3.3,-85.0,2026-09-17,,
199.55,17-09-2026,Wheat,Uttar Pradesh,Cereals,Ayodhya,2498.35,Rs./Quintal,Metric Tonnes,34,,,,,2498.35,down,2585.0,,,"{'as_on': '#ef4444', 'one_week_ago': '#ef4444', 'last_five_day': '#ef4444', 'one_month_ago': '#16a34a'}",Rudauli APMC,2559.0,,2537.25,2680.0,17-09-2026,-3.4,-86.65,2026-09-17,,
63.8,17-09-2026,Wheat,Uttar Pradesh,Cereals,Azamgarh,2593.7,Rs./Quintal,Metric Tonnes,34,,,,,2593.7,up,2585.0,,,"{'as_on': '#16a34a', 'one_week_ago': '#16a34a', 'last_five_day': '#16a34a', 'one_month_ago': '#16a34a'}",Azamgarh APMC,2599.45,,2594.07,2595.46,17-09-2026,0.3,8.7,2026-09-17,,
99.3,17-09-2026,Wheat,Uttar Pradesh,Cereals,Badaun,2528.2,Rs./Quintal,Metric Tonnes,34,,,,,2528.2,down,2585.0,2540.0,2440.0,"{'as_on': '#ef4444', 'one_week_ago': '#ef4444', 'last_five_day': '#ef4444', 'one_month_ago': '#ef4444'}",Babrala APMC,2500.0,2230.0,2538.49,2583.89,17-09-2026,-2.2,-56.8,2026-09-17,,
191.25,17-09-2026,Wheat,Uttar Pradesh,Cereals,Badaun,2512.88,Rs./Quintal,Metric Tonnes,34,,,,,2512.88,down,2585.0,2550.0,2550.0,"{'as_on': '#ef4444', 'one_week_ago': '#ef4444', 'last_five_day': '#ef4444', 'one_month_ago': '#ef4444'}",Badayoun APMC,2525.57,,2535.45,2500.0,17-09-2026,-2.8,-72.12,2026-09-17,,
5.5,17-09-2026,Wheat,Uttar Pradesh,Cereals,Badaun,2550.0,Rs./Quintal,Metric Tonnes,34,,,,,2550.0,down,2585.0,2480.0,2480.0,"{'as_on': '#ef4444', 'one_week_ago': '#ef4444', 'last_five_day': '#ef4444', 'one_month_ago': '#ef4444'}",Dataganj APMC,2505.84,2280.0,2547.08,2530.56,17-09-2026,-1.4,-35.0,2026-09-17,,
33.74,17-09-2026,Wheat,Uttar Pradesh,Cereals,Badaun,2600.0,Rs./Quintal,Metric Tonnes,34,,,,,2600.0,up,2585.0,,,"{'as_on': '#16a34a', 'one_week_ago': None, 'last_five_day': '#16a34a', 'one_month_ago': None}",Islam Nagar APMC,,,2600.0,,17-09-2026,0.6,15.0,2026-09-17,,
32.32,17-09-2026,Wheat,Uttar Pradesh,Cereals,Badaun,2500.0,Rs./Quintal,Metric Tonnes,34,,,,,2500.0,down,2585.0,,,"{'as_on': '#ef4444', 'one_week_ago': '#ef4444', 'last_five_day': '#ef4444', 'one_month_ago': '#16a34a'}",Ujhani APMC,2543.14,2365.0,2566.4,2602.39,17-09-2026,-3.3,-85.0,2026-09-17,,
1.54,17-09-2026,Wheat,Uttar Pradesh,Cereals,Baghpat,2677.27,Rs./Quintal,Metric Tonnes,34,,,,,2677.27,up,2585.0,,,"{'as_on': '#16a34a', 'one_week_ago': '#16a34a', 'last_five_day': '#16a34a', 'one_month_ago': '#16a34a'}",Khekda APMC,2695.72,,2690.81,2605.07,17-09-2026,3.6,92.27,2026-09-17,,
485.5,17-09-2026,Wheat,Uttar Pradesh,Cereals,Bahraich,2511.63,Rs./Quintal,Metric Tonnes,34,,,,,2511.63,down,2585.0,2600.0,2600.0,"{'as_on': '#ef4444', 'one_week_ago': '#ef4444', 'last_five_day': '#ef4444', 'one_month_ago': '#ef4444'}",Bahraich APMC,2528.22,,2504.67,2500.0,17-09-2026,-2.8,-73.37,2026-09-17,,
70.7,17-09-2026,Wheat,Uttar Pradesh,Cereals,Bahraich,2429.28,Rs./Quintal,Metric Tonnes,34,,,,,2429.28,down,2585.0,2400.0,2600.0,"{'as_on': '#ef4444', 'one_week_ago': '#ef4444', 'last_five_day': '#ef4444', 'one_month_ago': None}",Naanpara APMC,2450.05,,2474.7,,17-09-2026,-6.0,-155.72,2026-09-17,,
126.12,17-09-2026,Wheat,Uttar Pradesh,Cereals,Balrampur,2553.66,Rs./Quintal,Metric Tonnes,34,,,,,2553.66,down,2585.0,2500.0,,"{'as_on': '#ef4444', 'one_week_ago': '#16a34a', 'last_five_day': '#ef4444', 'one_month_ago': '#ef4444'}",Balrampur APMC,2740.34,,2580.82,2300.0,17-09-2026,-1.2,-31.34,2026-09-17,,
188.8,17-09-2026,Wheat,Uttar Pradesh,Cereals,Balrampur,2380.0,Rs./Quintal,Metric Tonnes,34,,,,,2380.0,down,2585.0,2500.0,2600.0,"{'as_on': '#ef4444', 'one_week_ago': '#ef4444', 'last_five_day': '#ef4444', 'one_month_ago': None}",Panchpedwa APMC,2380.0,,2380.0,,17-09-2026,-7.9,-205.0,2026-09-17,,
119.7,17-09-2026,Wheat,Uttar Pradesh,Cereals,Balrampur,2500.0,Rs./Quintal,Metric Tonnes,34,,,,,2500.0,down,2585.0,2520.0,2430.0,"{'as_on': '#ef4444', 'one_week_ago': '#ef4444', 'last_five_day': '#ef4444', 'one_month_ago': None}",Tulsipur APMC,2500.0,2350.0,2536.03,,17-09-2026,-3.3,-85.0,2026-09-17,,
112.0,17-09-2026,Wheat,Uttar Pradesh,Cereals,Balrampur,2405.0,Rs./Quintal,Metric Tonnes,34,,,,,2405.0,down,2585.0,,,"{'as_on': '#ef4444', 'one_week_ago': '#ef4444', 'last_five_day': '#ef4444', 'one_month_ago': '#ef4444'}",Utraula APMC,2461.73,,2458.68,2460.0,17-09-2026,-7.0,-180.0,2026-09-17,,
226.0,17-09-2026,Wheat,Uttar Pradesh,Cereals,Banda,2494.25,Rs./Quintal,Metric Tonnes,34,,,,,2494.25,down,2585.0,,2450.0,"{'as_on': '#ef4444', 'one_week_ago': '#ef4444', 'last_five_day': '#ef4444', 'one_month_ago': '#ef4444'}",Atarra APMC,2553.65,2250.0,2498.49,2450.0,17-09-2026,-3.5,-90.75,2026-09-17,,
36.0,17-09-2026,Wheat,Uttar Pradesh,Cereals,Banda,2600.0,Rs./Quintal,Metric Tonnes,34,,,,,2600.0,up,2585.0,,,"{'as_on': '#16a34a', 'one_week_ago': '#16a34a', 'last_five_day': '#16a34a', 'one_month_ago': None}",Baberu APMC,2600.0,,2600.0,,17-09-2026,0.6,15.0,2026-09-17,,
35.04,17-09-2026,Wheat,Uttar Pradesh,Cereals,Banda,2580.0,Rs./Quintal,Metric Tonnes,34,,,,,2580.0,down,2585.0,2550.0,,"{'as_on': '#ef4444', 'one_week_ago': None, 'last_five_day': '#ef4444', 'one_month_ago': None}",Banda APMC,,,2528.99,,17-09-2026,-0.2,-5.0,2026-09-17,,
173.45,17-09-2026,Wheat,Uttar Pradesh,Cereals,Barabanki,2513.72,Rs./Quintal,Metric Tonnes,34,,,,,2513.72,down,2585.0,,2650.0,"{'as_on': '#ef4444', 'one_week_ago': '#ef4444', 'last_five_day': '#ef4444', 'one_month_ago': '#ef4444'}",Barabanki APMC,2509.44,,2509.15,2513.13,17-09-2026,-2.8,-71.28,2026-09-17,,
204.3,17-09-2026,Wheat,Uttar Pradesh,Cereals,Barabanki,2477.53,Rs./Quintal,Metric Tonnes,34,,,,,2477.53,down,2585.0,2550.0,2640.0,"{'as_on': '#ef4444', 'one_week_ago': '#ef4444', 'last_five_day': '#ef4444', 'one_month_ago': '#ef4444'}",Safdarganj APMC,2468.05,2350.0,2474.5,2473.5,17-09-2026,-4.2,-107.47,2026-09-17,,
57.68,17-09-2026,Wheat,Uttar Pradesh,Cereals,Bareilly,2541.55,Rs./Quintal,Metric Tonnes,34,,,,,2541.55,down,2585.0,,,"{'as_on': '#ef4444', 'one_week_ago': '#16a34a', 'last_five_day': '#ef4444', 'one_month_ago': '#ef4444'}",Anwala APMC,2601.72,,2506.97,2532.56,17-09-2026,-1.7,-43.45,2026-09-17,,
5.98,17-09-2026,Wheat,Uttar Pradesh,Cereals,Bareilly,2585.0,Rs./Quintal,Metric Tonnes,34,,,,,2585.0,,2585.0,,,"{'as_on': '#16a34a', 'one_week_ago': None, 'last_five_day': '#16a34a', 'one_month_ago': '#16a34a'}",Baheri APMC,,,2585.0,2585.0,17-09-2026,0.0,0.0,2026-09-17,,
133.27,17-09-2026,Wheat,Uttar Pradesh,Cereals,Bareilly,2734.67,Rs./Quintal,Metric Tonnes,34,,,,,2734.67,up,2585.0,2550.0,2424.0,"{'as_on': '#16a34a', 'one_week_ago': '#16a34a', 'last_five_day': '#16a34a', 'one_month_ago': '#ef4444'}",Bareilly APMC,2600.79,,2634.42,2491.71,17-09-2026,5.8,149.67,2026-09-17,,
196.98,17-09-2026,Wheat,Uttar Pradesh,Cereals,Basti,2459.54,Rs./Quintal,Metric Tonnes,34,,,,,2459.54,down,2585.0,2540.0,2520.0,"{'as_on': '#ef4444', 'one_week_ago': '#ef4444', 'last_five_day': '#ef4444', 'one_month_ago': '#ef4444'}",Basti APMC,2468.16,2315.0,2484.98,2485.54,17-09-2026,-4.9,-125.46,2026-09-17,,
4.0,17-09-2026,Wheat,Uttar Pradesh,Cereals,Bijnor,2630.0,Rs./Quintal,Metric Tonnes,34,,,,,2630.0,up,2585.0,2560.0,2550.0,"{'as_on': '#16a34a', 'one_week_ago': '#16a34a', 'last_five_day': '#16a34a', 'one_month_ago': '#16a34a'}",Bijnaur APMC,2590.0,,2621.89,2595.85,17-09-2026,1.7,45.0,2026-09-17,,
6.77,17-09-2026,Wheat,Uttar Pradesh,Cereals,Bijnor,2610.0,Rs./Quintal,Metric Tonnes,34,,,,,2610.0,up,2585.0,,,"{'as_on': '#16a34a', 'one_week_ago': None, 'last_five_day': '#16a34a', 'one_month_ago': None}",Nagina APMC,,,2610.0,,17-09-2026,1.0,25.0,2026-09-17,,
5.76,17-09-2026,Wheat,Uttar Pradesh,Cereals,Bulandshahar,2430.0,Rs./Quintal,Metric Tonnes,34,,,,,2430.0,down,2585.0,2540.0,2540.0,"{'as_on': '#ef4444', 'one_week_ago': '#ef4444', 'last_five_day': '#ef4444', 'one_month_ago': None}",Anoop Shahar APMC,2500.0,,2557.14,,17-09-2026,-6.0,-155.0,2026-09-17,,
8.5,17-09-2026,Wheat,Uttar Pradesh,Cereals,Bulandshahar,2600.0,Rs./Quintal,Metric Tonnes,34,,,,,2600.0,up,2585.0,2600.0,2605.0,"{'as_on': '#16a34a', 'one_week_ago': '#16a34a', 'last_five_day': '#16a34a', 'one_month_ago': '#ef4444'}",Buland Shahr APMC,2659.32,,2623.61,2566.76,17-09-2026,0.6,15.0,2026-09-17,,
26.5,17-09-2026,Wheat,Uttar Pradesh,Cereals,Bulandshahar,2850.0,Rs./Quintal,Metric Tonnes,34,,,,,2850.0,up,2585.0,,,"{'as_on': '#16a34a', 'one_week_ago': None, 'last_five_day': '#16a34a', 'one_month_ago': '#16a34a'}",Gulavati APMC,,,2848.15,2700.0,17-09-2026,10.3,265.0,2026-09-17,,
23.06,17-09-2026,Wheat,Uttar Pradesh,Cereals,Bulandshahar,2717.12,Rs./Quintal,Metric Tonnes,34,,,,,2717.12,up,2585.0,2560.0,2600.0,"{'as_on': '#16a34a', 'one_week_ago': '#16a34a', 'last_five_day': '#16a34a', 'one_month_ago': '#ef4444'}",Jahangirabad APMC,2688.3,2300.0,2690.31,2466.33,17-09-2026,5.1,132.12,2026-09-17,,
17.5,17-09-2026,Wheat,Uttar Pradesh,Cereals,Bulandshahar,2600.0,Rs./Quintal,Metric Tonnes,34,,,,,2600.0,up,2585.0,2585.0,,"{'as_on': '#16a34a', 'one_week_ago': '#16a34a', 'last_five_day': '#16a34a', 'one_month_ago': '#ef4444'}",Khurja APMC,2600.0,,2600.16,2453.04,17-09-2026,0.6,15.0,2026-09-17,,
7.9,17-09-2026,Wheat,Uttar Pradesh,Cereals,Bulandshahar,2700.0,Rs./Quintal,Metric Tonnes,34,,,,,2700.0,up,2585.0,,,"{'as_on': '#16a34a', 'one_week_ago': '#16a34a', 'last_five_day': '#16a34a', 'one_month_ago': '#ef4444'}",Sikanderabad APMC,2645.95,,2708.98,2578.67,17-09-2026,4.4,115.0,2026-09-17,,
1.0,17-09-2026,Wheat,Uttar Pradesh,Cereals,Bulandshahar,2680.0,Rs./Quintal,Metric Tonnes,34,,,,,2680.0,up,2585.0,,2495.0,"{'as_on': '#16a34a', 'one_week_ago': '#ef4444', 'last_five_day': '#16a34a', 'one_month_ago': '#ef4444'}",Siyana APMC,2550.0,2300.0,2637.19,2550.0,17-09-2026,3.7,95.0,2026-09-17,,
185.53,17-09-2026,Wheat,Uttar Pradesh,Cereals,Chitrakut,2510.72,Rs./Quintal,Metric Tonnes,34,,,,,2510.72,down,2585.0,2500.0,2525.0,"{'as_on': '#ef4444', 'one_week_ago': '#ef4444', 'last_five_day': '#ef4444', 'one_month_ago': '#ef4444'}",Karvi APMC,2528.92,2300.0,2495.22,2480.0,17-09-2026,-2.9,-74.28,2026-09-17,,
107.08,17-09-2026,Wheat,Uttar Pradesh,Cereals,Chitrakut,2568.18,Rs./Quintal,Metric Tonnes,34,,,,,2568.18,down,2585.0,,,"{'as_on': '#ef4444', 'one_week_ago': '#ef4444', 'last_five_day': '#ef4444', 'one_month_ago': '#ef4444'}",Mau(Chitrakut) APMC,2382.44,,2499.28,2460.93,17-09-2026,-0.7,-16.82,2026-09-17,,
32.79,17-09-2026,Wheat,Uttar Pradesh,Cereals,Deoria,2749.82,Rs./Quintal,Metric Tonnes,34,,,,,2749.82,up,2585.0,,2525.0,"{'as_on': '#16a34a', 'one_week_ago': '#16a34a', 'last_five_day': '#16a34a', 'one_month_ago': '#ef4444'}",Devariya APMC,2598.8,,2699.27,2584.46,17-09-2026,6.4,164.82,2026-09-17,,
103.76,17-09-2026,Wheat,Uttar Pradesh,Cereals,Etah,2542.02,Rs./Quintal,Metric Tonnes,34,,,,,2542.02,down,2585.0,2455.0,2455.0,"{'as_on': '#ef4444', 'one_week_ago': '#ef4444', 'last_five_day': '#ef4444', 'one_month_ago': '#ef4444'}",Aliganj APMC,2506.67,2160.0,2525.24,2500.0,17-09-2026,-1.7,-42.98,2026-09-17,,
196.58,17-09-2026,Wheat,Uttar Pradesh,Cereals,Etah,2532.56,Rs./Quintal,Metric Tonnes,34,,,,,2532.56,down,2585.0,2565.0,,"{'as_on': '#ef4444', 'one_week_ago': '#16a34a', 'last_five_day': '#ef4444', 'one_month_ago': '#ef4444'}",Etah APMC,2614.62,2220.0,2509.14,2500.0,17-09-2026,-2.0,-52.44,2026-09-17,,
119.3,17-09-2026,Wheat,Uttar Pradesh,Cereals,Etawah,2550.54,Rs./Quintal,Metric Tonnes,34,,,,,2550.54,down,2585.0,2500.0,2560.0,"{'as_on': '#ef4444', 'one_week_ago': '#ef4444', 'last_five_day': '#ef4444', 'one_month_ago': '#ef4444'}",Bharthna APMC,2551.38,,2555.75,2450.11,17-09-2026,-1.3,-34.46,2026-09-17,,
55.27,17-09-2026,Wheat,Uttar Pradesh,Cereals,Etawah,2489.03,Rs./Quintal,Metric Tonnes,34,,,,,2489.03,down,2585.0,2500.0,2590.0,"{'as_on': '#ef4444', 'one_week_ago': None, 'last_five_day': '#ef4444', 'one_month_ago': None}",Etawah APMC,,,2491.9,,17-09-2026,-3.7,-95.97,2026-09-17,,
29.59,17-09-2026,Wheat,Uttar Pradesh,Cereals,Farukhabad,2600.0,Rs./Quintal,Metric Tonnes,34,,,,,2600.0,up,2585.0,,2560.0,"{'as_on': '#16a34a', 'one_week_ago': '#ef4444', 'last_five_day': '#16a34a', 'one_month_ago': None}",Kayamganj APMC,2393.71,,2600.0,,17-09-2026,0.6,15.0,2026-09-17,,
431.97,17-09-2026,Wheat,Uttar Pradesh,Cereals,Fatehpur,2571.95,Rs./Quintal,Metric Tonnes,34,,,,,2571.95,down,2585.0,2575.0,2580.0,"{'as_on': '#ef4444', 'one_week_ago': '#ef4444', 'last_five_day': '#ef4444', 'one_month_ago': '#ef4444'}",Bindki APMC,2496.93,2360.0,2570.58,2487.04,17-09-2026,-0.5,-13.05,2026-09-17,,
123.8,17-09-2026,Wheat,Uttar Pradesh,Cereals,Fatehpur,2528.17,Rs./Quintal,Metric Tonnes,34,,,,,2528.17,down,2585.0,2540.0,2560.0,"{'as_on': '#ef4444', 'one_week_ago': '#ef4444', 'last_five_day': '#ef4444', 'one_month_ago': '#ef4444'}",Fatehpur APMC,2524.66,2330.0,2528.58,2472.03,17-09-2026,-2.2,-56.83,2026-09-17,,
71.0,17-09-2026,Wheat,Uttar Pradesh,Cereals,Fatehpur,2515.99,Rs./Quintal,Metric Tonnes,34,,,,,2515.99,down,2585.0,2510.0,2301.0,"{'as_on': '#ef4444', 'one_week_ago': '#ef4444', 'last_five_day': '#ef4444', 'one_month_ago': '#ef4444'}",Jahanabad APMC,2503.94,,2501.94,2499.13,17-09-2026,-2.7,-69.01,2026-09-17,,
80.3,17-09-2026,Wheat,Uttar Pradesh,Cereals,Fatehpur,2508.27,Rs./Quintal,Metric Tonnes,34,,,,,2508.27,down,2585.0,2590.0,2575.0,"{'as_on': '#ef4444', 'one_week_ago': '#ef4444', 'last_five_day': '#ef4444', 'one_month_ago': None}",Khaga APMC,2450.0,2320.0,2493.75,,17-09-2026,-3.0,-76.73,2026-09-17,,
4.3,17-09-2026,Wheat,Uttar Pradesh,Cereals,Firozabad,2711.86,Rs./Quintal,Metric Tonnes,34,,,,,2711.86,up,2585.0,2610.0,,"{'as_on': '#16a34a', 'one_week_ago': '#16a34a', 'last_five_day': '#16a34a', 'one_month_ago': '#16a34a'}",Firozabad APMC,2720.0,2375.0,2722.9,2630.0,17-09-2026,4.9,126.86,2026-09-17,,
7.73,17-09-2026,Wheat,Uttar Pradesh,Cereals,Firozabad,2687.08,Rs./Quintal,Metric Tonnes,34,,,,,2687.08,up,2585.0,2565.0,2640.0,"{'as_on': '#16a34a', 'one_week_ago': '#16a34a', 'last_five_day': '#16a34a', 'one_month_ago': '#ef4444'}",Tundla APMC,2759.0,,2718.5,2573.48,17-09-2026,3.9,102.08,2026-09-17,,
51.34,17-09-2026,Wheat,Uttar Pradesh,Cereals,Gautam Budh Nagar,2668.03,Rs./Quintal,Metric Tonnes,34,,,,,2668.03,up,2585.0,,,"{'as_on': '#16a34a', 'one_week_ago': None, 'last_five_day': '#16a34a', 'one_month_ago': '#ef4444'}",Jewar APMC,,,2683.77,2450.0,17-09-2026,3.2,83.03,2026-09-17,,
13.8,17-09-2026,Wheat,Uttar Pradesh,Cereals,Ghaziabad,2820.0,Rs./Quintal,Metric Tonnes,34,,,,,2820.0,up,2585.0,2512.5,,"{'as_on': '#16a34a', 'one_week_ago': '#16a34a', 'last_five_day': '#16a34a', 'one_month_ago': '#16a34a'}",Ghaziabad APMC,2810.0,2300.0,2820.0,2635.41,17-09-2026,9.1,235.0,2026-09-17,,
10.5,17-09-2026,Wheat,Uttar Pradesh,Cereals,Ghaziabad,2600.0,Rs./Quintal,Metric Tonnes,34,,,,,2600.0,up,2585.0,2580.0,2600.0,"{'as_on': '#16a34a', 'one_week_ago': '#16a34a', 'last_five_day': '#16a34a', 'one_month_ago': '#ef4444'}",Hapur APMC,2600.0,,2610.24,2562.35,17-09-2026,0.6,15.0,2026-09-17,,
29.9,17-09-2026,Wheat,Uttar Pradesh,Cereals,Gonda,2450.0,Rs./Quintal,Metric Tonnes,34,,,,,2450.0,down,2585.0,2425.0,,"{'as_on': '#ef4444', 'one_week_ago': None, 'last_five_day': '#ef4444', 'one_month_ago': '#ef4444'}",Colonelganj APMC,,,2450.0,2450.0,17-09-2026,-5.2,-135.0,2026-09-17,,
30.78,17-09-2026,Wheat,Uttar Pradesh,Cereals,Gonda,2800.0,Rs./Quintal,Metric Tonnes,34,,,,,2800.0,up,2585.0,2600.0,2660.0,"{'as_on': '#16a34a', 'one_week_ago': '#16a34a', 'last_five_day': '#16a34a', 'one_month_ago': '#16a34a'}",Gonda APMC,2800.0,,2800.0,2680.0,17-09-2026,8.3,215.0,2026-09-17,,
67.0,17-09-2026,Wheat,Uttar Pradesh,Cereals,Gonda,2564.0,Rs./Quintal,Metric Tonnes,34,,,,,2564.0,down,2585.0,2600.0,2650.0,"{'as_on': '#ef4444', 'one_week_ago': '#ef4444', 'last_five_day': '#ef4444', 'one_month_ago': None}",Nawabganj APMC,2555.64,2350.0,2579.21,,17-09-2026,-0.8,-21.0,2026-09-17,,
52.4,17-09-2026,Wheat,Uttar Pradesh,Cereals,Gorakhpur,2515.27,Rs./Quintal,Metric Tonnes,34,,,,,2515.27,down,2585.0,2535.0,,"{'as_on': '#ef4444', 'one_week_ago': '#16a34a', 'last_five_day': '#16a34a', 'one_month_ago': '#ef4444'}",Gorakhpur APMC,2608.63,2320.0,2593.5,2573.44,17-09-2026,-2.7,-69.73,2026-09-17,,
50.94,17-09-2026,Wheat,Uttar Pradesh,Cereals,Gorakhpur,2763.8,Rs./Quintal,Metric Tonnes,34,,,,,2763.8,up,2585.0,,,"{'as_on': '#16a34a', 'one_week_ago': '#ef4444', 'last_five_day': '#16a34a', 'one_month_ago': '#16a34a'}",Sehjanwa APMC,2560.39,,2668.85,2676.57,17-09-2026,6.9,178.8,2026-09-17,,
165.3,17-09-2026,Wheat,Uttar Pradesh,Cereals,Hamirpur,2580.0,Rs./Quintal,Metric Tonnes,34,,,,,2580.0,down,2585.0,2550.0,2570.0,"{'as_on': '#ef4444', 'one_week_ago': '#16a34a', 'last_five_day': '#ef4444', 'one_month_ago': '#ef4444'}",Bharuasumerpur APMC,2598.98,2320.0,2580.57,2500.88,17-09-2026,-0.2,-5.0,2026-09-17,,
14.0,17-09-2026,Wheat,Uttar Pradesh,Cereals,Hamirpur,2500.0,Rs./Quintal,Metric Tonnes,34,,,,,2500.0,down,2585.0,2350.0,2450.0,"{'as_on': '#ef4444', 'one_week_ago': '#ef4444', 'last_five_day': '#ef4444', 'one_month_ago': None}",Kurara APMC,2441.67,2100.0,2500.0,,17-09-2026,-3.3,-85.0,2026-09-17,,
72.83,17-09-2026,Wheat,Uttar Pradesh,Cereals,Hamirpur,2500.0,Rs./Quintal,Metric Tonnes,34,,,,,2500.0,down,2585.0,2450.0,2300.0,"{'as_on': '#ef4444', 'one_week_ago': '#ef4444', 'last_five_day': '#ef4444', 'one_month_ago': '#ef4444'}",Maudaha APMC,2500.0,,2500.0,2330.0,17-09-2026,-3.3,-85.0,2026-09-17,,
135.73,17-09-2026,Wheat,Uttar Pradesh,Cereals,Hamirpur,2424.78,Rs./Quintal,Metric Tonnes,34,,,,,2424.78,down,2585.0,2550.0,,"{'as_on': '#ef4444', 'one_week_ago': '#16a34a', 'last_five_day': '#ef4444', 'one_month_ago': None}",Muskara APMC,2600.0,2280.0,2402.72,,17-09-2026,-6.2,-160.22,2026-09-17,,
198.12,17-09-2026,Wheat,Uttar Pradesh,Cereals,Hamirpur,2423.94,Rs./Quintal,Metric Tonnes,34,,,,,2423.94,down,2585.0,2425.0,,"{'as_on': '#ef4444', 'one_week_ago': '#ef4444', 'last_five_day': '#ef4444', 'one_month_ago': '#ef4444'}",Raath APMC,2406.41,2315.0,2422.04,2400.0,17-09-2026,-6.2,-161.06,2026-09-17,,
679.71,17-09-2026,Wheat,Uttar Pradesh,Cereals,Hardoi,2565.36,Rs./Quintal,Metric Tonnes,34,,,,,2565.36,down,2585.0,2525.0,2540.0,"{'as_on': '#ef4444', 'one_week_ago': '#ef4444', 'last_five_day': '#ef4444', 'one_month_ago': '#ef4444'}",Hardoi APMC,2569.86,,2567.18,2408.21,17-09-2026,-0.8,-19.64,2026-09-17,,
134.96,17-09-2026,Wheat,Uttar Pradesh,Cereals,Hardoi,2595.9,Rs./Quintal,Metric Tonnes,34,,,,,2595.9,up,2585.0,2530.0,2540.0,"{'as_on': '#16a34a', 'one_week_ago': '#ef4444', 'last_five_day': '#ef4444', 'one_month_ago': '#ef4444'}",Madhoganj APMC,2537.26,2310.0,2568.47,2456.05,17-09-2026,0.4,10.9,2026-09-17,,
31.67,17-09-2026,Wheat,Uttar Pradesh,Cereals,Hardoi,2580.0,Rs./Quintal,Metric Tonnes,34,,,,,2580.0,down,2585.0,2535.0,2530.0,"{'as_on': '#ef4444', 'one_week_ago': '#ef4444', 'last_five_day': '#ef4444', 'one_month_ago': None}",Sandi APMC,2580.0,,2580.0,,17-09-2026,-0.2,-5.0,2026-09-17,,
251.33,17-09-2026,Wheat,Uttar Pradesh,Cereals,Hardoi,2618.12,Rs./Quintal,Metric Tonnes,34,,,,,2618.12,up,2585.0,,2550.0,"{'as_on': '#16a34a', 'one_week_ago': '#ef4444', 'last_five_day': '#16a34a', 'one_month_ago': '#ef4444'}",Sandila APMC,2525.54,2320.0,2595.82,2471.37,17-09-2026,1.3,33.12,2026-09-17,,
28.55,17-09-2026,Wheat,Uttar Pradesh,Cereals,Hathras,2544.92,Rs./Quintal,Metric Tonnes,34,,,,,2544.92,down,2585.0,2580.0,,"{'as_on': '#ef4444', 'one_week_ago': '#ef4444', 'last_five_day': '#ef4444', 'one_month_ago': '#ef4444'}",Haathras APMC,2537.4,,2532.46,2509.45,17-09-2026,-1.6,-40.08,2026-09-17,,
12.18,17-09-2026,Wheat,Uttar Pradesh,Cereals,Hathras,2425.0,Rs./Quintal,Metric Tonnes,34,,,,,2425.0,down,2585.0,,,"{'as_on': '#ef4444', 'one_week_ago': '#ef4444', 'last_five_day': '#ef4444', 'one_month_ago': '#ef4444'}",Shadabad APMC,2425.0,,2425.0,2425.0,17-09-2026,-6.2,-160.0,2026-09-17,,
30.38,17-09-2026,Wheat,Uttar Pradesh,Cereals,Jalaun (Orai),2613.74,Rs./Quintal,Metric Tonnes,34,,,,,2613.74,up,2585.0,2480.0,2610.0,"{'as_on': '#16a34a', 'one_week_ago': '#16a34a', 'last_five_day': '#16a34a', 'one_month_ago': '#ef4444'}",Ait APMC,2601.18,2410.0,2608.69,2548.17,17-09-2026,1.1,28.74,2026-09-17,,
57.2,17-09-2026,Wheat,Uttar Pradesh,Cereals,Jalaun (Orai),2550.0,Rs./Quintal,Metric Tonnes,34,,,,,2550.0,down,2585.0,2475.0,2560.0,"{'as_on': '#ef4444', 'one_week_ago': '#ef4444', 'last_five_day': '#ef4444', 'one_month_ago': None}",Jalaun APMC,2567.2,2275.0,2549.09,,17-09-2026,-1.4,-35.0,2026-09-17,,
27.3,17-09-2026,Wheat,Uttar Pradesh,Cereals,Jalaun (Orai),2500.0,Rs./Quintal,Metric Tonnes,34,,,,,2500.0,down,2585.0,,2400.0,"{'as_on': '#ef4444', 'one_week_ago': '#ef4444', 'last_five_day': '#ef4444', 'one_month_ago': None}",Kadaura APMC,2368.08,,2429.09,,17-09-2026,-3.3,-85.0,2026-09-17,,
52.0,17-09-2026,Wheat,Uttar Pradesh,Cereals,Jalaun (Orai),2355.77,Rs./Quintal,Metric Tonnes,34,,,,,2355.77,down,2585.0,,2505.0,"{'as_on': '#ef4444', 'one_week_ago': '#ef4444', 'last_five_day': '#ef4444', 'one_month_ago': '#ef4444'}",Kalpi APMC,2406.3,,2471.75,2450.0,17-09-2026,-8.9,-229.23,2026-09-17,,
101.59,17-09-2026,Wheat,Uttar Pradesh,Cereals,Jalaun (Orai),2398.12,Rs./Quintal,Metric Tonnes,34,,,,,2398.12,down,2585.0,,2511.0,"{'as_on': '#ef4444', 'one_week_ago': '#ef4444', 'last_five_day': '#ef4444', 'one_month_ago': None}",Konch APMC,2495.99,2330.0,2529.31,,17-09-2026,-7.2,-186.88,2026-09-17,,
30.0,17-09-2026,Wheat,Uttar Pradesh,Cereals,Jalaun (Orai),2550.0,Rs./Quintal,Metric Tonnes,34,,,,,2550.0,down,2585.0,2465.0,2511.0,"{'as_on': '#ef4444', 'one_week_ago': '#ef4444', 'last_five_day': '#ef4444', 'one_month_ago': '#ef4444'}",Madhogarh APMC,2550.0,2310.0,2550.0,2470.0,17-09-2026,-1.4,-35.0,2026-09-17,,
59.65,17-09-2026,Wheat,Uttar Pradesh,Cereals,Jalaun (Orai),2487.23,Rs./Quintal,Metric Tonnes,34,,,,,2487.23,down,2585.0,2460.0,,"{'as_on': '#ef4444', 'one_week_ago': '#ef4444', 'last_five_day': '#ef4444', 'one_month_ago': '#ef4444'}",Orai APMC,2461.7,2339.0,2466.2,2537.41,17-09-2026,-3.8,-97.77,2026-09-17,,
15.5,17-09-2026,Wheat,Uttar Pradesh,Cereals,Jaunpur,2503.23,Rs./Quintal,Metric Tonnes,34,,,,,2503.23,down,2585.0,2580.0,,"{'as_on': '#ef4444', 'one_week_ago': '#16a34a', 'last_five_day': '#16a34a', 'one_month_ago': '#16a34a'}",Jaunpur APMC,2711.91,,2603.23,2592.68,17-09-2026,-3.2,-81.77,2026-09-17,,
118.99,17-09-2026,Wheat,Uttar Pradesh,Cereals,Jaunpur,2577.44,Rs./Quintal,Metric Tonnes,34,,,,,2577.44,down,2585.0,2525.0,2500.0,"{'as_on': '#ef4444', 'one_week_ago': '#ef4444', 'last_five_day': '#16a34a', 'one_month_ago': '#ef4444'}",Shahganj APMC,2536.52,,2593.96,2549.96,17-09-2026,-0.3,-7.56,2026-09-17,,
35.0,17-09-2026,Wheat,Uttar Pradesh,Cereals,Jhansi,2400.84,Rs./Quintal,Metric Tonnes,34,,,,,2400.84,down,2585.0,2540.0,,"{'as_on': '#ef4444', 'one_week_ago': '#ef4444', 'last_five_day': '#ef4444', 'one_month_ago': '#ef4444'}",Chirgaon APMC,2471.46,2425.0,2475.89,2423.84,17-09-2026,-7.1,-184.16,2026-09-17,,
30.2,17-09-2026,Wheat,Uttar Pradesh,Cereals,Jhansi,2524.5,Rs./Quintal,Metric Tonnes,34,,,,,2524.5,down,2585.0,,,"{'as_on': '#ef4444', 'one_week_ago': '#ef4444', 'last_five_day': '#ef4444', 'one_month_ago': '#16a34a'}",Gurusarai APMC,2571.86,2370.0,2512.62,2585.0,17-09-2026,-2.3,-60.5,2026-09-17,,
282.7,17-09-2026,Wheat,Uttar Pradesh,Cereals,Jhansi,2394.74,Rs./Quintal,Metric Tonnes,34,,,,,2394.74,down,2585.0,,,"{'as_on': '#ef4444', 'one_week_ago': '#ef4444', 'last_five_day': '#ef4444', 'one_month_ago': '#ef4444'}",Jhansi APMC,2362.04,2370.0,2373.66,2397.31,17-09-2026,-7.4,-190.26,2026-09-17,,
58.8,17-09-2026,Wheat,Uttar Pradesh,Cereals,Jhansi,2438.27,Rs./Quintal,Metric Tonnes,34,,,,,2438.27,down,2585.0,,2500.0,"{'as_on': '#ef4444', 'one_week_ago': '#ef4444', 'last_five_day': '#ef4444', 'one_month_ago': '#ef4444'}",Mauranipur APMC,2497.92,2370.0,2457.5,2400.0,17-09-2026,-5.7,-146.73,2026-09-17,,
31.15,17-09-2026,Wheat,Uttar Pradesh,Cereals,Jhansi,2600.0,Rs./Quintal,Metric Tonnes,34,,,,,2600.0,up,2585.0,2570.0,2590.0,"{'as_on': '#16a34a', 'one_week_ago': '#16a34a', 'last_five_day': '#16a34a', 'one_month_ago': '#16a34a'}",Moth APMC,2604.45,2390.0,2629.14,2591.86,17-09-2026,0.6,15.0,2026-09-17,,
37.74,17-09-2026,Wheat,Uttar Pradesh,Cereals,Kannuj,2526.56,Rs./Quintal,Metric Tonnes,34,,,,,2526.56,down,2585.0,2540.0,2530.0,"{'as_on': '#ef4444', 'one_week_ago': '#ef4444', 'last_five_day': '#ef4444', 'one_month_ago': '#16a34a'}",Chhibramau APMC,2420.75,,2498.81,2585.0,17-09-2026,-2.3,-58.44,2026-09-17,,
83.59,17-09-2026,Wheat,Uttar Pradesh,Cereals,Kannuj,2500.0,Rs./Quintal,Metric Tonnes,34,,,,,2500.0,down,2585.0,2530.0,,"{'as_on': '#ef4444', 'one_week_ago': '#ef4444', 'last_five_day': '#ef4444', 'one_month_ago': '#ef4444'}",Kannauj APMC,2514.41,2330.0,2520.04,2508.87,17-09-2026,-3.3,-85.0,2026-09-17,,
38.41,17-09-2026,Wheat,Uttar Pradesh,Cereals,Kanpur,2642.5,Rs./Quintal,Metric Tonnes,34,,,,,2642.5,up,2585.0,2505.0,2520.0,"{'as_on': '#16a34a', 'one_week_ago': '#ef4444', 'last_five_day': '#ef4444', 'one_month_ago': '#ef4444'}",Baripaal APMC,2578.68,,2575.63,2569.04,17-09-2026,2.2,57.5,2026-09-17,,
1.0,17-09-2026,Wheat,Uttar Pradesh,Cereals,Kanpur,2400.0,Rs./Quintal,Metric Tonnes,34,,,,,2400.0,down,2585.0,,2570.0,"{'as_on': '#ef4444', 'one_week_ago': '#ef4444', 'last_five_day': '#ef4444', 'one_month_ago': '#ef4444'}",Choubepur APMC,2425.13,,2476.18,2400.0,17-09-2026,-7.2,-185.0,2026-09-17,,
192.76,17-09-2026,Wheat,Uttar Pradesh,Cereals,Kanpur,2602.41,Rs./Quintal,Metric Tonnes,34,,,,,2602.41,up,2585.0,2530.0,2630.0,"{'as_on': '#16a34a', 'one_week_ago': '#16a34a', 'last_five_day': '#16a34a', 'one_month_ago': '#ef4444'}",Kanpur(Grain) APMC,2700.87,,2660.77,2559.99,17-09-2026,0.7,17.41,2026-09-17,,
310.15,17-09-2026,Wheat,Uttar Pradesh,Cereals,Kanpur Dehat,2548.52,Rs./Quintal,Metric Tonnes,34,,,,,2548.52,down,2585.0,2450.0,,"{'as_on': '#ef4444', 'one_week_ago': '#16a34a', 'last_five_day': '#ef4444', 'one_month_ago': '#ef4444'}",Jhijhank APMC,2602.02,2300.0,2539.61,2521.44,17-09-2026,-1.4,-36.48,2026-09-17,,
7.02,17-09-2026,Wheat,Uttar Pradesh,Cereals,Kanpur Dehat,2600.0,Rs./Quintal,Metric Tonnes,34,,,,,2600.0,up,2585.0,2480.0,2550.0,"{'as_on': '#16a34a', 'one_week_ago': '#ef4444', 'last_five_day': '#ef4444', 'one_month_ago': '#ef4444'}",Pukharayan APMC,2546.21,2350.0,2541.93,2459.73,17-09-2026,0.6,15.0,2026-09-17,,
72.9,17-09-2026,Wheat,Uttar Pradesh,Cereals,Kanpur Dehat,2544.03,Rs./Quintal,Metric Tonnes,34,,,,,2544.03,down,2585.0,2550.0,,"{'as_on': '#ef4444', 'one_week_ago': '#ef4444', 'last_five_day': '#ef4444', 'one_month_ago': '#ef4444'}",Rura APMC,2547.01,2300.0,2519.11,2519.13,17-09-2026,-1.6,-40.97,2026-09-17,,
37.63,17-09-2026,Wheat,Uttar Pradesh,Cereals,Kasganj,2500.0,Rs./Quintal,Metric Tonnes,34,,,,,2500.0,down,2585.0,,,"{'as_on': '#ef4444', 'one_week_ago': '#ef4444', 'last_five_day': '#ef4444', 'one_month_ago': '#ef4444'}",Ganj Dundwara APMC,2500.0,,2520.73,2500.0,17-09-2026,-3.3,-85.0,2026-09-17,,
159.93,17-09-2026,Wheat,Uttar Pradesh,Cereals,Kasganj,2604.22,Rs./Quintal,Metric Tonnes,34,,,,,2604.22,up,2585.0,2580.0,2510.0,"{'as_on': '#16a34a', 'one_week_ago': '#16a34a', 'last_five_day': '#16a34a', 'one_month_ago': '#ef4444'}",Kasganj APMC,2603.51,2246.0,2604.32,2526.38,17-09-2026,0.7,19.22,2026-09-17,,
46.2,17-09-2026,Wheat,Uttar Pradesh,Cereals,Kaushambi,2500.0,Rs./Quintal,Metric Tonnes,34,,,,,2500.0,down,2585.0,2550.0,,"{'as_on': '#ef4444', 'one_week_ago': '#ef4444', 'last_five_day': '#ef4444', 'one_month_ago': '#ef4444'}",Bharwari APMC,2500.0,,2500.0,2500.0,17-09-2026,-3.3,-85.0,2026-09-17,,
20.0,17-09-2026,Wheat,Uttar Pradesh,Cereals,Kaushambi,2550.0,Rs./Quintal,Metric Tonnes,34,,,,,2550.0,down,2585.0,2560.0,2570.0,"{'as_on': '#ef4444', 'one_week_ago': '#ef4444', 'last_five_day': '#ef4444', 'one_month_ago': None}",Manjhanpur APMC,2423.54,,2420.43,,17-09-2026,-1.4,-35.0,2026-09-17,,
34.14,17-09-2026,Wheat,Uttar Pradesh,Cereals,Khiri (Lakhimpur),2595.61,Rs./Quintal,Metric Tonnes,34,,,,,2595.61,up,2585.0,2540.0,2530.0,"{'as_on': '#16a34a', 'one_week_ago': None, 'last_five_day': '#16a34a', 'one_month_ago': None}",Maigalganj APMC,,,2590.82,,17-09-2026,0.4,10.61,2026-09-17,,
100.85,17-09-2026,Wheat,Uttar Pradesh,Cereals,Khiri (Lakhimpur),2518.62,Rs./Quintal,Metric Tonnes,34,,,,,2518.62,down,2585.0,2367.5,2525.0,"{'as_on': '#ef4444', 'one_week_ago': '#ef4444', 'last_five_day': '#ef4444', 'one_month_ago': '#ef4444'}",Mohammdi APMC,2514.73,,2535.4,2500.0,17-09-2026,-2.6,-66.38,2026-09-17,,
35.0,17-09-2026,Wheat,Uttar Pradesh,Cereals,Khiri (Lakhimpur),2400.0,Rs./Quintal,Metric Tonnes,34,,,,,2400.0,down,2585.0,,,"{'as_on': '#ef4444', 'one_week_ago': '#ef4444', 'last_five_day': '#ef4444', 'one_month_ago': '#ef4444'}",Tikonia APMC,2445.52,,2400.0,2405.29,17-09-2026,-7.2,-185.0,2026-09-17,,
144.7,17-09-2026,Wheat,Uttar Pradesh,Cereals,Lakhimpur,2534.03,Rs./Quintal,Metric Tonnes,34,,,,,2534.03,down,2585.0,2465.0,2550.0,"{'as_on': '#ef4444', 'one_week_ago': '#16a34a', 'last_five_day': '#ef4444', 'one_month_ago': None}",Golagokarnath APMC,2631.63,,2542.28,,17-09-2026,-2.0,-50.97,2026-09-17,,
63.26,17-09-2026,Wheat,Uttar Pradesh,Cereals,Lakhimpur,2451.53,Rs./Quintal,Metric Tonnes,34,,,,,2451.53,down,2585.0,2475.0,2560.0,"{'as_on': '#ef4444', 'one_week_ago': '#ef4444', 'last_five_day': '#ef4444', 'one_month_ago': '#ef4444'}",Lakhimpur APMC,2431.16,,2492.25,2466.17,17-09-2026,-5.2,-133.47,2026-09-17,,
874.02,17-09-2026,Wheat,Uttar Pradesh,Cereals,Lalitpur,2505.03,Rs./Quintal,Metric Tonnes,34,,,,,2505.03,down,2585.0,2550.0,,"{'as_on': '#ef4444', 'one_week_ago': '#ef4444', 'last_five_day': '#ef4444', 'one_month_ago': '#ef4444'}",Lalitpur APMC,2535.12,,2508.93,2395.02,17-09-2026,-3.1,-79.97,2026-09-17,,
129.15,17-09-2026,Wheat,Uttar Pradesh,Cereals,Lalitpur,2327.52,Rs./Quintal,Metric Tonnes,34,,,,,2327.52,down,2585.0,2500.0,2600.0,"{'as_on': '#ef4444', 'one_week_ago': '#ef4444', 'last_five_day': '#ef4444', 'one_month_ago': '#ef4444'}",Mehrauni APMC,2301.11,2300.0,2444.55,2400.0,17-09-2026,-10.0,-257.48,2026-09-17,,
484.17,17-09-2026,Wheat,Uttar Pradesh,Cereals,Lucknow,2629.96,Rs./Quintal,Metric Tonnes,34,,,,,2629.96,up,2585.0,2628.0,2537.0,"{'as_on': '#16a34a', 'one_week_ago': '#16a34a', 'last_five_day': '#16a34a', 'one_month_ago': '#16a34a'}",Banthara APMC,2597.74,,2622.74,2596.61,17-09-2026,1.7,44.96,2026-09-17,,
270.68,17-09-2026,Wheat,Uttar Pradesh,Cereals,Lucknow,2682.98,Rs./Quintal,Metric Tonnes,34,,,,,2682.98,up,2585.0,2580.0,2560.0,"{'as_on': '#16a34a', 'one_week_ago': '#16a34a', 'last_five_day': '#16a34a', 'one_month_ago': '#16a34a'}",Lucknow APMC,2676.1,,2681.73,2629.27,17-09-2026,3.8,97.98,2026-09-17,,
77.6,17-09-2026,Wheat,Uttar Pradesh,Cereals,Maharajganj,2410.61,Rs./Quintal,Metric Tonnes,34,,,,,2410.61,down,2585.0,2500.0,2350.0,"{'as_on': '#ef4444', 'one_week_ago': '#ef4444', 'last_five_day': '#ef4444', 'one_month_ago': '#ef4444'}",Anandnagar APMC,2433.31,,2417.47,2444.29,17-09-2026,-6.7,-174.39,2026-09-17,,
29.91,17-09-2026,Wheat,Uttar Pradesh,Cereals,Maharajganj,2500.0,Rs./Quintal,Metric Tonnes,34,,,,,2500.0,down,2585.0,,,"{'as_on': '#ef4444', 'one_week_ago': None, 'last_five_day': '#ef4444', 'one_month_ago': '#ef4444'}",Gadaura APMC,,,2500.0,2500.68,17-09-2026,-3.3,-85.0,2026-09-17,,
37.75,17-09-2026,Wheat,Uttar Pradesh,Cereals,Maharajganj,2400.0,Rs./Quintal,Metric Tonnes,34,,,,,2400.0,down,2585.0,2460.0,2475.0,"{'as_on': '#ef4444', 'one_week_ago': '#ef4444', 'last_five_day': '#ef4444', 'one_month_ago': '#ef4444'}",Nautnava APMC,2400.0,,2400.0,2400.0,17-09-2026,-7.2,-185.0,2026-09-17,,
84.0,17-09-2026,Wheat,Uttar Pradesh,Cereals,Mahoba,2404.76,Rs./Quintal,Metric Tonnes,34,,,,,2404.76,down,2585.0,2550.0,2500.0,"{'as_on': '#ef4444', 'one_week_ago': '#ef4444', 'last_five_day': '#ef4444', 'one_month_ago': '#ef4444'}",Charkhari APMC,2475.5,2250.0,2456.9,2398.48,17-09-2026,-7.0,-180.24,2026-09-17,,
5.4,17-09-2026,Wheat,Uttar Pradesh,Cereals,Mahoba,2450.0,Rs./Quintal,Metric Tonnes,34,,,,,2450.0,down,2585.0,2510.0,,"{'as_on': '#ef4444', 'one_week_ago': '#ef4444', 'last_five_day': '#ef4444', 'one_month_ago': '#ef4444'}",Mahoba APMC,2385.88,2260.0,2404.06,2310.87,17-09-2026,-5.2,-135.0,2026-09-17,,
30.5,17-09-2026,Wheat,Uttar Pradesh,Cereals,Mainpuri,2500.0,Rs./Quintal,Metric Tonnes,34,,,,,2500.0,down,2585.0,2490.0,2500.0,"{'as_on': '#ef4444', 'one_week_ago': '#ef4444', 'last_five_day': '#ef4444', 'one_month_ago': '#ef4444'}",Bewar APMC,2495.32,2170.0,2430.84,2400.0,17-09-2026,-3.3,-85.0,2026-09-17,,
35.56,17-09-2026,Wheat,Uttar Pradesh,Cereals,Mainpuri,2400.0,Rs./Quintal,Metric Tonnes,34,,,,,2400.0,down,2585.0,2540.0,2560.0,"{'as_on': '#ef4444', 'one_week_ago': '#ef4444', 'last_five_day': '#ef4444', 'one_month_ago': None}",Ghiraur APMC,2400.0,2230.0,2426.61,,17-09-2026,-7.2,-185.0,2026-09-17,,
334.33,17-09-2026,Wheat,Uttar Pradesh,Cereals,Mainpuri,2570.01,Rs./Quintal,Metric Tonnes,34,,,,,2570.01,down,2585.0,2480.0,2550.0,"{'as_on': '#ef4444', 'one_week_ago': '#ef4444', 'last_five_day': '#ef4444', 'one_month_ago': '#ef4444'}",Mainpuri APMC,2571.5,,2574.05,2450.78,17-09-2026,-0.6,-14.99,2026-09-17,,
40.0,17-09-2026,Wheat,Uttar Pradesh,Cereals,Mathura,2620.0,Rs./Quintal,Metric Tonnes,34,,,,,2620.0,up,2585.0,2585.0,2545.0,"{'as_on': '#16a34a', 'one_week_ago': '#16a34a', 'last_five_day': '#16a34a', 'one_month_ago': '#ef4444'}",Kosikalan APMC,2647.46,,2619.1,2517.24,17-09-2026,1.4,35.0,2026-09-17,,
128.62,17-09-2026,Wheat,Uttar Pradesh,Cereals,Mathura,2612.31,Rs./Quintal,Metric Tonnes,34,,,,,2612.31,up,2585.0,2580.0,2580.0,"{'as_on': '#16a34a', 'one_week_ago': '#ef4444', 'last_five_day': '#ef4444', 'one_month_ago': '#ef4444'}",Mathura APMC,2554.52,,2568.7,2485.51,17-09-2026,1.1,27.31,2026-09-17,,
29.44,17-09-2026,Wheat,Uttar Pradesh,Cereals,Meerut,2600.0,Rs./Quintal,Metric Tonnes,34,,,,,2600.0,up,2585.0,,,"{'as_on': '#16a34a', 'one_week_ago': '#16a34a', 'last_five_day': '#16a34a', 'one_month_ago': None}",Mawana APMC,2600.0,,2600.0,,17-09-2026,0.6,15.0,2026-09-17,,
19.96,17-09-2026,Wheat,Uttar Pradesh,Cereals,Mirzapur,2500.0,Rs./Quintal,Metric Tonnes,34,,,,,2500.0,down,2585.0,2570.0,,"{'as_on': '#ef4444', 'one_week_ago': None, 'last_five_day': '#ef4444', 'one_month_ago': None}",Mirzapur APMC,,,2500.0,,17-09-2026,-3.3,-85.0,2026-09-17,,
1.0,17-09-2026,Wheat,Uttar Pradesh,Cereals,Muzaffarnagar,2700.0,Rs./Quintal,Metric Tonnes,34,,,,,2700.0,up,2585.0,2600.0,,"{'as_on': '#16a34a', 'one_week_ago': None, 'last_five_day': '#16a34a', 'one_month_ago': '#16a34a'}",Khatauli APMC,,,2650.0,2625.0,17-09-2026,4.4,115.0,2026-09-17,,
0.51,17-09-2026,Wheat,Uttar Pradesh,Cereals,Muzaffarnagar,2585.0,Rs./Quintal,Metric Tonnes,34,,,,,2585.0,,2585.0,,,"{'as_on': '#16a34a', 'one_week_ago': '#16a34a', 'last_five_day': '#16a34a', 'one_month_ago': '#ef4444'}",Shahpur APMC,2618.0,,2585.0,2512.4,17-09-2026,0.0,0.0,2026-09-17,,
14.5,17-09-2026,Wheat,Uttar Pradesh,Cereals,Pillibhit,2550.0,Rs./Quintal,Metric Tonnes,34,,,,,2550.0,down,2585.0,2512.5,2530.0,"{'as_on': '#ef4444', 'one_week_ago': None, 'last_five_day': '#ef4444', 'one_month_ago': None}",Bishalpur APMC,,,2550.0,,17-09-2026,-1.4,-35.0,2026-09-17,,
4.8,17-09-2026,Wheat,Uttar Pradesh,Cereals,Pillibhit,2600.0,Rs./Quintal,Metric Tonnes,34,,,,,2600.0,up,2585.0,2552.5,2560.0,"{'as_on': '#16a34a', 'one_week_ago': '#16a34a', 'last_five_day': '#16a34a', 'one_month_ago': None}",Puranpur APMC,2600.0,,2604.13,,17-09-2026,0.6,15.0,2026-09-17,,
150.3,17-09-2026,Wheat,Uttar Pradesh,Cereals,Pratapgarh,2410.64,Rs./Quintal,Metric Tonnes,34,,,,,2410.64,down,2585.0,2560.0,2550.0,"{'as_on': '#ef4444', 'one_week_ago': '#ef4444', 'last_five_day': '#ef4444', 'one_month_ago': '#ef4444'}",Pratapgarh APMC,2461.11,2375.0,2445.52,2408.85,17-09-2026,-6.7,-174.36,2026-09-17,,
80.29,17-09-2026,Wheat,Uttar Pradesh,Cereals,Prayagraj,2400.0,Rs./Quintal,Metric Tonnes,34,,,,,2400.0,down,2585.0,2560.0,2550.0,"{'as_on': '#ef4444', 'one_week_ago': '#ef4444', 'last_five_day': '#ef4444', 'one_month_ago': None}",Ajuha APMC,2427.12,,2468.11,,17-09-2026,-7.2,-185.0,2026-09-17,,
7.2,17-09-2026,Wheat,Uttar Pradesh,Cereals,Prayagraj,2560.0,Rs./Quintal,Metric Tonnes,34,,,,,2560.0,down,2585.0,,2585.0,"{'as_on': '#ef4444', 'one_week_ago': '#ef4444', 'last_five_day': '#ef4444', 'one_month_ago': '#ef4444'}",Prayagraj APMC,2372.52,,2370.49,2371.14,17-09-2026,-1.0,-25.0,2026-09-17,,
312.26,17-09-2026,Wheat,Uttar Pradesh,Cereals,Raebarelli,2537.18,Rs./Quintal,Metric Tonnes,34,,,,,2537.18,down,2585.0,2600.0,2600.0,"{'as_on': '#ef4444', 'one_week_ago': '#ef4444', 'last_five_day': '#ef4444', 'one_month_ago': '#ef4444'}",Jayas APMC,2521.67,2285.0,2539.92,2477.21,17-09-2026,-1.8,-47.82,2026-09-17,,
222.53,17-09-2026,Wheat,Uttar Pradesh,Cereals,Raebarelli,2485.47,Rs./Quintal,Metric Tonnes,34,,,,,2485.47,down,2585.0,2500.0,2575.0,"{'as_on': '#ef4444', 'one_week_ago': '#ef4444', 'last_five_day': '#ef4444', 'one_month_ago': None}",Lalganj APMC,2557.48,2350.0,2544.2,,17-09-2026,-3.9,-99.53,2026-09-17,,
72.48,17-09-2026,Wheat,Uttar Pradesh,Cereals,Raebarelli,2598.9,Rs./Quintal,Metric Tonnes,34,,,,,2598.9,up,2585.0,2505.0,2525.0,"{'as_on': '#16a34a', 'one_week_ago': '#ef4444', 'last_five_day': '#ef4444', 'one_month_ago': '#ef4444'}",Raibareilly APMC,2571.92,2285.0,2576.61,2530.01,17-09-2026,0.5,13.9,2026-09-17,,
78.26,17-09-2026,Wheat,Uttar Pradesh,Cereals,Raebarelli,2511.32,Rs./Quintal,Metric Tonnes,34,,,,,2511.32,down,2585.0,2515.0,2510.0,"{'as_on': '#ef4444', 'one_week_ago': '#ef4444', 'last_five_day': '#ef4444', 'one_month_ago': '#ef4444'}",Salon APMC,2487.07,,2494.42,2418.54,17-09-2026,-2.9,-73.68,2026-09-17,,
10.0,17-09-2026,Wheat,Uttar Pradesh,Cereals,Rampur,2600.0,Rs./Quintal,Metric Tonnes,34,,,,,2600.0,up,2585.0,,2300.0,"{'as_on': '#16a34a', 'one_week_ago': None, 'last_five_day': '#16a34a', 'one_month_ago': None}",Shahabad APMC,,2250.0,2600.0,,17-09-2026,0.6,15.0,2026-09-17,,
18.0,17-09-2026,Wheat,Uttar Pradesh,Cereals,Saharanpur,2700.0,Rs./Quintal,Metric Tonnes,34,,,,,2700.0,up,2585.0,,,"{'as_on': '#16a34a', 'one_week_ago': None, 'last_five_day': '#16a34a', 'one_month_ago': None}",CHHUTMALPUR APMC,,,2700.0,,17-09-2026,4.4,115.0,2026-09-17,,
17.9,17-09-2026,Wheat,Uttar Pradesh,Cereals,Saharanpur,2625.0,Rs./Quintal,Metric Tonnes,34,,,,,2625.0,up,2585.0,2650.0,2550.0,"{'as_on': '#16a34a', 'one_week_ago': '#16a34a', 'last_five_day': '#16a34a', 'one_month_ago': None}",Saharanpur APMC,2715.03,,2684.85,,17-09-2026,1.5,40.0,2026-09-17,,
125.87,17-09-2026,Wheat,Uttar Pradesh,Cereals,Sambhal,2538.53,Rs./Quintal,Metric Tonnes,34,,,,,2538.53,down,2585.0,,,"{'as_on': '#ef4444', 'one_week_ago': '#ef4444', 'last_five_day': '#ef4444', 'one_month_ago': None}",Bhehjoi APMC,2563.33,,2543.99,,17-09-2026,-1.8,-46.47,2026-09-17,,
1.15,17-09-2026,Wheat,Uttar Pradesh,Cereals,Sambhal,2510.0,Rs./Quintal,Metric Tonnes,34,,,,,2510.0,down,2585.0,2580.0,,"{'as_on': '#ef4444', 'one_week_ago': '#ef4444', 'last_five_day': '#ef4444', 'one_month_ago': '#ef4444'}",Muradabad APMC,2505.21,2300.0,2552.55,2510.0,17-09-2026,-2.9,-75.0,2026-09-17,,
81.79,17-09-2026,Wheat,Uttar Pradesh,Cereals,Sant Kabir Nagar,2530.0,Rs./Quintal,Metric Tonnes,34,,,,,2530.0,down,2585.0,,,"{'as_on': '#ef4444', 'one_week_ago': '#ef4444', 'last_five_day': '#ef4444', 'one_month_ago': '#ef4444'}",Khalilabad APMC,2530.0,,2553.69,2450.0,17-09-2026,-2.1,-55.0,2026-09-17,,
141.45,17-09-2026,Wheat,Uttar Pradesh,Cereals,Shahjahanpur,2508.73,Rs./Quintal,Metric Tonnes,34,,,,,2508.73,down,2585.0,,2500.0,"{'as_on': '#ef4444', 'one_week_ago': '#ef4444', 'last_five_day': '#ef4444', 'one_month_ago': '#ef4444'}",Jalalabad APMC,2565.47,,2526.36,2430.0,17-09-2026,-3.0,-76.27,2026-09-17,,
12.94,17-09-2026,Wheat,Uttar Pradesh,Cereals,Shahjahanpur,2525.0,Rs./Quintal,Metric Tonnes,34,,,,,2525.0,down,2585.0,,,"{'as_on': '#ef4444', 'one_week_ago': '#ef4444', 'last_five_day': '#ef4444', 'one_month_ago': '#ef4444'}",Meeranpur Katra APMC,2495.0,,2511.24,2440.0,17-09-2026,-2.3,-60.0,2026-09-17,,
170.06,17-09-2026,Wheat,Uttar Pradesh,Cereals,Shahjahanpur,2556.08,Rs./Quintal,Metric Tonnes,34,,,,,2556.08,down,2585.0,2515.0,2500.0,"{'as_on': '#ef4444', 'one_week_ago': '#16a34a', 'last_five_day': '#ef4444', 'one_month_ago': '#ef4444'}",Powayan APMC,2656.0,,2524.73,2500.0,17-09-2026,-1.1,-28.92,2026-09-17,,
239.47,17-09-2026,Wheat,Uttar Pradesh,Cereals,Shahjahanpur,2525.56,Rs./Quintal,Metric Tonnes,34,,,,,2525.56,down,2585.0,2525.0,,"{'as_on': '#ef4444', 'one_week_ago': '#ef4444', 'last_five_day': '#ef4444', 'one_month_ago': '#ef4444'}",Shahjahanpur APMC,2526.38,,2526.73,2476.35,17-09-2026,-2.3,-59.44,2026-09-17,,
50.5,17-09-2026,Wheat,Uttar Pradesh,Cereals,Shravasti,2500.0,Rs./Quintal,Metric Tonnes,34,,,,,2500.0,down,2585.0,2600.0,2600.0,"{'as_on': '#ef4444', 'one_week_ago': '#ef4444', 'last_five_day': '#ef4444', 'one_month_ago': None}",Bhinga APMC,2501.71,,2549.45,,17-09-2026,-3.3,-85.0,2026-09-17,,
525.52,17-09-2026,Wheat,Uttar Pradesh,Cereals,Shravasti,2499.04,Rs./Quintal,Metric Tonnes,34,,,,,2499.04,down,2585.0,,,"{'as_on': '#ef4444', 'one_week_ago': '#ef4444', 'last_five_day': '#ef4444', 'one_month_ago': '#ef4444'}",Payagpur APMC,2452.17,,2499.26,2490.0,17-09-2026,-3.3,-85.96,2026-09-17,,
43.4,17-09-2026,Wheat,Uttar Pradesh,Cereals,Siddharth Nagar,2500.0,Rs./Quintal,Metric Tonnes,34,,,,,2500.0,down,2585.0,,,"{'as_on': '#ef4444', 'one_week_ago': '#ef4444', 'last_five_day': '#ef4444', 'one_month_ago': None}",Bansi APMC,2500.0,,2520.26,,17-09-2026,-3.3,-85.0,2026-09-17,,
258.27,17-09-2026,Wheat,Uttar Pradesh,Cereals,Siddharth Nagar,2443.44,Rs./Quintal,Metric Tonnes,34,,,,,2443.44,down,2585.0,2550.0,2360.0,"{'as_on': '#ef4444', 'one_week_ago': '#ef4444', 'last_five_day': '#ef4444', 'one_month_ago': '#ef4444'}",Sahiyapur APMC,2473.56,,2446.56,2431.44,17-09-2026,-5.5,-141.56,2026-09-17,,
99.24,17-09-2026,Wheat,Uttar Pradesh,Cereals,Siddharth Nagar,2450.0,Rs./Quintal,Metric Tonnes,34,,,,,2450.0,down,2585.0,,,"{'as_on': '#ef4444', 'one_week_ago': '#ef4444', 'last_five_day': '#ef4444', 'one_month_ago': None}",Shohratgarh APMC,2541.39,,2451.42,,17-09-2026,-5.2,-135.0,2026-09-17,,
213.68,17-09-2026,Wheat,Uttar Pradesh,Cereals,Sitapur,2610.7,Rs./Quintal,Metric Tonnes,34,,,,,2610.7,up,2585.0,,2540.0,"{'as_on': '#16a34a', 'one_week_ago': '#16a34a', 'last_five_day': '#16a34a', 'one_month_ago': '#ef4444'}",Mehmoodabad APMC,2632.55,,2613.55,2551.36,17-09-2026,1.0,25.7,2026-09-17,,
31.7,17-09-2026,Wheat,Uttar Pradesh,Cereals,Sitapur,2435.25,Rs./Quintal,Metric Tonnes,34,,,,,2435.25,down,2585.0,,,"{'as_on': '#ef4444', 'one_week_ago': '#ef4444', 'last_five_day': '#ef4444', 'one_month_ago': None}",Sidhauli APMC,2415.61,,2420.84,,17-09-2026,-5.8,-149.75,2026-09-17,,
72.08,17-09-2026,Wheat,Uttar Pradesh,Cereals,Sitapur,2474.89,Rs./Quintal,Metric Tonnes,34,,,,,2474.89,down,2585.0,2520.0,2540.0,"{'as_on': '#ef4444', 'one_week_ago': '#ef4444', 'last_five_day': '#ef4444', 'one_month_ago': '#ef4444'}",Sitapur APMC,2508.06,,2521.34,2503.73,17-09-2026,-4.3,-110.11,2026-09-17,,
177.24,17-09-2026,Wheat,Uttar Pradesh,Cereals,Sitapur,2422.57,Rs./Quintal,Metric Tonnes,34,,,,,2422.57,down,2585.0,2500.0,2520.0,"{'as_on': '#ef4444', 'one_week_ago': '#ef4444', 'last_five_day': '#ef4444', 'one_month_ago': '#ef4444'}",Viswan APMC,2505.09,,2439.21,2400.0,17-09-2026,-6.3,-162.43,2026-09-17,,
47.76,17-09-2026,Wheat,Uttar Pradesh,Cereals,Sonbhadra,2608.01,Rs./Quintal,Metric Tonnes,34,,,,,2608.01,up,2585.0,,2520.0,"{'as_on': '#16a34a', 'one_week_ago': None, 'last_five_day': '#ef4444', 'one_month_ago': '#ef4444'}",Robertsganj APMC,,2335.0,2545.01,2500.02,17-09-2026,0.9,23.01,2026-09-17,,
233.67,17-09-2026,Wheat,Uttar Pradesh,Cereals,Unnao,2563.83,Rs./Quintal,Metric Tonnes,34,,,,,2563.83,down,2585.0,2540.0,2550.0,"{'as_on': '#ef4444', 'one_week_ago': '#16a34a', 'last_five_day': '#16a34a', 'one_month_ago': '#ef4444'}",Bangarmau APMC,2600.0,2300.0,2585.38,2500.0,17-09-2026,-0.8,-21.17,2026-09-17,,
315.51,17-09-2026,Wheat,Uttar Pradesh,Cereals,Unnao,2497.64,Rs./Quintal,Metric Tonnes,34,,,,,2497.64,down,2585.0,,2590.0,"{'as_on': '#ef4444', 'one_week_ago': '#ef4444', 'last_five_day': '#ef4444', 'one_month_ago': '#ef4444'}",Purwa APMC,2495.42,2305.0,2509.04,2506.0,17-09-2026,-3.4,-87.36,2026-09-17,,
186.68,17-09-2026,Wheat,Uttar Pradesh,Cereals,Unnao,2577.32,Rs./Quintal,Metric Tonnes,34,,,,,2577.32,down,2585.0,2550.0,2585.0,"{'as_on': '#ef4444', 'one_week_ago': '#ef4444', 'last_five_day': '#ef4444', 'one_month_ago': '#ef4444'}",Unnao APMC,2572.15,2310.0,2572.26,2573.44,17-09-2026,-0.3,-7.68,2026-09-17,,
5.07,17-09-2026,Cotton,Uttar Pradesh,Fibre Crops,Agra,7500.0,Rs./Quintal,Metric Tonnes,34,,,,,7500.0,down,8267.0,,,"{'as_on': '#ef4444', 'one_week_ago': '#ef4444', 'last_five_day': '#ef4444', 'one_month_ago': None}",Achnera APMC,8014.57,,8198.92,,17-09-2026,-9.3,-767.0,2026-09-17,,
5.3,17-09-2026,Cotton,Uttar Pradesh,Fibre Crops,Aligarh,11885.62,Rs./Quintal,Metric Tonnes,34,,,,,11885.62,up,8267.0,,,"{'as_on': '#16a34a', 'one_week_ago': None, 'last_five_day': '#16a34a', 'one_month_ago': None}",Khair APMC,,,10039.9,,17-09-2026,43.8,3618.62,2026-09-17,,
1.31,17-09-2026,Cotton,Uttar Pradesh,Fibre Crops,Hathras,8711.0,Rs./Quintal,Metric Tonnes,34,,,,,8711.0,up,8267.0,,,"{'as_on': '#16a34a', 'one_week_ago': '#16a34a', 'last_five_day': '#16a34a', 'one_month_ago': None}",Haathras APMC,8639.25,,8657.92,,17-09-2026,5.4,444.0,2026-09-17,,
21.02,17-09-2026,Cotton,Uttar Pradesh,Fibre Crops,Mathura,8321.94,Rs./Quintal,Metric Tonnes,34,,,,,8321.94,up,8267.0,,,"{'as_on': '#16a34a', 'one_week_ago': None, 'last_five_day': '#ef4444', 'one_month_ago': None}",Mathura APMC,,,7923.8,,17-09-2026,0.7,54.94,2026-09-17,,
0.04,17-09-2026,Groundnut,Uttar Pradesh,Oil Seeds,Agra,16000.0,Rs./Quintal,Metric Tonnes,34,,,,,16000.0,up,7517.0,,,"{'as_on': '#16a34a', 'one_week_ago': None, 'last_five_day': '#16a34a', 'one_month_ago': None}",Agra APMC,,,15216.79,,17-09-2026,112.9,8483.0,2026-09-17,,
4.0,17-09-2026,Groundnut,Uttar Pradesh,Oil Seeds,Amroha,7184.85,Rs./Quintal,Metric Tonnes,34,,,,,7184.85,down,7517.0,,,"{'as_on': '#ef4444', 'one_week_ago': None, 'last_five_day': '#ef4444', 'one_month_ago': None}",Amroha APMC,,,7184.85,,17-09-2026,-4.4,-332.15,2026-09-17,,
12.32,17-09-2026,Groundnut,Uttar Pradesh,Oil Seeds,Kanpur,7008.0,Rs./Quintal,Metric Tonnes,34,,,,,7008.0,down,7517.0,,,"{'as_on': '#ef4444', 'one_week_ago': None, 'last_five_day': '#ef4444', 'one_month_ago': None}",Kanpur(Grain) APMC,,,7008.0,,17-09-2026,-6.8,-509.0,2026-09-17,,
16.6,17-09-2026,Groundnut,Uttar Pradesh,Oil Seeds,Kasganj,4100.0,Rs./Quintal,Metric Tonnes,34,,,,,4100.0,down,7517.0,,,"{'as_on': '#ef4444', 'one_week_ago': None, 'last_five_day': '#ef4444', 'one_month_ago': '#ef4444'}",Kasganj APMC,,,4100.0,6917.56,17-09-2026,-45.5,-3417.0,2026-09-17,,
18.0,17-09-2026,Groundnut,Uttar Pradesh,Oil Seeds,Mahoba,7622.88,Rs./Quintal,Metric Tonnes,34,,,,,7622.88,up,7517.0,4390.0,,"{'as_on': '#16a34a', 'one_week_ago': '#ef4444', 'last_five_day': '#ef4444', 'one_month_ago': '#ef4444'}",Mahoba APMC,7124.19,6490.0,7032.36,7019.38,17-09-2026,1.4,105.88,2026-09-17,,
27.9,17-09-2026,Groundnut,Uttar Pradesh,Oil Seeds,Mainpuri,5884.96,Rs./Quintal,Metric Tonnes,34,,,,,5884.96,down,7517.0,6800.0,4280.0,"{'as_on': '#ef4444', 'one_week_ago': '#ef4444', 'last_five_day': '#ef4444', 'one_month_ago': '#ef4444'}",Mainpuri APMC,6185.1,,5740.13,6594.77,17-09-2026,-21.7,-1632.04,2026-09-17,,
0.33,17-09-2026,Groundnut,Uttar Pradesh,Oil Seeds,Mathura,11066.81,Rs./Quintal,Metric Tonnes,34,,,,,11066.81,up,7517.0,,,"{'as_on': '#16a34a', 'one_week_ago': None, 'last_five_day': '#16a34a', 'one_month_ago': None}",Mathura APMC,,,10580.02,,17-09-2026,47.2,3549.81,2026-09-17,,
8.0,17-09-2026,Groundnut,Uttar Pradesh,Oil Seeds,Rampur,6000.0,Rs./Quintal,Metric Tonnes,34,,,,,6000.0,down,7517.0,,,"{'as_on': '#ef4444', 'one_week_ago': None, 'last_five_day': '#ef4444', 'one_month_ago': None}",Rampur APMC,,,6000.0,,17-09-2026,-20.2,-1517.0,2026-09-17,,
1.95,17-09-2026,Groundnut,Uttar Pradesh,Oil Seeds,Shahjahanpur,6000.0,Rs./Quintal,Metric Tonnes,34,,,,,6000.0,down,7517.0,,4000.0,"{'as_on': '#ef4444', 'one_week_ago': '#ef4444', 'last_five_day': '#ef4444', 'one_month_ago': '#16a34a'}",Jalalabad APMC,6386.38,,6926.26,8500.0,17-09-2026,-20.2,-1517.0,2026-09-17,,
5.11,17-09-2026,Mustard,Uttar Pradesh,Oil Seeds,Agra,7658.47,Rs./Quintal,Metric Tonnes,34,,,,,7658.47,up,6200.0,7040.0,5720.0,"{'as_on': '#16a34a', 'one_week_ago': None, 'last_five_day': '#16a34a', 'one_month_ago': None}",Achnera APMC,,5520.0,7666.62,,17-09-2026,23.5,1458.47,2026-09-17,,
37.22,17-09-2026,Mustard,Uttar Pradesh,Oil Seeds,Agra,7747.43,Rs./Quintal,Metric Tonnes,34,,,,,7747.43,up,6200.0,,5650.0,"{'as_on': '#16a34a', 'one_week_ago': '#16a34a', 'last_five_day': '#16a34a', 'one_month_ago': None}",Jagnair APMC,8011.71,,7781.08,,17-09-2026,25.0,1547.43,2026-09-17,,
18.8,17-09-2026,Mustard,Uttar Pradesh,Oil Seeds,Agra,7837.71,Rs./Quintal,Metric Tonnes,34,,,,,7837.71,up,6200.0,6800.0,,"{'as_on': '#16a34a', 'one_week_ago': '#16a34a', 'last_five_day': '#16a34a', 'one_month_ago': None}",Khairagarh APMC,7898.09,,7720.84,,17-09-2026,26.4,1637.71,2026-09-17,,
2.5,17-09-2026,Mustard,Uttar Pradesh,Oil Seeds,Aligarh,7300.0,Rs./Quintal,Metric Tonnes,34,,,,,7300.0,up,6200.0,,,"{'as_on': '#16a34a', 'one_week_ago': '#16a34a', 'last_five_day': '#16a34a', 'one_month_ago': None}",Khair APMC,7300.0,,7300.0,,17-09-2026,17.7,1100.0,2026-09-17,,
1.4,17-09-2026,Mustard,Uttar Pradesh,Oil Seeds,Ambedkarnagar,6000.0,Rs./Quintal,Metric Tonnes,34,,,,,6000.0,down,6200.0,,5540.0,"{'as_on': '#ef4444', 'one_week_ago': None, 'last_five_day': '#ef4444', 'one_month_ago': None}",Akbarpur APMC,,,6000.0,,17-09-2026,-3.2,-200.0,2026-09-17,,
78.2,17-09-2026,Mustard,Uttar Pradesh,Oil Seeds,Auraiya,7550.0,Rs./Quintal,Metric Tonnes,34,,,,,7550.0,up,6200.0,6850.0,6020.0,"{'as_on': '#16a34a', 'one_week_ago': '#16a34a', 'last_five_day': '#16a34a', 'one_month_ago': '#16a34a'}",Auraiya APMC,7562.77,,7606.21,7507.41,17-09-2026,21.8,1350.0,2026-09-17,,
4.0,17-09-2026,Mustard,Uttar Pradesh,Oil Seeds,Auraiya,6500.0,Rs./Quintal,Metric Tonnes,34,,,,,6500.0,up,6200.0,,,"{'as_on': '#16a34a', 'one_week_ago': None, 'last_five_day': '#16a34a', 'one_month_ago': None}",Dibiapur APMC,,,6500.0,,17-09-2026,4.8,300.0,2026-09-17,,
25.13,17-09-2026,Mustard,Uttar Pradesh,Oil Seeds,Barabanki,6000.0,Rs./Quintal,Metric Tonnes,34,,,,,6000.0,down,6200.0,6750.0,5550.0,"{'as_on': '#ef4444', 'one_week_ago': '#16a34a', 'last_five_day': '#16a34a', 'one_month_ago': None}",Safdarganj APMC,6262.94,,6328.15,,17-09-2026,-3.2,-200.0,2026-09-17,,
34.49,17-09-2026,Mustard,Uttar Pradesh,Oil Seeds,Bulandshahar,7500.0,Rs./Quintal,Metric Tonnes,34,,,,,7500.0,up,6200.0,,5900.0,"{'as_on': '#16a34a', 'one_week_ago': None, 'last_five_day': '#16a34a', 'one_month_ago': None}",Divai APMC,,,7326.61,,17-09-2026,21.0,1300.0,2026-09-17,,
2.6,17-09-2026,Mustard,Uttar Pradesh,Oil Seeds,Ghaziabad,6234.62,Rs./Quintal,Metric Tonnes,34,,,,,6234.62,up,6200.0,,,"{'as_on': '#16a34a', 'one_week_ago': None, 'last_five_day': '#16a34a', 'one_month_ago': None}",Ghaziabad APMC,,5450.0,6332.26,,17-09-2026,0.6,34.62,2026-09-17,,
0.04,17-09-2026,Mustard,Uttar Pradesh,Oil Seeds,Ghaziabad,12000.0,Rs./Quintal,Metric Tonnes,34,,,,,12000.0,up,6200.0,,5700.0,"{'as_on': '#16a34a', 'one_week_ago': None, 'last_five_day': '#16a34a', 'one_month_ago': None}",Hapur APMC,,,12000.0,,17-09-2026,93.5,5800.0,2026-09-17,,
0.07,17-09-2026,Mustard,Uttar Pradesh,Oil Seeds,Ghaziabad,15000.0,Rs./Quintal,Metric Tonnes,34,,,,,15000.0,up,6200.0,,,"{'as_on': '#16a34a', 'one_week_ago': None, 'last_five_day': '#16a34a', 'one_month_ago': None}",Noida APMC,,,15000.0,,17-09-2026,141.9,8800.0,2026-09-17,,
32.02,17-09-2026,Mustard,Uttar Pradesh,Oil Seeds,Gonda,6615.55,Rs./Quintal,Metric Tonnes,34,,,,,6615.55,up,6200.0,,,"{'as_on': '#16a34a', 'one_week_ago': '#16a34a', 'last_five_day': '#ef4444', 'one_month_ago': '#16a34a'}",Nawabganj APMC,7014.18,,6149.72,6539.8,17-09-2026,6.7,415.55,2026-09-17,,
63.41,17-09-2026,Mustard,Uttar Pradesh,Oil Seeds,Hamirpur,7000.0,Rs./Quintal,Metric Tonnes,34,,,,,7000.0,up,6200.0,6450.0,5300.0,"{'as_on': '#16a34a', 'one_week_ago': '#16a34a', 'last_five_day': '#16a34a', 'one_month_ago': '#16a34a'}",Maudaha APMC,7000.0,,7000.0,7146.67,17-09-2026,12.9,800.0,2026-09-17,,
12.4,17-09-2026,Mustard,Uttar Pradesh,Oil Seeds,Hamirpur,6000.0,Rs./Quintal,Metric Tonnes,34,,,,,6000.0,down,6200.0,,,"{'as_on': '#ef4444', 'one_week_ago': None, 'last_five_day': '#16a34a', 'one_month_ago': None}",Raath APMC,,5150.0,6924.45,,17-09-2026,-3.2,-200.0,2026-09-17,,
3.3,17-09-2026,Mustard,Uttar Pradesh,Oil Seeds,Hardoi,7400.0,Rs./Quintal,Metric Tonnes,34,,,,,7400.0,up,6200.0,6710.0,5520.0,"{'as_on': '#16a34a', 'one_week_ago': None, 'last_five_day': '#16a34a', 'one_month_ago': None}",Madhoganj APMC,,5480.0,7315.79,,17-09-2026,19.4,1200.0,2026-09-17,,
2.65,17-09-2026,Mustard,Uttar Pradesh,Oil Seeds,Jalaun (Orai),6800.0,Rs./Quintal,Metric Tonnes,34,,,,,6800.0,up,6200.0,6625.0,,"{'as_on': '#16a34a', 'one_week_ago': None, 'last_five_day': '#16a34a', 'one_month_ago': None}",Orai APMC,,5250.0,7139.81,,17-09-2026,9.7,600.0,2026-09-17,,
30.0,17-09-2026,Mustard,Uttar Pradesh,Oil Seeds,Jhansi,7000.0,Rs./Quintal,Metric Tonnes,34,,,,,7000.0,up,6200.0,,,"{'as_on': '#16a34a', 'one_week_ago': None, 'last_five_day': '#16a34a', 'one_month_ago': None}",Mauranipur APMC,,,7000.0,,17-09-2026,12.9,800.0,2026-09-17,,
37.95,17-09-2026,Mustard,Uttar Pradesh,Oil Seeds,Kanpur Dehat,7241.63,Rs./Quintal,Metric Tonnes,34,,,,,7241.63,up,6200.0,6600.0,,"{'as_on': '#16a34a', 'one_week_ago': '#16a34a', 'last_five_day': '#16a34a', 'one_month_ago': '#16a34a'}",Rura APMC,7600.0,5600.0,7385.72,7537.32,17-09-2026,16.8,1041.63,2026-09-17,,
32.27,17-09-2026,Mustard,Uttar Pradesh,Oil Seeds,Lakhimpur,6500.0,Rs./Quintal,Metric Tonnes,34,,,,,6500.0,up,6200.0,6645.0,5580.0,"{'as_on': '#16a34a', 'one_week_ago': '#16a34a', 'last_five_day': '#16a34a', 'one_month_ago': None}",Golagokarnath APMC,8294.92,,7059.59,,17-09-2026,4.8,300.0,2026-09-17,,
5.8,17-09-2026,Mustard,Uttar Pradesh,Oil Seeds,Lalitpur,8000.0,Rs./Quintal,Metric Tonnes,34,,,,,8000.0,up,6200.0,6200.0,,"{'as_on': '#16a34a', 'one_week_ago': '#16a34a', 'last_five_day': '#16a34a', 'one_month_ago': '#16a34a'}",Lalitpur APMC,6685.14,,6334.41,6596.29,17-09-2026,29.0,1800.0,2026-09-17,,
13.97,17-09-2026,Mustard,Uttar Pradesh,Oil Seeds,Mahoba,6488.62,Rs./Quintal,Metric Tonnes,34,,,,,6488.62,up,6200.0,,,"{'as_on': '#16a34a', 'one_week_ago': '#ef4444', 'last_five_day': '#16a34a', 'one_month_ago': None}",Charkhari APMC,6000.0,,6932.38,,17-09-2026,4.7,288.62,2026-09-17,,
2.0,17-09-2026,Mustard,Uttar Pradesh,Oil Seeds,Mainpuri,7000.0,Rs./Quintal,Metric Tonnes,34,,,,,7000.0,up,6200.0,7060.0,5900.0,"{'as_on': '#16a34a', 'one_week_ago': None, 'last_five_day': '#16a34a', 'one_month_ago': None}",Mainpuri APMC,,,7000.0,,17-09-2026,12.9,800.0,2026-09-17,,
0.06,17-09-2026,Mustard,Uttar Pradesh,Oil Seeds,Mathura,10000.0,Rs./Quintal,Metric Tonnes,34,,,,,10000.0,up,6200.0,7000.0,6000.0,"{'as_on': '#16a34a', 'one_week_ago': '#ef4444', 'last_five_day': '#16a34a', 'one_month_ago': None}",Mathura APMC,6061.11,,7256.93,,17-09-2026,61.3,3800.0,2026-09-17,,
39.26,17-09-2026,Mustard,Uttar Pradesh,Oil Seeds,Pillibhit,7402.09,Rs./Quintal,Metric Tonnes,34,,,,,7402.09,up,6200.0,,,"{'as_on': '#16a34a', 'one_week_ago': '#16a34a', 'last_five_day': '#16a34a', 'one_month_ago': None}",Pilibhit APMC,7424.72,,7493.7,,17-09-2026,19.4,1202.09,2026-09-17,,
17.8,17-09-2026,Mustard,Uttar Pradesh,Oil Seeds,Prayagraj,7063.96,Rs./Quintal,Metric Tonnes,34,,,,,7063.96,up,6200.0,,,"{'as_on': '#16a34a', 'one_week_ago': None, 'last_five_day': '#16a34a', 'one_month_ago': None}",Jasra APMC,,,6837.54,,17-09-2026,13.9,863.96,2026-09-17,,
3.0,17-09-2026,Mustard,Uttar Pradesh,Oil Seeds,Sitapur,6506.33,Rs./Quintal,Metric Tonnes,34,,,,,6506.33,up,6200.0,,,"{'as_on': '#16a34a', 'one_week_ago': '#16a34a', 'last_five_day': '#16a34a', 'one_month_ago': None}",Mehmoodabad APMC,6500.0,,6503.95,,17-09-2026,4.9,306.33,2026-09-17,,
30.46,17-09-2026,Mustard,Uttar Pradesh,Oil Seeds,Sitapur,7000.0,Rs./Quintal,Metric Tonnes,34,,,,,7000.0,up,6200.0,6710.0,5565.0,"{'as_on': '#16a34a', 'one_week_ago': '#16a34a', 'last_five_day': '#16a34a', 'one_month_ago': '#16a34a'}",Sitapur APMC,7000.0,,6967.38,7516.93,17-09-2026,12.9,800.0,2026-09-17,,
0.01,17-09-2026,"Sesamum(Sesame,Gingelly,Til)",Uttar Pradesh,Oil Seeds,Ghaziabad,16000.0,Rs./Quintal,Metric Tonnes,34,,,,,16000.0,up,10346.0,,,"{'as_on': '#16a34a', 'one_week_ago': None, 'last_five_day': '#16a34a', 'one_month_ago': None}",Hapur APMC,,,16000.0,,17-09-2026,54.6,5654.0,2026-09-17,,
0.6,17-09-2026,"Sesamum(Sesame,Gingelly,Til)",Uttar Pradesh,Oil Seeds,Jaunpur,7100.0,Rs./Quintal,Metric Tonnes,34,,,,,7100.0,down,10346.0,,,"{'as_on': '#ef4444', 'one_week_ago': None, 'last_five_day': '#ef4444', 'one_month_ago': None}",Jaunpur APMC,,,7100.0,,17-09-2026,-31.4,-3246.0,2026-09-17,,
5.4,17-09-2026,"Sesamum(Sesame,Gingelly,Til)",Uttar Pradesh,Oil Seeds,Jhansi,8000.0,Rs./Quintal,Metric Tonnes,34,,,,,8000.0,down,10346.0,,,"{'as_on': '#ef4444', 'one_week_ago': None, 'last_five_day': '#ef4444', 'one_month_ago': '#ef4444'}",Mauranipur APMC,,,8000.0,8000.0,17-09-2026,-22.7,-2346.0,2026-09-17,,
54.75,17-09-2026,Green Gram(Moong)(Whole),Uttar Pradesh,Pulses,Agra,8768.0,Rs./Quintal,Metric Tonnes,34,,,,,8768.0,down,8780.0,,,"{'as_on': '#ef4444', 'one_week_ago': '#ef4444', 'last_five_day': '#ef4444', 'one_month_ago': None}",Agra APMC,8768.0,,8772.87,,17-09-2026,-0.1,-12.0,2026-09-17,,
52.0,17-09-2026,Green Gram(Moong)(Whole),Uttar Pradesh,Pulses,Agra,8768.0,Rs./Quintal,Metric Tonnes,34,,,,,8768.0,down,8780.0,,,"{'as_on': '#ef4444', 'one_week_ago': None, 'last_five_day': '#ef4444', 'one_month_ago': None}",Jagnair APMC,,,8768.0,,17-09-2026,-0.1,-12.0,2026-09-17,,
56.2,17-09-2026,Green Gram(Moong)(Whole),Uttar Pradesh,Pulses,Aligarh,8768.0,Rs./Quintal,Metric Tonnes,34,,,,,8768.0,down,8780.0,,,"{'as_on': '#ef4444', 'one_week_ago': '#ef4444', 'last_five_day': '#ef4444', 'one_month_ago': None}",Charra APMC,8768.0,,8768.0,,17-09-2026,-0.1,-12.0,2026-09-17,,
18.0,17-09-2026,Green Gram(Moong)(Whole),Uttar Pradesh,Pulses,Amethi,8768.0,Rs./Quintal,Metric Tonnes,34,,,,,8768.0,down,8780.0,,,"{'as_on': '#ef4444', 'one_week_ago': '#ef4444', 'last_five_day': '#ef4444', 'one_month_ago': '#ef4444'}",Sultanpur APMC,8768.0,8735.0,8768.0,8545.65,17-09-2026,-0.1,-12.0,2026-09-17,,
20.48,17-09-2026,Green Gram(Moong)(Whole),Uttar Pradesh,Pulses,Auraiya,6812.21,Rs./Quintal,Metric Tonnes,34,,,,,6812.21,down,8780.0,,,"{'as_on': '#ef4444', 'one_week_ago': '#ef4444', 'last_five_day': '#ef4444', 'one_month_ago': None}",Achalda APMC,6800.0,,6808.66,,17-09-2026,-22.4,-1967.79,2026-09-17,,
92.85,17-09-2026,Green Gram(Moong)(Whole),Uttar Pradesh,Pulses,Etawah,8768.0,Rs./Quintal,Metric Tonnes,34,,,,,8768.0,down,8780.0,,,"{'as_on': '#ef4444', 'one_week_ago': None, 'last_five_day': '#ef4444', 'one_month_ago': None}",Bharthna APMC,,,8768.0,,17-09-2026,-0.1,-12.0,2026-09-17,,
88.95,17-09-2026,Green Gram(Moong)(Whole),Uttar Pradesh,Pulses,Fatehpur,8768.0,Rs./Quintal,Metric Tonnes,34,,,,,8768.0,down,8780.0,,,"{'as_on': '#ef4444', 'one_week_ago': '#ef4444', 'last_five_day': '#ef4444', 'one_month_ago': None}",Fatehpur APMC,8768.0,,8768.0,,17-09-2026,-0.1,-12.0,2026-09-17,,
40.6,17-09-2026,Green Gram(Moong)(Whole),Uttar Pradesh,Pulses,Firozabad,8768.0,Rs./Quintal,Metric Tonnes,34,,,,,8768.0,down,8780.0,,,"{'as_on': '#ef4444', 'one_week_ago': None, 'last_five_day': '#ef4444', 'one_month_ago': None}",Shikohabad APMC,,,8768.0,,17-09-2026,-0.1,-12.0,2026-09-17,,
1.05,17-09-2026,Green Gram(Moong)(Whole),Uttar Pradesh,Pulses,Ghazipur,6130.0,Rs./Quintal,Metric Tonnes,34,,,,,6130.0,down,8780.0,,,"{'as_on': '#ef4444', 'one_week_ago': None, 'last_five_day': '#ef4444', 'one_month_ago': None}",Jangipura APMC,,,6130.0,,17-09-2026,-30.2,-2650.0,2026-09-17,,
36.95,17-09-2026,Green Gram(Moong)(Whole),Uttar Pradesh,Pulses,Hathras,8768.0,Rs./Quintal,Metric Tonnes,34,,,,,8768.0,down,8780.0,,,"{'as_on': '#ef4444', 'one_week_ago': '#ef4444', 'last_five_day': '#ef4444', 'one_month_ago': None}",Sikandraraau APMC,8768.0,,8699.06,,17-09-2026,-0.1,-12.0,2026-09-17,,
22.15,17-09-2026,Green Gram(Moong)(Whole),Uttar Pradesh,Pulses,Jalaun (Orai),8768.0,Rs./Quintal,Metric Tonnes,34,,,,,8768.0,down,8780.0,,,"{'as_on': '#ef4444', 'one_week_ago': '#ef4444', 'last_five_day': '#ef4444', 'one_month_ago': None}",Ait APMC,8768.0,,8768.0,,17-09-2026,-0.1,-12.0,2026-09-17,,
1.8,17-09-2026,Green Gram(Moong)(Whole),Uttar Pradesh,Pulses,Jalaun (Orai),8768.0,Rs./Quintal,Metric Tonnes,34,,,,,8768.0,down,8780.0,,,"{'as_on': '#ef4444', 'one_week_ago': None, 'last_five_day': '#ef4444', 'one_month_ago': '#16a34a'}",Jalaun APMC,,,8768.0,8780.0,17-09-2026,-0.1,-12.0,2026-09-17,,
43.85,17-09-2026,Green Gram(Moong)(Whole),Uttar Pradesh,Pulses,Jalaun (Orai),8768.0,Rs./Quintal,Metric Tonnes,34,,,,,8768.0,down,8780.0,,,"{'as_on': '#ef4444', 'one_week_ago': '#ef4444', 'last_five_day': '#ef4444', 'one_month_ago': '#ef4444'}",Konch APMC,8768.0,,8177.12,8209.46,17-09-2026,-0.1,-12.0,2026-09-17,,
19.15,17-09-2026,Green Gram(Moong)(Whole),Uttar Pradesh,Pulses,Jalaun (Orai),8768.0,Rs./Quintal,Metric Tonnes,34,,,,,8768.0,down,8780.0,,,"{'as_on': '#ef4444', 'one_week_ago': '#ef4444', 'last_five_day': '#ef4444', 'one_month_ago': '#ef4444'}",Orai APMC,8768.0,,8686.05,8768.0,17-09-2026,-0.1,-12.0,2026-09-17,,
56.76,17-09-2026,Green Gram(Moong)(Whole),Uttar Pradesh,Pulses,Jhansi,6605.0,Rs./Quintal,Metric Tonnes,34,,,,,6605.0,down,8780.0,,,"{'as_on': '#ef4444', 'one_week_ago': None, 'last_five_day': '#ef4444', 'one_month_ago': '#ef4444'}",Jhansi APMC,,,6605.0,6766.63,17-09-2026,-24.8,-2175.0,2026-09-17,,
69.4,17-09-2026,Green Gram(Moong)(Whole),Uttar Pradesh,Pulses,Kanpur Dehat,8462.29,Rs./Quintal,Metric Tonnes,34,,,,,8462.29,down,8780.0,,,"{'as_on': '#ef4444', 'one_week_ago': '#ef4444', 'last_five_day': '#ef4444', 'one_month_ago': '#ef4444'}",Jhijhank APMC,8768.0,7625.0,8009.49,8768.0,17-09-2026,-3.6,-317.71,2026-09-17,,
120.0,17-09-2026,Green Gram(Moong)(Whole),Uttar Pradesh,Pulses,Lalitpur,6524.45,Rs./Quintal,Metric Tonnes,34,,,,,6524.45,down,8780.0,7000.0,,"{'as_on': '#ef4444', 'one_week_ago': '#ef4444', 'last_five_day': '#ef4444', 'one_month_ago': '#ef4444'}",Lalitpur APMC,6666.54,,6896.68,8768.0,17-09-2026,-25.7,-2255.55,2026-09-17,,
32.3,17-09-2026,Green Gram(Moong)(Whole),Uttar Pradesh,Pulses,Mahoba,8768.0,Rs./Quintal,Metric Tonnes,34,,,,,8768.0,down,8780.0,,,"{'as_on': '#ef4444', 'one_week_ago': None, 'last_five_day': '#ef4444', 'one_month_ago': None}",Charkhari APMC,,,8768.0,,17-09-2026,-0.1,-12.0,2026-09-17,,
19.1,17-09-2026,Green Gram(Moong)(Whole),Uttar Pradesh,Pulses,Mainpuri,8768.0,Rs./Quintal,Metric Tonnes,34,,,,,8768.0,down,8780.0,,,"{'as_on': '#ef4444', 'one_week_ago': '#ef4444', 'last_five_day': '#ef4444', 'one_month_ago': '#ef4444'}",Mainpuri APMC,8768.0,,8768.0,8768.0,17-09-2026,-0.1,-12.0,2026-09-17,,
53.5,17-09-2026,Green Gram(Moong)(Whole),Uttar Pradesh,Pulses,Mathura,8768.0,Rs./Quintal,Metric Tonnes,34,,,,,8768.0,down,8780.0,,7580.0,"{'as_on': '#ef4444', 'one_week_ago': '#ef4444', 'last_five_day': '#ef4444', 'one_month_ago': '#ef4444'}",Mathura APMC,8768.0,,8758.92,8768.0,17-09-2026,-0.1,-12.0,2026-09-17,,
0.6,17-09-2026,Green Gram(Moong)(Whole),Uttar Pradesh,Pulses,Rampur,8750.0,Rs./Quintal,Metric Tonnes,34,,,,,8750.0,down,8780.0,,,"{'as_on': '#ef4444', 'one_week_ago': None, 'last_five_day': '#ef4444', 'one_month_ago': None}",Bilaspur APMC,,,8750.0,,17-09-2026,-0.3,-30.0,2026-09-17,,
3.48,17-09-2026,Green Gram(Moong)(Whole),Uttar Pradesh,Pulses,Sonbhadra,6000.0,Rs./Quintal,Metric Tonnes,34,,,,,6000.0,down,8780.0,,,"{'as_on': '#ef4444', 'one_week_ago': None, 'last_five_day': '#ef4444', 'one_month_ago': None}",Robertsganj APMC,,,6000.0,,17-09-2026,-31.7,-2780.0,2026-09-17,,
4.0,17-09-2026,Lentil(Masur)(Whole),Uttar Pradesh,Pulses,Balrampur,9500.0,Rs./Quintal,Metric Tonnes,34,,,,,9500.0,up,7000.0,7325.0,7020.0,"{'as_on': '#16a34a', 'one_week_ago': '#16a34a', 'last_five_day': '#16a34a', 'one_month_ago': None}",Tulsipur APMC,9500.0,7050.0,9476.0,,17-09-2026,35.7,2500.0,2026-09-17,,
30.0,17-09-2026,Red gram/Arhar/Tur(whole),Uttar Pradesh,Pulses,Bareilly,12600.0,Rs./Quintal,Metric Tonnes,34,,,,,12600.0,up,8450.0,,,"{'as_on': '#16a34a', 'one_week_ago': None, 'last_five_day': '#16a34a', 'one_month_ago': None}",Bareilly APMC,,,12600.0,,17-09-2026,49.1,4150.0,2026-09-17,,
0.22,17-09-2026,Onion,Uttar Pradesh,Vegetables,Agra,4000.0,Rs./Quintal,Metric Tonnes,34,,,,,4000.0,,,,3700.0,"{'as_on': None, 'one_week_ago': None, 'last_five_day': None, 'one_month_ago': None}",Agra APMC,,,2585.74,,17-09-2026,,,2026-09-17,,
0.4,17-09-2026,Onion,Uttar Pradesh,Vegetables,Agra,4050.0,Rs./Quintal,Metric Tonnes,34,,,,,4050.0,,,1250.0,,"{'as_on': None, 'one_week_ago': None, 'last_five_day': None, 'one_month_ago': None}",Khairagarh APMC,4050.0,,3987.5,,17-09-2026,,,2026-09-17,,
1.0,17-09-2026,Onion,Uttar Pradesh,Vegetables,Agra,3200.0,Rs./Quintal,Metric Tonnes,34,,,,,3200.0,,,1000.0,1900.0,"{'as_on': None, 'one_week_ago': None, 'last_five_day': None, 'one_month_ago': None}",Samsabad APMC,2321.43,1700.0,2959.76,1500.0,17-09-2026,,,2026-09-17,,
15.0,17-09-2026,Onion,Uttar Pradesh,Vegetables,Aligarh,3200.0,Rs./Quintal,Metric Tonnes,34,,,,,3200.0,,,1430.0,3650.0,"{'as_on': None, 'one_week_ago': None, 'last_five_day': None, 'one_month_ago': None}",Aligarh APMC,,1900.0,3329.27,1816.13,17-09-2026,,,2026-09-17,,
19.0,17-09-2026,Onion,Uttar Pradesh,Vegetables,Amroha,2500.0,Rs./Quintal,Metric Tonnes,34,,,,,2500.0,,,1400.0,3720.0,"{'as_on': None, 'one_week_ago': None, 'last_five_day': None, 'one_month_ago': None}",Amroha APMC,,,2500.0,1500.0,17-09-2026,,,2026-09-17,,
14.0,17-09-2026,Onion,Uttar Pradesh,Vegetables,Auraiya,4000.0,Rs./Quintal,Metric Tonnes,34,,,,,4000.0,,,1450.0,3560.0,"{'as_on': None, 'one_week_ago': None, 'last_five_day': None, 'one_month_ago': None}",Auraiya APMC,4000.0,,4000.0,2320.0,17-09-2026,,,2026-09-17,,
0.49,17-09-2026,Onion,Uttar Pradesh,Vegetables,Auraiya,5000.0,Rs./Quintal,Metric Tonnes,34,,,,,5000.0,,,,,"{'as_on': None, 'one_week_ago': None, 'last_five_day': None, 'one_month_ago': None}",Dibiapur APMC,,,5000.0,,17-09-2026,,,2026-09-17,,
65.12,17-09-2026,Onion,Uttar Pradesh,Vegetables,Ayodhya,2811.34,Rs./Quintal,Metric Tonnes,34,,,,,2811.34,,,1400.0,3620.0,"{'as_on': None, 'one_week_ago': None, 'last_five_day': None, 'one_month_ago': None}",Ayodhya APMC,,2095.0,2586.23,1500.0,17-09-2026,,,2026-09-17,,
44.05,17-09-2026,Onion,Uttar Pradesh,Vegetables,Ayodhya,2500.0,Rs./Quintal,Metric Tonnes,34,,,,,2500.0,,,1350.0,,"{'as_on': None, 'one_week_ago': None, 'last_five_day': None, 'one_month_ago': None}",Rudauli APMC,,2120.0,2500.0,,17-09-2026,,,2026-09-17,,
0.1,17-09-2026,Onion,Uttar Pradesh,Vegetables,Baghpat,3600.0,Rs./Quintal,Metric Tonnes,34,,,,,3600.0,,,,4500.0,"{'as_on': None, 'one_week_ago': None, 'last_five_day': None, 'one_month_ago': None}",Khekda APMC,3200.0,2200.0,3442.86,2700.0,17-09-2026,,,2026-09-17,,
24.9,17-09-2026,Onion,Uttar Pradesh,Vegetables,Bahraich,2500.0,Rs./Quintal,Metric Tonnes,34,,,,,2500.0,,,1425.0,3650.0,"{'as_on': None, 'one_week_ago': None, 'last_five_day': None, 'one_month_ago': None}",Bahraich APMC,2525.67,,2500.0,1500.0,17-09-2026,,,2026-09-17,,
122.6,17-09-2026,Onion,Uttar Pradesh,Vegetables,Barabanki,2500.0,Rs./Quintal,Metric Tonnes,34,,,,,2500.0,,,1430.0,3690.0,"{'as_on': None, 'one_week_ago': None, 'last_five_day': None, 'one_month_ago': None}",Barabanki APMC,2500.0,,2500.0,1500.0,17-09-2026,,,2026-09-17,,
27.0,17-09-2026,Onion,Uttar Pradesh,Vegetables,Bareilly,2800.0,Rs./Quintal,Metric Tonnes,34,,,,,2800.0,,,,3200.0,"{'as_on': None, 'one_week_ago': None, 'last_five_day': None, 'one_month_ago': None}",Anwala APMC,,1700.0,2800.0,1500.0,17-09-2026,,,2026-09-17,,
0.23,17-09-2026,Onion,Uttar Pradesh,Vegetables,Basti,3500.0,Rs./Quintal,Metric Tonnes,34,,,,,3500.0,,,1410.0,3800.0,"{'as_on': None, 'one_week_ago': None, 'last_five_day': None, 'one_month_ago': None}",Basti APMC,,2120.0,3500.0,,17-09-2026,,,2026-09-17,,
103.0,17-09-2026,Onion,Uttar Pradesh,Vegetables,Bijnor,2080.58,Rs./Quintal,Metric Tonnes,34,,,,,2080.58,,,1200.0,,"{'as_on': None, 'one_week_ago': None, 'last_five_day': None, 'one_month_ago': None}",Najibabad APMC,2500.0,,2107.27,,17-09-2026,,,2026-09-17,,
38.0,17-09-2026,Onion,Uttar Pradesh,Vegetables,Bulandshahar,2800.0,Rs./Quintal,Metric Tonnes,34,,,,,2800.0,,,1435.0,3780.0,"{'as_on': None, 'one_week_ago': None, 'last_five_day': None, 'one_month_ago': None}",Buland Shahr APMC,,,2869.44,1525.32,17-09-2026,,,2026-09-17,,
13.0,17-09-2026,Onion,Uttar Pradesh,Vegetables,Bulandshahar,4000.0,Rs./Quintal,Metric Tonnes,34,,,,,4000.0,,,,,"{'as_on': None, 'one_week_ago': None, 'last_five_day': None, 'one_month_ago': None}",Sikanderabad APMC,3800.0,1900.0,3860.42,2433.33,17-09-2026,,,2026-09-17,,
3.6,17-09-2026,Onion,Uttar Pradesh,Vegetables,Chandauli,2000.0,Rs./Quintal,Metric Tonnes,34,,,,,2000.0,,,1385.0,3600.0,"{'as_on': None, 'one_week_ago': None, 'last_five_day': None, 'one_month_ago': None}",Chandoli APMC,2000.0,2230.0,2000.0,,17-09-2026,,,2026-09-17,,
12.0,17-09-2026,Onion,Uttar Pradesh,Vegetables,Fatehpur,4000.0,Rs./Quintal,Metric Tonnes,34,,,,,4000.0,,,1360.0,3700.0,"{'as_on': None, 'one_week_ago': None, 'last_five_day': None, 'one_month_ago': None}",Fatehpur APMC,3580.0,2200.0,3725.0,2391.84,17-09-2026,,,2026-09-17,,
1.78,17-09-2026,Onion,Uttar Pradesh,Vegetables,Gautam Budh Nagar,3000.0,Rs./Quintal,Metric Tonnes,34,,,,,3000.0,,,,3780.0,"{'as_on': None, 'one_week_ago': None, 'last_five_day': None, 'one_month_ago': None}",DADRI APMC,,1820.0,3050.29,,17-09-2026,,,2026-09-17,,
38.79,17-09-2026,Onion,Uttar Pradesh,Vegetables,Ghaziabad,4000.0,Rs./Quintal,Metric Tonnes,34,,,,,4000.0,,,1430.0,3750.0,"{'as_on': None, 'one_week_ago': None, 'last_five_day': None, 'one_month_ago': None}",Noida APMC,4000.0,,4031.98,2200.0,17-09-2026,,,2026-09-17,,
1.13,17-09-2026,Onion,Uttar Pradesh,Vegetables,Ghazipur,5000.0,Rs./Quintal,Metric Tonnes,34,,,,,5000.0,,,,,"{'as_on': None, 'one_week_ago': None, 'last_five_day': None, 'one_month_ago': None}",Jangipura APMC,,,5000.0,,17-09-2026,,,2026-09-17,,
0.81,17-09-2026,Onion,Uttar Pradesh,Vegetables,Gorakhpur,3000.0,Rs./Quintal,Metric Tonnes,34,,,,,3000.0,,,1375.0,,"{'as_on': None, 'one_week_ago': None, 'last_five_day': None, 'one_month_ago': None}",Gorakhpur APMC,2500.0,2115.0,2509.57,1500.0,17-09-2026,,,2026-09-17,,
0.26,17-09-2026,Onion,Uttar Pradesh,Vegetables,Hathras,4000.0,Rs./Quintal,Metric Tonnes,34,,,,,4000.0,,,1400.0,,"{'as_on': None, 'one_week_ago': None, 'last_five_day': None, 'one_month_ago': None}",Haathras APMC,,,3005.11,2000.0,17-09-2026,,,2026-09-17,,
60.0,17-09-2026,Onion,Uttar Pradesh,Vegetables,Jaunpur,3800.0,Rs./Quintal,Metric Tonnes,34,,,,,3800.0,,,1385.0,3800.0,"{'as_on': None, 'one_week_ago': None, 'last_five_day': None, 'one_month_ago': None}",Jaunpur APMC,3721.43,,3681.9,,17-09-2026,,,2026-09-17,,
50.0,17-09-2026,Onion,Uttar Pradesh,Vegetables,Jaunpur,2500.0,Rs./Quintal,Metric Tonnes,34,,,,,2500.0,,,1385.0,3820.0,"{'as_on': None, 'one_week_ago': None, 'last_five_day': None, 'one_month_ago': None}",Mugrabaadshahpur APMC,,,2500.0,1500.0,17-09-2026,,,2026-09-17,,
20.5,17-09-2026,Onion,Uttar Pradesh,Vegetables,Jhansi,2600.0,Rs./Quintal,Metric Tonnes,34,,,,,2600.0,,,1360.0,3750.0,"{'as_on': None, 'one_week_ago': None, 'last_five_day': None, 'one_month_ago': None}",Jhansi APMC,2400.0,1800.0,2259.34,2100.0,17-09-2026,,,2026-09-17,,
3.0,17-09-2026,Onion,Uttar Pradesh,Vegetables,Kanpur,3500.0,Rs./Quintal,Metric Tonnes,34,,,,,3500.0,,,,3200.0,"{'as_on': None, 'one_week_ago': None, 'last_five_day': None, 'one_month_ago': None}",Baripaal APMC,,,3500.0,,17-09-2026,,,2026-09-17,,
425.9,17-09-2026,Onion,Uttar Pradesh,Vegetables,Kanpur,3500.0,Rs./Quintal,Metric Tonnes,34,,,,,3500.0,,,1450.0,3550.0,"{'as_on': None, 'one_week_ago': None, 'last_five_day': None, 'one_month_ago': None}",Kanpur(Grain) APMC,3500.0,,3500.0,2200.0,17-09-2026,,,2026-09-17,,
2.0,17-09-2026,Onion,Uttar Pradesh,Vegetables,Kanpur,3500.0,Rs./Quintal,Metric Tonnes,34,,,,,3500.0,,,1450.0,3540.0,"{'as_on': None, 'one_week_ago': None, 'last_five_day': None, 'one_month_ago': None}",Uttaripura APMC,,,3500.0,1500.0,17-09-2026,,,2026-09-17,,
25.2,17-09-2026,Onion,Uttar Pradesh,Vegetables,Lakhimpur,2000.0,Rs./Quintal,Metric Tonnes,34,,,,,2000.0,,,1445.0,2350.0,"{'as_on': None, 'one_week_ago': None, 'last_five_day': None, 'one_month_ago': None}",Golagokarnath APMC,,,1754.95,,17-09-2026,,,2026-09-17,,
29.7,17-09-2026,Onion,Uttar Pradesh,Vegetables,Lakhimpur,2880.0,Rs./Quintal,Metric Tonnes,34,,,,,2880.0,,,1550.0,3750.0,"{'as_on': None, 'one_week_ago': None, 'last_five_day': None, 'one_month_ago': None}",Lakhimpur APMC,2950.0,2070.0,2891.66,,17-09-2026,,,2026-09-17,,
31.0,17-09-2026,Onion,Uttar Pradesh,Vegetables,Lakhimpur,2900.0,Rs./Quintal,Metric Tonnes,34,,,,,2900.0,,,,,"{'as_on': None, 'one_week_ago': None, 'last_five_day': None, 'one_month_ago': None}",Paliakala APMC,2900.0,,2784.98,,17-09-2026,,,2026-09-17,,
65.2,17-09-2026,Onion,Uttar Pradesh,Vegetables,Maharajganj,2000.0,Rs./Quintal,Metric Tonnes,34,,,,,2000.0,,,1250.0,2200.0,"{'as_on': None, 'one_week_ago': None, 'last_five_day': None, 'one_month_ago': None}",Gadaura APMC,2000.0,1300.0,2000.0,1500.0,17-09-2026,,,2026-09-17,,
60.0,17-09-2026,Onion,Uttar Pradesh,Vegetables,Maharajganj,2500.0,Rs./Quintal,Metric Tonnes,34,,,,,2500.0,,,1400.0,3845.0,"{'as_on': None, 'one_week_ago': None, 'last_five_day': None, 'one_month_ago': None}",Partaval APMC,2500.0,,2500.0,,17-09-2026,,,2026-09-17,,
22.92,17-09-2026,Onion,Uttar Pradesh,Vegetables,Mathura,3440.57,Rs./Quintal,Metric Tonnes,34,,,,,3440.57,,,1360.0,3700.0,"{'as_on': None, 'one_week_ago': None, 'last_five_day': None, 'one_month_ago': None}",Mathura APMC,3773.05,,3397.88,2399.49,17-09-2026,,,2026-09-17,,
149.0,17-09-2026,Onion,Uttar Pradesh,Vegetables,Pillibhit,1589.93,Rs./Quintal,Metric Tonnes,34,,,,,1589.93,,,1372.5,3585.0,"{'as_on': None, 'one_week_ago': None, 'last_five_day': None, 'one_month_ago': None}",Pilibhit APMC,,1850.0,1825.82,1360.0,17-09-2026,,,2026-09-17,,
54.0,17-09-2026,Onion,Uttar Pradesh,Vegetables,Prayagraj,4000.0,Rs./Quintal,Metric Tonnes,34,,,,,4000.0,,,1360.0,3810.0,"{'as_on': None, 'one_week_ago': None, 'last_five_day': None, 'one_month_ago': None}",Prayagraj APMC,4000.0,,4000.0,903.48,17-09-2026,,,2026-09-17,,
0.06,17-09-2026,Onion,Uttar Pradesh,Vegetables,Raebarelli,5000.0,Rs./Quintal,Metric Tonnes,34,,,,,5000.0,,,1360.0,3475.0,"{'as_on': None, 'one_week_ago': None, 'last_five_day': None, 'one_month_ago': None}",Raibareilly APMC,,2130.0,3703.22,,17-09-2026,,,2026-09-17,,
27.44,17-09-2026,Onion,Uttar Pradesh,Vegetables,Rampur,2876.52,Rs./Quintal,Metric Tonnes,34,,,,,2876.52,,,1410.0,3750.0,"{'as_on': None, 'one_week_ago': None, 'last_five_day': None, 'one_month_ago': None}",Rampur APMC,,1825.0,2550.2,,17-09-2026,,,2026-09-17,,
0.6,17-09-2026,Onion,Uttar Pradesh,Vegetables,Saharanpur,2500.0,Rs./Quintal,Metric Tonnes,34,,,,,2500.0,,,,,"{'as_on': None, 'one_week_ago': None, 'last_five_day': None, 'one_month_ago': None}",Rampurmaniharan APMC,2314.29,,2481.82,2400.0,17-09-2026,,,2026-09-17,,
19.4,17-09-2026,Onion,Uttar Pradesh,Vegetables,Sambhal,2000.0,Rs./Quintal,Metric Tonnes,34,,,,,2000.0,,,1385.0,3700.0,"{'as_on': None, 'one_week_ago': None, 'last_five_day': None, 'one_month_ago': None}",Chandausi APMC,,,2000.0,2167.72,17-09-2026,,,2026-09-17,,
68.0,17-09-2026,Onion,Uttar Pradesh,Vegetables,Sambhal,2500.0,Rs./Quintal,Metric Tonnes,34,,,,,2500.0,,,1390.0,3760.0,"{'as_on': None, 'one_week_ago': None, 'last_five_day': None, 'one_month_ago': None}",Muradabad APMC,2518.06,1800.0,2502.05,1500.0,17-09-2026,,,2026-09-17,,
1.0,17-09-2026,Onion,Uttar Pradesh,Vegetables,Shamli,2800.0,Rs./Quintal,Metric Tonnes,34,,,,,2800.0,,,1050.0,1950.0,"{'as_on': None, 'one_week_ago': None, 'last_five_day': None, 'one_month_ago': None}",Kairana APMC,3000.0,,2962.96,1200.0,17-09-2026,,,2026-09-17,,
4.0,17-09-2026,Onion,Uttar Pradesh,Vegetables,Shamli,4500.0,Rs./Quintal,Metric Tonnes,34,,,,,4500.0,,,,1750.0,"{'as_on': None, 'one_week_ago': None, 'last_five_day': None, 'one_month_ago': None}",Khandhla APMC,4800.0,,3627.12,,17-09-2026,,,2026-09-17,,
2.0,17-09-2026,Onion,Uttar Pradesh,Vegetables,Shamli,4650.0,Rs./Quintal,Metric Tonnes,34,,,,,4650.0,,,1345.0,3800.0,"{'as_on': None, 'one_week_ago': None, 'last_five_day': None, 'one_month_ago': None}",Shamli APMC,4500.0,1770.0,4663.55,3050.0,17-09-2026,,,2026-09-17,,
190.6,17-09-2026,Onion,Uttar Pradesh,Vegetables,Siddharth Nagar,1800.0,Rs./Quintal,Metric Tonnes,34,,,,,1800.0,,,1415.0,,"{'as_on': None, 'one_week_ago': None, 'last_five_day': None, 'one_month_ago': None}",Naugarh APMC,,,1800.0,,17-09-2026,,,2026-09-17,,
30.0,17-09-2026,Onion,Uttar Pradesh,Vegetables,Sitapur,2800.0,Rs./Quintal,Metric Tonnes,34,,,,,2800.0,,,1420.0,3700.0,"{'as_on': None, 'one_week_ago': None, 'last_five_day': None, 'one_month_ago': None}",Sitapur APMC,2800.0,,2800.0,1500.0,17-09-2026,,,2026-09-17,,
2.7,17-09-2026,Onion,Uttar Pradesh,Vegetables,Sonbhadra,3400.0,Rs./Quintal,Metric Tonnes,34,,,,,3400.0,,,1000.0,,"{'as_on': None, 'one_week_ago': None, 'last_five_day': None, 'one_month_ago': None}",Dudhi APMC,,1800.0,3408.16,2300.0,17-09-2026,,,2026-09-17,,
0.3,17-09-2026,Onion,Uttar Pradesh,Vegetables,Sonbhadra,4671.27,Rs./Quintal,Metric Tonnes,34,,,,,4671.27,,,,3660.0,"{'as_on': None, 'one_week_ago': None, 'last_five_day': None, 'one_month_ago': None}",Robertsganj APMC,2000.0,2240.0,4029.15,2000.0,17-09-2026,,,2026-09-17,,
0.53,17-09-2026,Onion,Uttar Pradesh,Vegetables,Unnao,4500.0,Rs./Quintal,Metric Tonnes,34,,,,,4500.0,,,1400.0,3700.0,"{'as_on': None, 'one_week_ago': None, 'last_five_day': None, 'one_month_ago': None}",Unnao APMC,,1875.0,4500.0,,17-09-2026,,,2026-09-17,,
71.18,17-09-2026,Onion,Uttar Pradesh,Vegetables,Varanasi,3513.4,Rs./Quintal,Metric Tonnes,34,,,,,3513.4,,,,,"{'as_on': None, 'one_week_ago': None, 'last_five_day': None, 'one_month_ago': None}",Varanasi APMC,3500.0,,3551.16,2013.29,17-09-2026,,,2026-09-17,,
154.0,17-09-2026,Potato,Uttar Pradesh,Vegetables,Agra,500.0,Rs./Quintal,Metric Tonnes,34,,,,,500.0,,,1090.0,2060.0,"{'as_on': None, 'one_week_ago': None, 'last_five_day': None, 'one_month_ago': None}",Achnera APMC,,1000.0,500.0,,17-09-2026,,,2026-09-17,,
2110.8,17-09-2026,Potato,Uttar Pradesh,Vegetables,Agra,575.28,Rs./Quintal,Metric Tonnes,34,,,,,575.28,,,,2060.0,"{'as_on': None, 'one_week_ago': None, 'last_five_day': None, 'one_month_ago': None}",Agra APMC,558.35,,572.18,500.0,17-09-2026,,,2026-09-17,,
260.0,17-09-2026,Potato,Uttar Pradesh,Vegetables,Agra,500.0,Rs./Quintal,Metric Tonnes,34,,,,,500.0,,,1200.0,1670.0,"{'as_on': None, 'one_week_ago': None, 'last_five_day': None, 'one_month_ago': None}",Fatehabad APMC,500.0,,474.24,500.0,17-09-2026,,,2026-09-17,,
67.25,17-09-2026,Potato,Uttar Pradesh,Vegetables,Agra,800.0,Rs./Quintal,Metric Tonnes,34,,,,,800.0,,,,,"{'as_on': None, 'one_week_ago': None, 'last_five_day': None, 'one_month_ago': None}",Jagnair APMC,,,800.0,,17-09-2026,,,2026-09-17,,
11.0,17-09-2026,Potato,Uttar Pradesh,Vegetables,Agra,500.0,Rs./Quintal,Metric Tonnes,34,,,,,500.0,,,,,"{'as_on': None, 'one_week_ago': None, 'last_five_day': None, 'one_month_ago': None}",Jarar APMC,,,500.0,500.0,17-09-2026,,,2026-09-17,,
139.0,17-09-2026,Potato,Uttar Pradesh,Vegetables,Agra,508.99,Rs./Quintal,Metric Tonnes,34,,,,,508.99,,,,,"{'as_on': None, 'one_week_ago': None, 'last_five_day': None, 'one_month_ago': None}",Khairagarh APMC,519.8,,518.31,,17-09-2026,,,2026-09-17,,
487.0,17-09-2026,Potato,Uttar Pradesh,Vegetables,Agra,500.0,Rs./Quintal,Metric Tonnes,34,,,,,500.0,,,800.0,1600.0,"{'as_on': None, 'one_week_ago': None, 'last_five_day': None, 'one_month_ago': None}",Samsabad APMC,479.6,800.0,495.84,500.0,17-09-2026,,,2026-09-17,,
94.7,17-09-2026,Potato,Uttar Pradesh,Vegetables,Aligarh,500.0,Rs./Quintal,Metric Tonnes,34,,,,,500.0,,,1160.0,2150.0,"{'as_on': None, 'one_week_ago': None, 'last_five_day': None, 'one_month_ago': None}",Aligarh APMC,500.0,1040.0,500.0,500.0,17-09-2026,,,2026-09-17,,
213.5,17-09-2026,Potato,Uttar Pradesh,Vegetables,Aligarh,500.0,Rs./Quintal,Metric Tonnes,34,,,,,500.0,,,,1800.0,"{'as_on': None, 'one_week_ago': None, 'last_five_day': None, 'one_month_ago': None}",Khair APMC,500.0,,500.0,500.0,17-09-2026,,,2026-09-17,,
47.36,17-09-2026,Potato,Uttar Pradesh,Vegetables,Amroha,800.0,Rs./Quintal,Metric Tonnes,34,,,,,800.0,,,,2000.0,"{'as_on': None, 'one_week_ago': None, 'last_five_day': None, 'one_month_ago': None}",Dhanaura APMC,800.0,,800.0,,17-09-2026,,,2026-09-17,,
6.0,17-09-2026,Potato,Uttar Pradesh,Vegetables,Auraiya,500.0,Rs./Quintal,Metric Tonnes,34,,,,,500.0,,,1020.0,1990.0,"{'as_on': None, 'one_week_ago': None, 'last_five_day': None, 'one_month_ago': None}",Achalda APMC,,,500.0,,17-09-2026,,,2026-09-17,,
110.2,17-09-2026,Potato,Uttar Pradesh,Vegetables,Auraiya,543.28,Rs./Quintal,Metric Tonnes,34,,,,,543.28,,,1025.0,1980.0,"{'as_on': None, 'one_week_ago': None, 'last_five_day': None, 'one_month_ago': None}",Auraiya APMC,582.61,,533.38,565.81,17-09-2026,,,2026-09-17,,
17.0,17-09-2026,Potato,Uttar Pradesh,Vegetables,Auraiya,500.0,Rs./Quintal,Metric Tonnes,34,,,,,500.0,,,900.0,,"{'as_on': None, 'one_week_ago': None, 'last_five_day': None, 'one_month_ago': None}",Dibiapur APMC,541.18,800.0,523.53,,17-09-2026,,,2026-09-17,,
0.33,17-09-2026,Potato,Uttar Pradesh,Vegetables,Ayodhya,2000.0,Rs./Quintal,Metric Tonnes,34,,,,,2000.0,,,1120.0,2260.0,"{'as_on': None, 'one_week_ago': None, 'last_five_day': None, 'one_month_ago': None}",Ayodhya APMC,1000.0,1200.0,1021.41,,17-09-2026,,,2026-09-17,,
90.0,17-09-2026,Potato,Uttar Pradesh,Vegetables,Badaun,591.11,Rs./Quintal,Metric Tonnes,34,,,,,591.11,,,,2020.0,"{'as_on': None, 'one_week_ago': None, 'last_five_day': None, 'one_month_ago': None}",Babrala APMC,600.0,,590.82,600.0,17-09-2026,,,2026-09-17,,
134.0,17-09-2026,Potato,Uttar Pradesh,Vegetables,Badaun,550.0,Rs./Quintal,Metric Tonnes,34,,,,,550.0,,,945.0,2110.0,"{'as_on': None, 'one_week_ago': None, 'last_five_day': None, 'one_month_ago': None}",Badayoun APMC,550.0,1200.0,550.0,650.0,17-09-2026,,,2026-09-17,,
150.2,17-09-2026,Potato,Uttar Pradesh,Vegetables,Badaun,550.0,Rs./Quintal,Metric Tonnes,34,,,,,550.0,,,,,"{'as_on': None, 'one_week_ago': None, 'last_five_day': None, 'one_month_ago': None}",Bilsi APMC,550.0,1190.0,550.0,700.0,17-09-2026,,,2026-09-17,,
264.0,17-09-2026,Potato,Uttar Pradesh,Vegetables,Badaun,600.0,Rs./Quintal,Metric Tonnes,34,,,,,600.0,,,700.0,1700.0,"{'as_on': None, 'one_week_ago': None, 'last_five_day': None, 'one_month_ago': None}",Bisoli APMC,600.09,800.0,600.21,601.71,17-09-2026,,,2026-09-17,,
259.5,17-09-2026,Potato,Uttar Pradesh,Vegetables,Badaun,557.71,Rs./Quintal,Metric Tonnes,34,,,,,557.71,,,,,"{'as_on': None, 'one_week_ago': None, 'last_five_day': None, 'one_month_ago': None}",Islam Nagar APMC,500.0,,477.25,550.0,17-09-2026,,,2026-09-17,,
24.0,17-09-2026,Potato,Uttar Pradesh,Vegetables,Badaun,600.0,Rs./Quintal,Metric Tonnes,34,,,,,600.0,,,1000.0,2000.0,"{'as_on': None, 'one_week_ago': None, 'last_five_day': None, 'one_month_ago': None}",Shahaswan APMC,600.0,1000.0,600.0,609.78,17-09-2026,,,2026-09-17,,
179.7,17-09-2026,Potato,Uttar Pradesh,Vegetables,Badaun,550.0,Rs./Quintal,Metric Tonnes,34,,,,,550.0,,,,,"{'as_on': None, 'one_week_ago': None, 'last_five_day': None, 'one_month_ago': None}",Ujhani APMC,550.0,1190.0,555.22,550.0,17-09-2026,,,2026-09-17,,
239.0,17-09-2026,Potato,Uttar Pradesh,Vegetables,Badaun,600.0,Rs./Quintal,Metric Tonnes,34,,,,,600.0,,,847.5,2190.0,"{'as_on': None, 'one_week_ago': None, 'last_five_day': None, 'one_month_ago': None}",Wazirganj APMC,600.0,,600.12,601.06,17-09-2026,,,2026-09-17,,
9.0,17-09-2026,Potato,Uttar Pradesh,Vegetables,Baghpat,800.0,Rs./Quintal,Metric Tonnes,34,,,,,800.0,,,990.0,2210.0,"{'as_on': None, 'one_week_ago': None, 'last_five_day': None, 'one_month_ago': None}",Baraut APMC,,1150.0,864.15,1000.0,17-09-2026,,,2026-09-17,,
0.3,17-09-2026,Potato,Uttar Pradesh,Vegetables,Baghpat,800.0,Rs./Quintal,Metric Tonnes,34,,,,,800.0,,,,,"{'as_on': None, 'one_week_ago': None, 'last_five_day': None, 'one_month_ago': None}",Khekda APMC,875.0,1300.0,990.86,945.45,17-09-2026,,,2026-09-17,,
2187.6,17-09-2026,Potato,Uttar Pradesh,Vegetables,Barabanki,603.08,Rs./Quintal,Metric Tonnes,34,,,,,603.08,,,1070.0,2270.0,"{'as_on': None, 'one_week_ago': None, 'last_five_day': None, 'one_month_ago': None}",Barabanki APMC,608.3,,605.17,609.47,17-09-2026,,,2026-09-17,,
213.0,17-09-2026,Potato,Uttar Pradesh,Vegetables,Barabanki,580.0,Rs./Quintal,Metric Tonnes,34,,,,,580.0,,,1050.0,2300.0,"{'as_on': None, 'one_week_ago': None, 'last_five_day': None, 'one_month_ago': None}",Safdarganj APMC,580.0,1200.0,580.69,580.0,17-09-2026,,,2026-09-17,,
202.0,17-09-2026,Potato,Uttar Pradesh,Vegetables,Bareilly,500.0,Rs./Quintal,Metric Tonnes,34,,,,,500.0,,,955.0,2000.0,"{'as_on': None, 'one_week_ago': None, 'last_five_day': None, 'one_month_ago': None}",Bareilly APMC,503.99,1170.0,500.0,500.0,17-09-2026,,,2026-09-17,,
40.2,17-09-2026,Potato,Uttar Pradesh,Vegetables,Bulandshahar,800.0,Rs./Quintal,Metric Tonnes,34,,,,,800.0,,,1160.0,2260.0,"{'as_on': None, 'one_week_ago': None, 'last_five_day': None, 'one_month_ago': None}",Buland Shahr APMC,800.0,,800.0,800.0,17-09-2026,,,2026-09-17,,
105.0,17-09-2026,Potato,Uttar Pradesh,Vegetables,Bulandshahar,500.0,Rs./Quintal,Metric Tonnes,34,,,,,500.0,,,,1500.0,"{'as_on': None, 'one_week_ago': None, 'last_five_day': None, 'one_month_ago': None}",Divai APMC,500.0,600.0,500.0,500.0,17-09-2026,,,2026-09-17,,
0.7,17-09-2026,Potato,Uttar Pradesh,Vegetables,Bulandshahar,720.0,Rs./Quintal,Metric Tonnes,34,,,,,720.0,,,1070.0,2255.0,"{'as_on': None, 'one_week_ago': None, 'last_five_day': None, 'one_month_ago': None}",Jahangirabad APMC,700.93,1070.0,708.86,720.0,17-09-2026,,,2026-09-17,,
28.0,17-09-2026,Potato,Uttar Pradesh,Vegetables,Bulandshahar,700.0,Rs./Quintal,Metric Tonnes,34,,,,,700.0,,,1150.0,,"{'as_on': None, 'one_week_ago': None, 'last_five_day': None, 'one_month_ago': None}",Khurja APMC,700.0,,700.0,550.0,17-09-2026,,,2026-09-17,,
19.0,17-09-2026,Potato,Uttar Pradesh,Vegetables,Bulandshahar,773.68,Rs./Quintal,Metric Tonnes,34,,,,,773.68,,,,1900.0,"{'as_on': None, 'one_week_ago': None, 'last_five_day': None, 'one_month_ago': None}",Sikanderabad APMC,784.91,800.0,783.59,822.22,17-09-2026,,,2026-09-17,,
75.0,17-09-2026,Potato,Uttar Pradesh,Vegetables,Bulandshahar,650.0,Rs./Quintal,Metric Tonnes,34,,,,,650.0,,,950.0,1400.0,"{'as_on': None, 'one_week_ago': None, 'last_five_day': None, 'one_month_ago': None}",Sikarpur APMC,,900.0,650.08,550.0,17-09-2026,,,2026-09-17,,
60.95,17-09-2026,Potato,Uttar Pradesh,Vegetables,Bulandshahar,900.0,Rs./Quintal,Metric Tonnes,34,,,,,900.0,,,,1760.0,"{'as_on': None, 'one_week_ago': None, 'last_five_day': None, 'one_month_ago': None}",Siyana APMC,,960.0,900.0,,17-09-2026,,,2026-09-17,,
48.0,17-09-2026,Potato,Uttar Pradesh,Vegetables,Etah,600.0,Rs./Quintal,Metric Tonnes,34,,,,,600.0,,,1120.0,2000.0,"{'as_on': None, 'one_week_ago': None, 'last_five_day': None, 'one_month_ago': None}",Etah APMC,600.0,970.0,600.0,,17-09-2026,,,2026-09-17,,
179.0,17-09-2026,Potato,Uttar Pradesh,Vegetables,Etawah,500.0,Rs./Quintal,Metric Tonnes,34,,,,,500.0,,,1000.0,1970.0,"{'as_on': None, 'one_week_ago': None, 'last_five_day': None, 'one_month_ago': None}",Bharthna APMC,500.0,,501.67,500.0,17-09-2026,,,2026-09-17,,
245.0,17-09-2026,Potato,Uttar Pradesh,Vegetables,Etawah,500.0,Rs./Quintal,Metric Tonnes,34,,,,,500.0,,,1000.0,1975.0,"{'as_on': None, 'one_week_ago': None, 'last_five_day': None, 'one_month_ago': None}",Etawah APMC,500.0,,502.16,502.56,17-09-2026,,,2026-09-17,,
373.03,17-09-2026,Potato,Uttar Pradesh,Vegetables,Etawah,500.0,Rs./Quintal,Metric Tonnes,34,,,,,500.0,,,1000.0,2000.0,"{'as_on': None, 'one_week_ago': None, 'last_five_day': None, 'one_month_ago': None}",Jasvantnagar APMC,500.0,,503.1,500.0,17-09-2026,,,2026-09-17,,
599.0,17-09-2026,Potato,Uttar Pradesh,Vegetables,Farukhabad,500.01,Rs./Quintal,Metric Tonnes,34,,,,,500.01,,,880.0,1975.0,"{'as_on': None, 'one_week_ago': None, 'last_five_day': None, 'one_month_ago': None}",Farukhabad APMC,550.0,865.0,539.08,600.09,17-09-2026,,,2026-09-17,,
476.0,17-09-2026,Potato,Uttar Pradesh,Vegetables,Farukhabad,500.0,Rs./Quintal,Metric Tonnes,34,,,,,500.0,,,750.0,1650.0,"{'as_on': None, 'one_week_ago': None, 'last_five_day': None, 'one_month_ago': None}",Kamlaganj APMC,550.0,750.0,524.32,600.0,17-09-2026,,,2026-09-17,,
107.0,17-09-2026,Potato,Uttar Pradesh,Vegetables,Farukhabad,500.0,Rs./Quintal,Metric Tonnes,34,,,,,500.0,,,890.0,1975.0,"{'as_on': None, 'one_week_ago': None, 'last_five_day': None, 'one_month_ago': None}",Mohamadabad APMC,550.0,870.0,434.49,600.0,17-09-2026,,,2026-09-17,,
12.3,17-09-2026,Potato,Uttar Pradesh,Vegetables,Fatehpur,700.0,Rs./Quintal,Metric Tonnes,34,,,,,700.0,,,930.0,2065.0,"{'as_on': None, 'one_week_ago': None, 'last_five_day': None, 'one_month_ago': None}",Fatehpur APMC,715.78,1015.0,701.15,808.81,17-09-2026,,,2026-09-17,,
338.0,17-09-2026,Potato,Uttar Pradesh,Vegetables,Firozabad,500.0,Rs./Quintal,Metric Tonnes,34,,,,,500.0,,,1070.0,2100.0,"{'as_on': None, 'one_week_ago': None, 'last_five_day': None, 'one_month_ago': None}",Firozabad APMC,422.13,990.0,490.05,500.0,17-09-2026,,,2026-09-17,,
440.0,17-09-2026,Potato,Uttar Pradesh,Vegetables,Firozabad,500.0,Rs./Quintal,Metric Tonnes,34,,,,,500.0,,,800.0,,"{'as_on': None, 'one_week_ago': None, 'last_five_day': None, 'one_month_ago': None}",Shikohabad APMC,500.0,800.0,500.0,500.0,17-09-2026,,,2026-09-17,,
917.3,17-09-2026,Potato,Uttar Pradesh,Vegetables,Firozabad,500.0,Rs./Quintal,Metric Tonnes,34,,,,,500.0,,,700.0,1100.0,"{'as_on': None, 'one_week_ago': None, 'last_five_day': None, 'one_month_ago': None}",Sirsaganj APMC,500.0,,500.0,500.0,17-09-2026,,,2026-09-17,,
1003.2,17-09-2026,Potato,Uttar Pradesh,Vegetables,Firozabad,500.0,Rs./Quintal,Metric Tonnes,34,,,,,500.0,,,1085.0,2025.0,"{'as_on': None, 'one_week_ago': None, 'last_five_day': None, 'one_month_ago': None}",Tundla APMC,500.0,,500.04,500.0,17-09-2026,,,2026-09-17,,
2.38,17-09-2026,Potato,Uttar Pradesh,Vegetables,Gautam Budh Nagar,1200.0,Rs./Quintal,Metric Tonnes,34,,,,,1200.0,,,,2250.0,"{'as_on': None, 'one_week_ago': None, 'last_five_day': None, 'one_month_ago': None}",DADRI APMC,,1120.0,1200.0,,17-09-2026,,,2026-09-17,,
10.0,17-09-2026,Potato,Uttar Pradesh,Vegetables,Gautam Budh Nagar,800.0,Rs./Quintal,Metric Tonnes,34,,,,,800.0,,,,,"{'as_on': None, 'one_week_ago': None, 'last_five_day': None, 'one_month_ago': None}",Jewar APMC,,,800.0,,17-09-2026,,,2026-09-17,,
5.6,17-09-2026,Potato,Uttar Pradesh,Vegetables,Ghaziabad,1000.0,Rs./Quintal,Metric Tonnes,34,,,,,1000.0,,,1020.0,2240.0,"{'as_on': None, 'one_week_ago': None, 'last_five_day': None, 'one_month_ago': None}",Noida APMC,,,1171.03,,17-09-2026,,,2026-09-17,,
0.59,17-09-2026,Potato,Uttar Pradesh,Vegetables,Gorakhpur,1500.0,Rs./Quintal,Metric Tonnes,34,,,,,1500.0,,,1050.0,,"{'as_on': None, 'one_week_ago': None, 'last_five_day': None, 'one_month_ago': None}",Gorakhpur APMC,,1125.0,1500.0,,17-09-2026,,,2026-09-17,,
25.0,17-09-2026,Potato,Uttar Pradesh,Vegetables,Hardoi,600.0,Rs./Quintal,Metric Tonnes,34,,,,,600.0,,,1100.0,2140.0,"{'as_on': None, 'one_week_ago': None, 'last_five_day': None, 'one_month_ago': None}",Hardoi APMC,,,600.0,600.0,17-09-2026,,,2026-09-17,,
81.0,17-09-2026,Potato,Uttar Pradesh,Vegetables,Hardoi,600.0,Rs./Quintal,Metric Tonnes,34,,,,,600.0,,,1100.0,2130.0,"{'as_on': None, 'one_week_ago': None, 'last_five_day': None, 'one_month_ago': None}",Madhoganj APMC,600.0,1170.0,600.0,600.0,17-09-2026,,,2026-09-17,,
34.1,17-09-2026,Potato,Uttar Pradesh,Vegetables,Hardoi,1100.0,Rs./Quintal,Metric Tonnes,34,,,,,1100.0,,,,2140.0,"{'as_on': None, 'one_week_ago': None, 'last_five_day': None, 'one_month_ago': None}",Sandila APMC,1100.0,1160.0,964.27,,17-09-2026,,,2026-09-17,,
100.0,17-09-2026,Potato,Uttar Pradesh,Vegetables,Hardoi,550.0,Rs./Quintal,Metric Tonnes,34,,,,,550.0,,,1100.0,2200.0,"{'as_on': None, 'one_week_ago': None, 'last_five_day': None, 'one_month_ago': None}",Shahabad(New Mandi) APMC,550.0,1175.0,550.07,550.0,17-09-2026,,,2026-09-17,,
895.9,17-09-2026,Potato,Uttar Pradesh,Vegetables,Hathras,520.36,Rs./Quintal,Metric Tonnes,34,,,,,520.36,,,1120.0,,"{'as_on': None, 'one_week_ago': None, 'last_five_day': None, 'one_month_ago': None}",Haathras APMC,529.78,,538.77,557.13,17-09-2026,,,2026-09-17,,
798.1,17-09-2026,Potato,Uttar Pradesh,Vegetables,Hathras,500.0,Rs./Quintal,Metric Tonnes,34,,,,,500.0,,,750.0,1550.0,"{'as_on': None, 'one_week_ago': None, 'last_five_day': None, 'one_month_ago': None}",Shadabad APMC,500.0,800.0,500.91,500.0,17-09-2026,,,2026-09-17,,
1020.9,17-09-2026,Potato,Uttar Pradesh,Vegetables,Kannuj,502.57,Rs./Quintal,Metric Tonnes,34,,,,,502.57,,,925.0,2000.0,"{'as_on': None, 'one_week_ago': None, 'last_five_day': None, 'one_month_ago': None}",Chhibramau APMC,553.33,850.0,526.0,600.0,17-09-2026,,,2026-09-17,,
1512.2,17-09-2026,Potato,Uttar Pradesh,Vegetables,Kannuj,566.78,Rs./Quintal,Metric Tonnes,34,,,,,566.78,,,920.0,1980.0,"{'as_on': None, 'one_week_ago': None, 'last_five_day': None, 'one_month_ago': None}",Kannauj APMC,561.52,900.0,566.6,625.05,17-09-2026,,,2026-09-17,,
5.7,17-09-2026,Potato,Uttar Pradesh,Vegetables,Kanpur,700.0,Rs./Quintal,Metric Tonnes,34,,,,,700.0,,,,2100.0,"{'as_on': None, 'one_week_ago': None, 'last_five_day': None, 'one_month_ago': None}",Baripaal APMC,,,700.0,,17-09-2026,,,2026-09-17,,
198.0,17-09-2026,Potato,Uttar Pradesh,Vegetables,Kanpur,550.0,Rs./Quintal,Metric Tonnes,34,,,,,550.0,,,,1980.0,"{'as_on': None, 'one_week_ago': None, 'last_five_day': None, 'one_month_ago': None}",Choubepur APMC,550.0,,544.14,600.0,17-09-2026,,,2026-09-17,,
513.6,17-09-2026,Potato,Uttar Pradesh,Vegetables,Kanpur,550.0,Rs./Quintal,Metric Tonnes,34,,,,,550.0,,,990.0,1950.0,"{'as_on': None, 'one_week_ago': None, 'last_five_day': None, 'one_month_ago': None}",Kanpur(Grain) APMC,550.0,,550.0,600.0,17-09-2026,,,2026-09-17,,
513.0,17-09-2026,Potato,Uttar Pradesh,Vegetables,Kanpur,550.0,Rs./Quintal,Metric Tonnes,34,,,,,550.0,,,980.0,1975.0,"{'as_on': None, 'one_week_ago': None, 'last_five_day': None, 'one_month_ago': None}",Uttaripura APMC,550.0,,550.0,600.0,17-09-2026,,,2026-09-17,,
9.85,17-09-2026,Potato,Uttar Pradesh,Vegetables,Kanpur Dehat,500.0,Rs./Quintal,Metric Tonnes,34,,,,,500.0,,,,,"{'as_on': None, 'one_week_ago': None, 'last_five_day': None, 'one_month_ago': None}",Jhijhank APMC,,940.0,500.0,500.0,17-09-2026,,,2026-09-17,,
61.0,17-09-2026,Potato,Uttar Pradesh,Vegetables,Kanpur Dehat,650.0,Rs./Quintal,Metric Tonnes,34,,,,,650.0,,,825.0,,"{'as_on': None, 'one_week_ago': None, 'last_five_day': None, 'one_month_ago': None}",Rura APMC,650.0,1000.0,650.0,700.0,17-09-2026,,,2026-09-17,,
221.0,17-09-2026,Potato,Uttar Pradesh,Vegetables,Kasganj,600.0,Rs./Quintal,Metric Tonnes,34,,,,,600.0,,,1150.0,2100.0,"{'as_on': None, 'one_week_ago': None, 'last_five_day': None, 'one_month_ago': None}",Kasganj APMC,600.0,1010.0,600.98,600.0,17-09-2026,,,2026-09-17,,
10.0,17-09-2026,Potato,Uttar Pradesh,Vegetables,Kaushambi,500.0,Rs./Quintal,Metric Tonnes,34,,,,,500.0,,,930.0,2090.0,"{'as_on': None, 'one_week_ago': None, 'last_five_day': None, 'one_month_ago': None}",Manjhanpur APMC,,,500.0,,17-09-2026,,,2026-09-17,,
3.5,17-09-2026,Potato,Uttar Pradesh,Vegetables,Khiri (Lakhimpur),805.0,Rs./Quintal,Metric Tonnes,34,,,,,805.0,,,922.5,2210.0,"{'as_on': None, 'one_week_ago': None, 'last_five_day': None, 'one_month_ago': None}",Mohammdi APMC,806.0,,807.92,,17-09-2026,,,2026-09-17,,
3.5,17-09-2026,Potato,Uttar Pradesh,Vegetables,Lakhimpur,700.0,Rs./Quintal,Metric Tonnes,34,,,,,700.0,,,1010.0,2200.0,"{'as_on': None, 'one_week_ago': None, 'last_five_day': None, 'one_month_ago': None}",Golagokarnath APMC,710.0,,705.0,700.0,17-09-2026,,,2026-09-17,,
8.0,17-09-2026,Potato,Uttar Pradesh,Vegetables,Lakhimpur,1200.0,Rs./Quintal,Metric Tonnes,34,,,,,1200.0,,,1100.0,2190.0,"{'as_on': None, 'one_week_ago': None, 'last_five_day': None, 'one_month_ago': None}",Lakhimpur APMC,1022.22,1210.0,982.3,1200.0,17-09-2026,,,2026-09-17,,
8.5,17-09-2026,Potato,Uttar Pradesh,Vegetables,Lakhimpur,700.0,Rs./Quintal,Metric Tonnes,34,,,,,700.0,,,,,"{'as_on': None, 'one_week_ago': None, 'last_five_day': None, 'one_month_ago': None}",Paliakala APMC,700.0,,805.92,,17-09-2026,,,2026-09-17,,
65.5,17-09-2026,Potato,Uttar Pradesh,Vegetables,Lucknow,800.0,Rs./Quintal,Metric Tonnes,34,,,,,800.0,,,1130.0,2290.0,"{'as_on': None, 'one_week_ago': None, 'last_five_day': None, 'one_month_ago': None}",Lucknow APMC,800.0,,800.0,700.0,17-09-2026,,,2026-09-17,,
61.0,17-09-2026,Potato,Uttar Pradesh,Vegetables,Mainpuri,500.0,Rs./Quintal,Metric Tonnes,34,,,,,500.0,,,840.0,1850.0,"{'as_on': None, 'one_week_ago': None, 'last_five_day': None, 'one_month_ago': None}",Bewar APMC,275.1,820.0,309.82,500.0,17-09-2026,,,2026-09-17,,
16357.0,17-09-2026,Potato,Uttar Pradesh,Vegetables,Mainpuri,350.34,Rs./Quintal,Metric Tonnes,34,,,,,350.34,,,1090.0,2060.0,"{'as_on': None, 'one_week_ago': None, 'last_five_day': None, 'one_month_ago': None}",Ghiraur APMC,500.0,995.0,352.7,500.0,17-09-2026,,,2026-09-17,,
507.0,17-09-2026,Potato,Uttar Pradesh,Vegetables,Mainpuri,500.0,Rs./Quintal,Metric Tonnes,34,,,,,500.0,,,1085.0,2070.0,"{'as_on': None, 'one_week_ago': None, 'last_five_day': None, 'one_month_ago': None}",Mainpuri APMC,500.56,,500.91,500.0,17-09-2026,,,2026-09-17,,
13.0,17-09-2026,Potato,Uttar Pradesh,Vegetables,Mathura,738.46,Rs./Quintal,Metric Tonnes,34,,,,,738.46,,,1100.0,2000.0,"{'as_on': None, 'one_week_ago': None, 'last_five_day': None, 'one_month_ago': None}",Kosikalan APMC,730.91,,751.71,771.28,17-09-2026,,,2026-09-17,,
600.42,17-09-2026,Potato,Uttar Pradesh,Vegetables,Mathura,530.19,Rs./Quintal,Metric Tonnes,34,,,,,530.19,,,1080.0,2100.0,"{'as_on': None, 'one_week_ago': None, 'last_five_day': None, 'one_month_ago': None}",Mathura APMC,640.54,,552.28,677.29,17-09-2026,,,2026-09-17,,
22.0,17-09-2026,Potato,Uttar Pradesh,Vegetables,Meerut,613.64,Rs./Quintal,Metric Tonnes,34,,,,,613.64,,,,,"{'as_on': None, 'one_week_ago': None, 'last_five_day': None, 'one_month_ago': None}",Mawana APMC,,,624.25,,17-09-2026,,,2026-09-17,,
11.0,17-09-2026,Potato,Uttar Pradesh,Vegetables,Muzaffarnagar,776.36,Rs./Quintal,Metric Tonnes,34,,,,,776.36,,,1400.0,,"{'as_on': None, 'one_week_ago': None, 'last_five_day': None, 'one_month_ago': None}",Khatauli APMC,818.33,,811.31,1257.71,17-09-2026,,,2026-09-17,,
3.4,17-09-2026,Potato,Uttar Pradesh,Vegetables,Muzaffarnagar,1000.0,Rs./Quintal,Metric Tonnes,34,,,,,1000.0,,,,2200.0,"{'as_on': None, 'one_week_ago': None, 'last_five_day': None, 'one_month_ago': None}",Muzzafarnagar APMC,1000.0,1200.0,802.06,,17-09-2026,,,2026-09-17,,
80.5,17-09-2026,Potato,Uttar Pradesh,Vegetables,Pillibhit,500.0,Rs./Quintal,Metric Tonnes,34,,,,,500.0,,,942.5,2100.0,"{'as_on': None, 'one_week_ago': None, 'last_five_day': None, 'one_month_ago': None}",Pilibhit APMC,,1200.0,590.38,,17-09-2026,,,2026-09-17,,
10.0,17-09-2026,Potato,Uttar Pradesh,Vegetables,Pratapgarh,600.0,Rs./Quintal,Metric Tonnes,34,,,,,600.0,,,940.0,2300.0,"{'as_on': None, 'one_week_ago': None, 'last_five_day': None, 'one_month_ago': None}",Pratapgarh APMC,600.0,1140.0,600.0,600.0,17-09-2026,,,2026-09-17,,
304.5,17-09-2026,Potato,Uttar Pradesh,Vegetables,Prayagraj,700.8,Rs./Quintal,Metric Tonnes,34,,,,,700.8,,,920.0,2345.0,"{'as_on': None, 'one_week_ago': None, 'last_five_day': None, 'one_month_ago': None}",Prayagraj APMC,700.0,,700.22,700.0,17-09-2026,,,2026-09-17,,
80.16,17-09-2026,Potato,Uttar Pradesh,Vegetables,Raebarelli,788.1,Rs./Quintal,Metric Tonnes,34,,,,,788.1,,,950.0,2050.0,"{'as_on': None, 'one_week_ago': None, 'last_five_day': None, 'one_month_ago': None}",Lalganj APMC,654.55,1000.0,676.17,600.0,17-09-2026,,,2026-09-17,,
0.19,17-09-2026,Potato,Uttar Pradesh,Vegetables,Raebarelli,1400.0,Rs./Quintal,Metric Tonnes,34,,,,,1400.0,,,1050.0,2050.0,"{'as_on': None, 'one_week_ago': None, 'last_five_day': None, 'one_month_ago': None}",Raibareilly APMC,700.0,1110.0,702.65,700.0,17-09-2026,,,2026-09-17,,
80.0,17-09-2026,Potato,Uttar Pradesh,Vegetables,Raebarelli,600.0,Rs./Quintal,Metric Tonnes,34,,,,,600.0,,,1055.0,2275.0,"{'as_on': None, 'one_week_ago': None, 'last_five_day': None, 'one_month_ago': None}",Salon APMC,600.0,,600.0,700.0,17-09-2026,,,2026-09-17,,
0.99,17-09-2026,Potato,Uttar Pradesh,Vegetables,Rampur,1000.0,Rs./Quintal,Metric Tonnes,34,,,,,1000.0,,,1030.0,2150.0,"{'as_on': None, 'one_week_ago': None, 'last_five_day': None, 'one_month_ago': None}",Rampur APMC,500.0,1140.0,1000.0,,17-09-2026,,,2026-09-17,,
2.8,17-09-2026,Potato,Uttar Pradesh,Vegetables,Saharanpur,1092.86,Rs./Quintal,Metric Tonnes,34,,,,,1092.86,,,,,"{'as_on': None, 'one_week_ago': None, 'last_five_day': None, 'one_month_ago': None}",Rampurmaniharan APMC,1000.0,,1126.09,1185.71,17-09-2026,,,2026-09-17,,
76.5,17-09-2026,Potato,Uttar Pradesh,Vegetables,Sambhal,525.26,Rs./Quintal,Metric Tonnes,34,,,,,525.26,,,605.0,2005.0,"{'as_on': None, 'one_week_ago': None, 'last_five_day': None, 'one_month_ago': None}",Bhehjoi APMC,602.06,,575.84,600.0,17-09-2026,,,2026-09-17,,
55.0,17-09-2026,Potato,Uttar Pradesh,Vegetables,Sambhal,500.0,Rs./Quintal,Metric Tonnes,34,,,,,500.0,,,1045.0,2165.0,"{'as_on': None, 'one_week_ago': None, 'last_five_day': None, 'one_month_ago': None}",Chandausi APMC,600.0,1090.0,538.64,600.2,17-09-2026,,,2026-09-17,,
131.85,17-09-2026,Potato,Uttar Pradesh,Vegetables,Sambhal,713.65,Rs./Quintal,Metric Tonnes,34,,,,,713.65,,,1040.0,2160.0,"{'as_on': None, 'one_week_ago': None, 'last_five_day': None, 'one_month_ago': None}",Muradabad APMC,700.0,1080.0,749.9,700.0,17-09-2026,,,2026-09-17,,
737.42,17-09-2026,Potato,Uttar Pradesh,Vegetables,Sambhal,527.8,Rs./Quintal,Metric Tonnes,34,,,,,527.8,,,1000.0,2150.0,"{'as_on': None, 'one_week_ago': None, 'last_five_day': None, 'one_month_ago': None}",Sambhal APMC,600.0,950.0,532.24,600.0,17-09-2026,,,2026-09-17,,
16.0,17-09-2026,Potato,Uttar Pradesh,Vegetables,Shahjahanpur,550.0,Rs./Quintal,Metric Tonnes,34,,,,,550.0,,,,,"{'as_on': None, 'one_week_ago': None, 'last_five_day': None, 'one_month_ago': None}",Meeranpur Katra APMC,,,550.0,550.0,17-09-2026,,,2026-09-17,,
148.46,17-09-2026,Potato,Uttar Pradesh,Vegetables,Shahjahanpur,684.87,Rs./Quintal,Metric Tonnes,34,,,,,684.87,,,980.0,2100.0,"{'as_on': None, 'one_week_ago': None, 'last_five_day': None, 'one_month_ago': None}",Powayan APMC,695.08,1200.0,727.29,600.0,17-09-2026,,,2026-09-17,,
4.0,17-09-2026,Potato,Uttar Pradesh,Vegetables,Shamli,700.0,Rs./Quintal,Metric Tonnes,34,,,,,700.0,,,1150.0,1550.0,"{'as_on': None, 'one_week_ago': None, 'last_five_day': None, 'one_month_ago': None}",Kairana APMC,700.0,,700.0,800.0,17-09-2026,,,2026-09-17,,
10.0,17-09-2026,Potato,Uttar Pradesh,Vegetables,Shamli,850.0,Rs./Quintal,Metric Tonnes,34,,,,,850.0,,,,2250.0,"{'as_on': None, 'one_week_ago': None, 'last_five_day': None, 'one_month_ago': None}",Khandhla APMC,850.0,,850.0,,17-09-2026,,,2026-09-17,,
25.9,17-09-2026,Potato,Uttar Pradesh,Vegetables,Shamli,766.8,Rs./Quintal,Metric Tonnes,34,,,,,766.8,,,1035.0,2200.0,"{'as_on': None, 'one_week_ago': None, 'last_five_day': None, 'one_month_ago': None}",Shamli APMC,988.15,1200.0,967.87,1073.49,17-09-2026,,,2026-09-17,,
145.0,17-09-2026,Potato,Uttar Pradesh,Vegetables,Sitapur,600.0,Rs./Quintal,Metric Tonnes,34,,,,,600.0,,,1090.0,2160.0,"{'as_on': None, 'one_week_ago': None, 'last_five_day': None, 'one_month_ago': None}",Mehmoodabad APMC,600.0,1190.0,600.0,580.0,17-09-2026,,,2026-09-17,,
1.5,17-09-2026,Potato,Uttar Pradesh,Vegetables,Sonbhadra,800.0,Rs./Quintal,Metric Tonnes,34,,,,,800.0,,,,,"{'as_on': None, 'one_week_ago': None, 'last_five_day': None, 'one_month_ago': None}",Dudhi APMC,1200.0,,800.0,800.0,17-09-2026,,,2026-09-17,,
50.0,17-09-2026,Potato,Uttar Pradesh,Vegetables,Unnao,700.0,Rs./Quintal,Metric Tonnes,34,,,,,700.0,,,1120.0,2150.0,"{'as_on': None, 'one_week_ago': None, 'last_five_day': None, 'one_month_ago': None}",Bangarmau APMC,700.0,1140.0,700.0,700.0,17-09-2026,,,2026-09-17,,
56.4,17-09-2026,Potato,Uttar Pradesh,Vegetables,Varanasi,800.0,Rs./Quintal,Metric Tonnes,34,,,,,800.0,,,,,"{'as_on': None, 'one_week_ago': None, 'last_five_day': None, 'one_month_ago': None}",Varanasi APMC,800.0,,803.16,,17-09-2026,,,2026-09-17,,
19.2,17-09-2026,Tomato,Uttar Pradesh,Vegetables,Agra,1420.31,Rs./Quintal,Metric Tonnes,34,,,,,1420.31,,,2120.0,2600.0,"{'as_on': None, 'one_week_ago': None, 'last_five_day': None, 'one_month_ago': None}",Agra APMC,1420.27,,1467.09,,17-09-2026,,,2026-09-17,,
0.4,17-09-2026,Tomato,Uttar Pradesh,Vegetables,Agra,1550.0,Rs./Quintal,Metric Tonnes,34,,,,,1550.0,,,,2580.0,"{'as_on': None, 'one_week_ago': None, 'last_five_day': None, 'one_month_ago': None}",Fatehpur Sikri APMC,1600.0,,1578.57,,17-09-2026,,,2026-09-17,,
0.6,17-09-2026,Tomato,Uttar Pradesh,Vegetables,Agra,2050.0,Rs./Quintal,Metric Tonnes,34,,,,,2050.0,,,3050.0,,"{'as_on': None, 'one_week_ago': None, 'last_five_day': None, 'one_month_ago': None}",Khairagarh APMC,2550.0,,2277.78,,17-09-2026,,,2026-09-17,,
0.2,17-09-2026,Tomato,Uttar Pradesh,Vegetables,Agra,1800.0,Rs./Quintal,Metric Tonnes,34,,,,,1800.0,,,1600.0,2100.0,"{'as_on': None, 'one_week_ago': None, 'last_five_day': None, 'one_month_ago': None}",Samsabad APMC,1417.65,1300.0,1661.76,1500.0,17-09-2026,,,2026-09-17,,
339.1,17-09-2026,Tomato,Uttar Pradesh,Vegetables,Amethi,1200.0,Rs./Quintal,Metric Tonnes,34,,,,,1200.0,,,2220.0,2600.0,"{'as_on': None, 'one_week_ago': None, 'last_five_day': None, 'one_month_ago': None}",Sultanpur APMC,,1740.0,1200.0,,17-09-2026,,,2026-09-17,,
558.14,17-09-2026,Tomato,Uttar Pradesh,Vegetables,Amroha,1500.0,Rs./Quintal,Metric Tonnes,34,,,,,1500.0,,,2150.0,2450.0,"{'as_on': None, 'one_week_ago': None, 'last_five_day': None, 'one_month_ago': None}",Amroha APMC,1500.0,,1500.0,1702.7,17-09-2026,,,2026-09-17,,
7.05,17-09-2026,Tomato,Uttar Pradesh,Vegetables,Amroha,2300.71,Rs./Quintal,Metric Tonnes,34,,,,,2300.71,,,1200.0,1200.0,"{'as_on': None, 'one_week_ago': None, 'last_five_day': None, 'one_month_ago': None}",Dhanaura APMC,,,2215.23,,17-09-2026,,,2026-09-17,,
32.0,17-09-2026,Tomato,Uttar Pradesh,Vegetables,Auraiya,1800.0,Rs./Quintal,Metric Tonnes,34,,,,,1800.0,,,2150.0,2700.0,"{'as_on': None, 'one_week_ago': None, 'last_five_day': None, 'one_month_ago': None}",Auraiya APMC,2000.0,,1800.0,1800.0,17-09-2026,,,2026-09-17,,
0.03,17-09-2026,Tomato,Uttar Pradesh,Vegetables,Auraiya,3000.0,Rs./Quintal,Metric Tonnes,34,,,,,3000.0,,,2000.0,,"{'as_on': None, 'one_week_ago': None, 'last_five_day': None, 'one_month_ago': None}",Dibiapur APMC,,1100.0,3000.0,,17-09-2026,,,2026-09-17,,
16.0,17-09-2026,Tomato,Uttar Pradesh,Vegetables,Ayodhya,1600.0,Rs./Quintal,Metric Tonnes,34,,,,,1600.0,,,2400.0,,"{'as_on': None, 'one_week_ago': None, 'last_five_day': None, 'one_month_ago': None}",Rudauli APMC,1600.0,1880.0,1602.12,,17-09-2026,,,2026-09-17,,
20.0,17-09-2026,Tomato,Uttar Pradesh,Vegetables,Baghpat,2000.0,Rs./Quintal,Metric Tonnes,34,,,,,2000.0,,,2100.0,2400.0,"{'as_on': None, 'one_week_ago': None, 'last_five_day': None, 'one_month_ago': None}",Baraut APMC,1800.0,1550.0,1850.96,2000.0,17-09-2026,,,2026-09-17,,
40.0,17-09-2026,Tomato,Uttar Pradesh,Vegetables,Balrampur,800.0,Rs./Quintal,Metric Tonnes,34,,,,,800.0,,,1950.0,,"{'as_on': None, 'one_week_ago': None, 'last_five_day': None, 'one_month_ago': None}",Balrampur APMC,800.0,1700.0,807.5,,17-09-2026,,,2026-09-17,,
108.7,17-09-2026,Tomato,Uttar Pradesh,Vegetables,Barabanki,1400.0,Rs./Quintal,Metric Tonnes,34,,,,,1400.0,,,2400.0,2530.0,"{'as_on': None, 'one_week_ago': None, 'last_five_day': None, 'one_month_ago': None}",Barabanki APMC,1400.0,,1400.0,1400.0,17-09-2026,,,2026-09-17,,
12.6,17-09-2026,Tomato,Uttar Pradesh,Vegetables,Barabanki,1000.0,Rs./Quintal,Metric Tonnes,34,,,,,1000.0,,,2400.0,2650.0,"{'as_on': None, 'one_week_ago': None, 'last_five_day': None, 'one_month_ago': None}",Safdarganj APMC,1000.0,1900.0,1000.0,,17-09-2026,,,2026-09-17,,
169.19,17-09-2026,Tomato,Uttar Pradesh,Vegetables,Basti,1600.31,Rs./Quintal,Metric Tonnes,34,,,,,1600.31,,,2280.0,2275.0,"{'as_on': None, 'one_week_ago': None, 'last_five_day': None, 'one_month_ago': None}",Basti APMC,,1470.0,1628.03,,17-09-2026,,,2026-09-17,,
1.6,17-09-2026,Tomato,Uttar Pradesh,Vegetables,Bijnor,2000.0,Rs./Quintal,Metric Tonnes,34,,,,,2000.0,,,2050.0,1850.0,"{'as_on': None, 'one_week_ago': None, 'last_five_day': None, 'one_month_ago': None}",Kiratpur APMC,2000.0,,2000.0,2200.0,17-09-2026,,,2026-09-17,,
41.0,17-09-2026,Tomato,Uttar Pradesh,Vegetables,Bulandshahar,2000.0,Rs./Quintal,Metric Tonnes,34,,,,,2000.0,,,2100.0,2325.0,"{'as_on': None, 'one_week_ago': None, 'last_five_day': None, 'one_month_ago': None}",Buland Shahr APMC,2000.0,,2000.0,2000.0,17-09-2026,,,2026-09-17,,
7.0,17-09-2026,Tomato,Uttar Pradesh,Vegetables,Bulandshahar,2200.0,Rs./Quintal,Metric Tonnes,34,,,,,2200.0,,,,2800.0,"{'as_on': None, 'one_week_ago': None, 'last_five_day': None, 'one_month_ago': None}",Sikanderabad APMC,1938.78,1200.0,1925.75,2090.36,17-09-2026,,,2026-09-17,,
6.0,17-09-2026,Tomato,Uttar Pradesh,Vegetables,Etah,2000.0,Rs./Quintal,Metric Tonnes,34,,,,,2000.0,,,2350.0,2370.0,"{'as_on': None, 'one_week_ago': None, 'last_five_day': None, 'one_month_ago': None}",Etah APMC,2000.0,1750.0,2000.0,,17-09-2026,,,2026-09-17,,
14.4,17-09-2026,Tomato,Uttar Pradesh,Vegetables,Etawah,1800.0,Rs./Quintal,Metric Tonnes,34,,,,,1800.0,,,2350.0,2650.0,"{'as_on': None, 'one_week_ago': None, 'last_five_day': None, 'one_month_ago': None}",Etawah APMC,,,1800.0,,17-09-2026,,,2026-09-17,,
2.2,17-09-2026,Tomato,Uttar Pradesh,Vegetables,Fatehpur,2500.0,Rs./Quintal,Metric Tonnes,34,,,,,2500.0,,,2705.0,2550.0,"{'as_on': None, 'one_week_ago': None, 'last_five_day': None, 'one_month_ago': None}",Fatehpur APMC,,1500.0,2500.0,2400.0,17-09-2026,,,2026-09-17,,
13.0,17-09-2026,Tomato,Uttar Pradesh,Vegetables,Firozabad,1000.0,Rs./Quintal,Metric Tonnes,34,,,,,1000.0,,,2120.0,2575.0,"{'as_on': None, 'one_week_ago': None, 'last_five_day': None, 'one_month_ago': None}",Firozabad APMC,1000.0,1650.0,1000.0,,17-09-2026,,,2026-09-17,,
0.12,17-09-2026,Tomato,Uttar Pradesh,Vegetables,Ghaziabad,4000.0,Rs./Quintal,Metric Tonnes,34,,,,,4000.0,,,,2350.0,"{'as_on': None, 'one_week_ago': None, 'last_five_day': None, 'one_month_ago': None}",Hapur APMC,,1450.0,4000.0,,17-09-2026,,,2026-09-17,,
30.5,17-09-2026,Tomato,Uttar Pradesh,Vegetables,Ghaziabad,2500.0,Rs./Quintal,Metric Tonnes,34,,,,,2500.0,,,2200.0,2420.0,"{'as_on': None, 'one_week_ago': None, 'last_five_day': None, 'one_month_ago': None}",Noida APMC,,,2560.98,2500.0,17-09-2026,,,2026-09-17,,
2.5,17-09-2026,Tomato,Uttar Pradesh,Vegetables,Ghazipur,1200.0,Rs./Quintal,Metric Tonnes,34,,,,,1200.0,,,,,"{'as_on': None, 'one_week_ago': None, 'last_five_day': None, 'one_month_ago': None}",Jamanian APMC,,,1200.0,,17-09-2026,,,2026-09-17,,
0.8,17-09-2026,Tomato,Uttar Pradesh,Vegetables,Gonda,2000.0,Rs./Quintal,Metric Tonnes,34,,,,,2000.0,,,1950.0,2500.0,"{'as_on': None, 'one_week_ago': None, 'last_five_day': None, 'one_month_ago': None}",Nawabganj APMC,1500.0,1800.0,1833.33,2000.0,17-09-2026,,,2026-09-17,,
0.32,17-09-2026,Tomato,Uttar Pradesh,Vegetables,Gorakhpur,2500.0,Rs./Quintal,Metric Tonnes,34,,,,,2500.0,,,2050.0,,"{'as_on': None, 'one_week_ago': None, 'last_five_day': None, 'one_month_ago': None}",Gorakhpur APMC,,1400.0,2500.0,,17-09-2026,,,2026-09-17,,
33.5,17-09-2026,Tomato,Uttar Pradesh,Vegetables,Hardoi,1500.0,Rs./Quintal,Metric Tonnes,34,,,,,1500.0,,,2475.0,2325.0,"{'as_on': None, 'one_week_ago': None, 'last_five_day': None, 'one_month_ago': None}",Hardoi APMC,1500.0,,1500.0,1000.0,17-09-2026,,,2026-09-17,,
18.0,17-09-2026,Tomato,Uttar Pradesh,Vegetables,Jalaun (Orai),1500.0,Rs./Quintal,Metric Tonnes,34,,,,,1500.0,,,2350.0,,"{'as_on': None, 'one_week_ago': None, 'last_five_day': None, 'one_month_ago': None}",Orai APMC,1500.0,1250.0,1500.0,1578.69,17-09-2026,,,2026-09-17,,
32.1,17-09-2026,Tomato,Uttar Pradesh,Vegetables,Jaunpur,2000.0,Rs./Quintal,Metric Tonnes,34,,,,,2000.0,,,2375.0,2375.0,"{'as_on': None, 'one_week_ago': None, 'last_five_day': None, 'one_month_ago': None}",Jaunpur APMC,,,1741.36,1558.4,17-09-2026,,,2026-09-17,,
257.9,17-09-2026,Tomato,Uttar Pradesh,Vegetables,Jaunpur,1600.0,Rs./Quintal,Metric Tonnes,34,,,,,1600.0,,,2440.0,2385.0,"{'as_on': None, 'one_week_ago': None, 'last_five_day': None, 'one_month_ago': None}",Mugrabaadshahpur APMC,,,1600.0,,17-09-2026,,,2026-09-17,,
5.0,17-09-2026,Tomato,Uttar Pradesh,Vegetables,Jhansi,1500.0,Rs./Quintal,Metric Tonnes,34,,,,,1500.0,,,2350.0,2650.0,"{'as_on': None, 'one_week_ago': None, 'last_five_day': None, 'one_month_ago': None}",Jhansi APMC,1800.0,1220.0,1633.33,1833.33,17-09-2026,,,2026-09-17,,
61.8,17-09-2026,Tomato,Uttar Pradesh,Vegetables,Kanpur,2100.0,Rs./Quintal,Metric Tonnes,34,,,,,2100.0,,,2300.0,2600.0,"{'as_on': None, 'one_week_ago': None, 'last_five_day': None, 'one_month_ago': None}",Kanpur(Grain) APMC,2100.0,,2126.41,2100.0,17-09-2026,,,2026-09-17,,
37.05,17-09-2026,Tomato,Uttar Pradesh,Vegetables,Lakhimpur,1287.04,Rs./Quintal,Metric Tonnes,34,,,,,1287.04,,,2520.0,2600.0,"{'as_on': None, 'one_week_ago': None, 'last_five_day': None, 'one_month_ago': None}",Lakhimpur APMC,1220.0,1740.0,1262.09,1260.0,17-09-2026,,,2026-09-17,,
1.0,17-09-2026,Tomato,Uttar Pradesh,Vegetables,Lakhimpur,3000.0,Rs./Quintal,Metric Tonnes,34,,,,,3000.0,,,,,"{'as_on': None, 'one_week_ago': None, 'last_five_day': None, 'one_month_ago': None}",Paliakala APMC,3000.0,,3000.0,,17-09-2026,,,2026-09-17,,
6.8,17-09-2026,Tomato,Uttar Pradesh,Vegetables,Mathura,2055.88,Rs./Quintal,Metric Tonnes,34,,,,,2055.88,,,2190.0,2330.0,"{'as_on': None, 'one_week_ago': None, 'last_five_day': None, 'one_month_ago': None}",Kosikalan APMC,2100.0,,2130.7,2500.0,17-09-2026,,,2026-09-17,,
16.3,17-09-2026,Tomato,Uttar Pradesh,Vegetables,Mathura,2018.4,Rs./Quintal,Metric Tonnes,34,,,,,2018.4,,,2160.0,2400.0,"{'as_on': None, 'one_week_ago': None, 'last_five_day': None, 'one_month_ago': None}",Mathura APMC,1837.97,,2019.6,2198.39,17-09-2026,,,2026-09-17,,
1.2,17-09-2026,Tomato,Uttar Pradesh,Vegetables,Meerut,2500.0,Rs./Quintal,Metric Tonnes,34,,,,,2500.0,,,,,"{'as_on': None, 'one_week_ago': None, 'last_five_day': None, 'one_month_ago': None}",Mawana APMC,,,2269.23,,17-09-2026,,,2026-09-17,,
20.0,17-09-2026,Tomato,Uttar Pradesh,Vegetables,Prayagraj,2000.0,Rs./Quintal,Metric Tonnes,34,,,,,2000.0,,,2475.0,2625.0,"{'as_on': None, 'one_week_ago': None, 'last_five_day': None, 'one_month_ago': None}",Prayagraj APMC,2000.0,,2000.0,2000.0,17-09-2026,,,2026-09-17,,
0.04,17-09-2026,Tomato,Uttar Pradesh,Vegetables,Raebarelli,3500.0,Rs./Quintal,Metric Tonnes,34,,,,,3500.0,,,2460.0,2150.0,"{'as_on': None, 'one_week_ago': None, 'last_five_day': None, 'one_month_ago': None}",Raibareilly APMC,,1600.0,3500.0,,17-09-2026,,,2026-09-17,,
0.63,17-09-2026,Tomato,Uttar Pradesh,Vegetables,Rampur,1500.0,Rs./Quintal,Metric Tonnes,34,,,,,1500.0,,,2180.0,2400.0,"{'as_on': None, 'one_week_ago': None, 'last_five_day': None, 'one_month_ago': None}",Rampur APMC,,1400.0,1500.0,,17-09-2026,,,2026-09-17,,
0.8,17-09-2026,Tomato,Uttar Pradesh,Vegetables,Saharanpur,2537.5,Rs./Quintal,Metric Tonnes,34,,,,,2537.5,,,2500.0,1700.0,"{'as_on': None, 'one_week_ago': None, 'last_five_day': None, 'one_month_ago': None}",CHHUTMALPUR APMC,2366.67,1300.0,2435.88,2307.69,17-09-2026,,,2026-09-17,,
0.5,17-09-2026,Tomato,Uttar Pradesh,Vegetables,Saharanpur,2560.0,Rs./Quintal,Metric Tonnes,34,,,,,2560.0,,,,,"{'as_on': None, 'one_week_ago': None, 'last_five_day': None, 'one_month_ago': None}",Rampurmaniharan APMC,2400.0,,2628.57,2600.0,17-09-2026,,,2026-09-17,,
4.8,17-09-2026,Tomato,Uttar Pradesh,Vegetables,Saharanpur,1782.71,Rs./Quintal,Metric Tonnes,34,,,,,1782.71,,,2000.0,3000.0,"{'as_on': None, 'one_week_ago': None, 'last_five_day': None, 'one_month_ago': None}",Saharanpur APMC,,1400.0,1597.18,1798.78,17-09-2026,,,2026-09-17,,
3.0,17-09-2026,Tomato,Uttar Pradesh,Vegetables,Shahjahanpur,2000.0,Rs./Quintal,Metric Tonnes,34,,,,,2000.0,,,,,"{'as_on': None, 'one_week_ago': None, 'last_five_day': None, 'one_month_ago': None}",Jalalabad APMC,,,2000.0,,17-09-2026,,,2026-09-17,,
1.2,17-09-2026,Tomato,Uttar Pradesh,Vegetables,Shamli,2000.0,Rs./Quintal,Metric Tonnes,34,,,,,2000.0,,,1650.0,1750.0,"{'as_on': None, 'one_week_ago': None, 'last_five_day': None, 'one_month_ago': None}",Kairana APMC,1800.0,,1911.76,1800.0,17-09-2026,,,2026-09-17,,
3.0,17-09-2026,Tomato,Uttar Pradesh,Vegetables,Shamli,2500.0,Rs./Quintal,Metric Tonnes,34,,,,,2500.0,,,,2250.0,"{'as_on': None, 'one_week_ago': None, 'last_five_day': None, 'one_month_ago': None}",Khandhla APMC,3000.0,,2850.0,,17-09-2026,,,2026-09-17,,
1.0,17-09-2026,Tomato,Uttar Pradesh,Vegetables,Shamli,2800.0,Rs./Quintal,Metric Tonnes,34,,,,,2800.0,,,2250.0,2925.0,"{'as_on': None, 'one_week_ago': None, 'last_five_day': None, 'one_month_ago': None}",Shamli APMC,2500.0,1410.0,2716.67,2833.33,17-09-2026,,,2026-09-17,,
0.8,17-09-2026,Tomato,Uttar Pradesh,Vegetables,Shamli,2400.0,Rs./Quintal,Metric Tonnes,34,,,,,2400.0,,,,2300.0,"{'as_on': None, 'one_week_ago': None, 'last_five_day': None, 'one_month_ago': None}",Thanabhawan APMC,2400.0,1370.0,2400.0,2200.0,17-09-2026,,,2026-09-17,,
183.4,17-09-2026,Tomato,Uttar Pradesh,Vegetables,Siddharth Nagar,1301.58,Rs./Quintal,Metric Tonnes,34,,,,,1301.58,,,2350.0,,"{'as_on': None, 'one_week_ago': None, 'last_five_day': None, 'one_month_ago': None}",Naugarh APMC,,,1301.58,,17-09-2026,,,2026-09-17,,
3.1,17-09-2026,Tomato,Uttar Pradesh,Vegetables,Sonbhadra,2700.0,Rs./Quintal,Metric Tonnes,34,,,,,2700.0,,,2600.0,,"{'as_on': None, 'one_week_ago': None, 'last_five_day': None, 'one_month_ago': None}",Dudhi APMC,2500.0,1800.0,2743.11,2603.45,17-09-2026,,,2026-09-17,,
0.07,17-09-2026,Tomato,Uttar Pradesh,Vegetables,Unnao,2200.0,Rs./Quintal,Metric Tonnes,34,,,,,2200.0,,,2500.0,2300.0,"{'as_on': None, 'one_week_ago': None, 'last_five_day': None, 'one_month_ago': None}",Unnao APMC,,1750.0,2200.0,,17-09-2026,,,2026-09-17,,
126.0,18-09-2026,Bajra(Pearl Millet/Cumbu),Uttar Pradesh,Cereals,Aligarh,1969.76,Rs./Quintal,Metric Tonnes,34,,,,,1969.76,down,2900.0,2230.0,,"{'as_on': '#ef4444', 'one_week_ago': None, 'last_five_day': '#ef4444', 'one_month_ago': '#ef4444'}",Aligarh APMC,,1940.0,1991.8,2050.0,18-09-2026,-32.1,-930.24,2026-09-18,,
43.99,18-09-2026,Bajra(Pearl Millet/Cumbu),Uttar Pradesh,Cereals,Aligarh,2000.0,Rs./Quintal,Metric Tonnes,34,,,,,2000.0,down,2900.0,,,"{'as_on': '#ef4444', 'one_week_ago': None, 'last_five_day': '#ef4444', 'one_month_ago': '#ef4444'}",Atrauli APMC,,,2057.29,1900.0,18-09-2026,-31.0,-900.0,2026-09-18,,
6.59,18-09-2026,Bajra(Pearl Millet/Cumbu),Uttar Pradesh,Cereals,Badaun,2200.0,Rs./Quintal,Metric Tonnes,34,,,,,2200.0,down,2900.0,,,"{'as_on': '#ef4444', 'one_week_ago': '#ef4444', 'last_five_day': '#ef4444', 'one_month_ago': '#ef4444'}",Islam Nagar APMC,2250.0,,2202.59,2200.0,18-09-2026,-24.1,-700.0,2026-09-18,,
86.07,18-09-2026,Bajra(Pearl Millet/Cumbu),Uttar Pradesh,Cereals,Hathras,2091.49,Rs./Quintal,Metric Tonnes,34,,,,,2091.49,down,2900.0,,2220.0,"{'as_on': '#ef4444', 'one_week_ago': '#ef4444', 'last_five_day': '#ef4444', 'one_month_ago': '#ef4444'}",Haathras APMC,2129.04,,2145.84,2013.1,18-09-2026,-27.9,-808.51,2026-09-18,,
1.9,18-09-2026,Bajra(Pearl Millet/Cumbu),Uttar Pradesh,Cereals,Hathras,2000.0,Rs./Quintal,Metric Tonnes,34,,,,,2000.0,down,2900.0,2325.0,,"{'as_on': '#ef4444', 'one_week_ago': None, 'last_five_day': '#ef4444', 'one_month_ago': None}",Sikandraraau APMC,,1475.0,2000.0,,18-09-2026,-31.0,-900.0,2026-09-18,,
1.2,18-09-2026,Bajra(Pearl Millet/Cumbu),Uttar Pradesh,Cereals,Kanpur,1800.0,Rs./Quintal,Metric Tonnes,34,,,,,1800.0,down,2900.0,2240.0,2380.0,"{'as_on': '#ef4444', 'one_week_ago': None, 'last_five_day': '#ef4444', 'one_month_ago': None}",Kanpur(Grain) APMC,,2015.0,1801.73,,18-09-2026,-37.9,-1100.0,2026-09-18,,
4.2,18-09-2026,Bajra(Pearl Millet/Cumbu),Uttar Pradesh,Cereals,Mathura,2175.0,Rs./Quintal,Metric Tonnes,34,,,,,2175.0,down,2900.0,2100.0,2320.0,"{'as_on': '#ef4444', 'one_week_ago': None, 'last_five_day': '#ef4444', 'one_month_ago': '#ef4444'}",Mathura APMC,,1940.0,2109.07,2055.44,18-09-2026,-25.0,-725.0,2026-09-18,,
65.5,18-09-2026,Bajra(Pearl Millet/Cumbu),Uttar Pradesh,Cereals,Muzaffarnagar,2100.0,Rs./Quintal,Metric Tonnes,34,,,,,2100.0,down,2900.0,,,"{'as_on': '#ef4444', 'one_week_ago': None, 'last_five_day': '#ef4444', 'one_month_ago': None}",Muzzafarnagar APMC,,,2100.0,,18-09-2026,-27.6,-800.0,2026-09-18,,
73.91,18-09-2026,Bajra(Pearl Millet/Cumbu),Uttar Pradesh,Cereals,Sambhal,2201.09,Rs./Quintal,Metric Tonnes,34,,,,,2201.09,down,2900.0,,,"{'as_on': '#ef4444', 'one_week_ago': None, 'last_five_day': '#ef4444', 'one_month_ago': '#ef4444'}",Bhehjoi APMC,,,2200.73,2100.0,18-09-2026,-24.1,-698.91,2026-09-18,,
61.2,18-09-2026,Barley(Jau),Uttar Pradesh,Cereals,Lalitpur,1932.53,Rs./Quintal,Metric Tonnes,34,,,,,1932.53,down,2150.0,,2300.0,"{'as_on': '#ef4444', 'one_week_ago': None, 'last_five_day': '#ef4444', 'one_month_ago': '#16a34a'}",Lalitpur APMC,,1765.0,2133.34,2263.31,18-09-2026,-10.1,-217.47,2026-09-18,,
0.42,18-09-2026,Maize,Uttar Pradesh,Cereals,Agra,4369.94,Rs./Quintal,Metric Tonnes,34,,,,,4369.94,up,2410.0,,,"{'as_on': '#16a34a', 'one_week_ago': None, 'last_five_day': '#16a34a', 'one_month_ago': None}",Agra APMC,,,4369.94,,18-09-2026,81.3,1959.94,2026-09-18,,
11.54,18-09-2026,Maize,Uttar Pradesh,Cereals,Aligarh,1900.0,Rs./Quintal,Metric Tonnes,34,,,,,1900.0,down,2410.0,2050.0,,"{'as_on': '#ef4444', 'one_week_ago': '#ef4444', 'last_five_day': '#ef4444', 'one_month_ago': '#ef4444'}",Aligarh APMC,2057.01,1960.0,2058.27,2040.49,18-09-2026,-21.2,-510.0,2026-09-18,,
37.93,18-09-2026,Maize,Uttar Pradesh,Cereals,Aligarh,2104.24,Rs./Quintal,Metric Tonnes,34,,,,,2104.24,down,2410.0,2050.0,2240.0,"{'as_on': '#ef4444', 'one_week_ago': '#ef4444', 'last_five_day': '#ef4444', 'one_month_ago': '#ef4444'}",Charra APMC,2145.29,1980.0,2119.31,2108.84,18-09-2026,-12.7,-305.76,2026-09-18,,
26.9,18-09-2026,Maize,Uttar Pradesh,Cereals,Aligarh,2200.0,Rs./Quintal,Metric Tonnes,34,,,,,2200.0,down,2410.0,,,"{'as_on': '#ef4444', 'one_week_ago': '#ef4444', 'last_five_day': '#ef4444', 'one_month_ago': '#ef4444'}",Khair APMC,2200.0,,2200.0,2000.0,18-09-2026,-8.7,-210.0,2026-09-18,,
76.45,18-09-2026,Maize,Uttar Pradesh,Cereals,Amethi,2655.94,Rs./Quintal,Metric Tonnes,34,,,,,2655.94,up,2410.0,,,"{'as_on': '#16a34a', 'one_week_ago': None, 'last_five_day': '#16a34a', 'one_month_ago': '#16a34a'}",Jafarganj APMC,,,2472.98,2422.74,18-09-2026,10.2,245.94,2026-09-18,,
20.5,18-09-2026,Maize,Uttar Pradesh,Cereals,Auraiya,2200.0,Rs./Quintal,Metric Tonnes,34,,,,,2200.0,down,2410.0,,,"{'as_on': '#ef4444', 'one_week_ago': None, 'last_five_day': '#ef4444', 'one_month_ago': '#ef4444'}",Dibiapur APMC,,,2183.88,2050.0,18-09-2026,-8.7,-210.0,2026-09-18,,
28.38,18-09-2026,Maize,Uttar Pradesh,Cereals,Badaun,2100.0,Rs./Quintal,Metric Tonnes,34,,,,,2100.0,down,2410.0,2050.0,2200.0,"{'as_on': '#ef4444', 'one_week_ago': '#ef4444', 'last_five_day': '#ef4444', 'one_month_ago': '#ef4444'}",Badayoun APMC,2086.82,1880.0,2092.94,1908.77,18-09-2026,-12.9,-310.0,2026-09-18,,
366.98,18-09-2026,Maize,Uttar Pradesh,Cereals,Badaun,2154.36,Rs./Quintal,Metric Tonnes,34,,,,,2154.36,down,2410.0,,,"{'as_on': '#ef4444', 'one_week_ago': '#ef4444', 'last_five_day': '#ef4444', 'one_month_ago': '#ef4444'}",Bilsi APMC,2092.23,,2150.22,1944.78,18-09-2026,-10.6,-255.64,2026-09-18,,
580.46,18-09-2026,Maize,Uttar Pradesh,Cereals,Badaun,2053.94,Rs./Quintal,Metric Tonnes,34,,,,,2053.94,down,2410.0,2000.0,2200.0,"{'as_on': '#ef4444', 'one_week_ago': '#ef4444', 'last_five_day': '#ef4444', 'one_month_ago': '#ef4444'}",Bisoli APMC,2044.67,1797.0,2034.41,1906.15,18-09-2026,-14.8,-356.06,2026-09-18,,
0.5,18-09-2026,Maize,Uttar Pradesh,Cereals,Badaun,2200.0,Rs./Quintal,Metric Tonnes,34,,,,,2200.0,down,2410.0,,,"{'as_on': '#ef4444', 'one_week_ago': '#ef4444', 'last_five_day': '#ef4444', 'one_month_ago': None}",Dataganj APMC,2300.0,,2248.83,,18-09-2026,-8.7,-210.0,2026-09-18,,
2.03,18-09-2026,Maize,Uttar Pradesh,Cereals,Badaun,1950.0,Rs./Quintal,Metric Tonnes,34,,,,,1950.0,down,2410.0,,,"{'as_on': '#ef4444', 'one_week_ago': '#ef4444', 'last_five_day': '#ef4444', 'one_month_ago': '#ef4444'}",Islam Nagar APMC,1997.58,,2002.39,1917.42,18-09-2026,-19.1,-460.0,2026-09-18,,
17.0,18-09-2026,Maize,Uttar Pradesh,Cereals,Badaun,2211.76,Rs./Quintal,Metric Tonnes,34,,,,,2211.76,down,2410.0,,,"{'as_on': '#ef4444', 'one_week_ago': '#ef4444', 'last_five_day': '#ef4444', 'one_month_ago': '#ef4444'}",Shahaswan APMC,1963.48,,2258.7,2001.52,18-09-2026,-8.2,-198.24,2026-09-18,,
360.98,18-09-2026,Maize,Uttar Pradesh,Cereals,Badaun,2291.91,Rs./Quintal,Metric Tonnes,34,,,,,2291.91,down,2410.0,,,"{'as_on': '#ef4444', 'one_week_ago': '#ef4444', 'last_five_day': '#ef4444', 'one_month_ago': '#ef4444'}",Ujhani APMC,2247.13,1850.0,2280.22,2102.52,18-09-2026,-4.9,-118.09,2026-09-18,,
340.15,18-09-2026,Maize,Uttar Pradesh,Cereals,Badaun,2052.14,Rs./Quintal,Metric Tonnes,34,,,,,2052.14,down,2410.0,2122.5,2200.0,"{'as_on': '#ef4444', 'one_week_ago': '#ef4444', 'last_five_day': '#ef4444', 'one_month_ago': '#ef4444'}",Wazirganj APMC,2069.7,,2056.16,1994.45,18-09-2026,-14.8,-357.86,2026-09-18,,
50.0,18-09-2026,Maize,Uttar Pradesh,Cereals,Bahraich,2250.0,Rs./Quintal,Metric Tonnes,34,,,,,2250.0,down,2410.0,,,"{'as_on': '#ef4444', 'one_week_ago': None, 'last_five_day': '#ef4444', 'one_month_ago': None}",Naanpara APMC,,2010.0,2250.0,,18-09-2026,-6.6,-160.0,2026-09-18,,
25.7,18-09-2026,Maize,Uttar Pradesh,Cereals,Bahraich,1750.0,Rs./Quintal,Metric Tonnes,34,,,,,1750.0,down,2410.0,,,"{'as_on': '#ef4444', 'one_week_ago': '#ef4444', 'last_five_day': '#ef4444', 'one_month_ago': '#ef4444'}",Risia APMC,2219.95,,2169.26,2380.0,18-09-2026,-27.4,-660.0,2026-09-18,,
0.12,18-09-2026,Maize,Uttar Pradesh,Cereals,Barabanki,8677.0,Rs./Quintal,Metric Tonnes,34,,,,,8677.0,up,2410.0,,,"{'as_on': '#16a34a', 'one_week_ago': None, 'last_five_day': '#16a34a', 'one_month_ago': None}",Barabanki APMC,,,8677.0,,18-09-2026,260.0,6267.0,2026-09-18,,
32.8,18-09-2026,Maize,Uttar Pradesh,Cereals,Bareilly,2400.0,Rs./Quintal,Metric Tonnes,34,,,,,2400.0,down,2410.0,,,"{'as_on': '#ef4444', 'one_week_ago': None, 'last_five_day': '#ef4444', 'one_month_ago': '#16a34a'}",Baheri APMC,,,2400.0,2410.0,18-09-2026,-0.4,-10.0,2026-09-18,,
0.64,18-09-2026,Maize,Uttar Pradesh,Cereals,Bulandshahar,1710.0,Rs./Quintal,Metric Tonnes,34,,,,,1710.0,down,2410.0,,2330.0,"{'as_on': '#ef4444', 'one_week_ago': '#ef4444', 'last_five_day': '#ef4444', 'one_month_ago': '#ef4444'}",Anoop Shahar APMC,2323.81,1850.0,2265.28,2158.19,18-09-2026,-29.0,-700.0,2026-09-18,,
36.0,18-09-2026,Maize,Uttar Pradesh,Cereals,Bulandshahar,2100.0,Rs./Quintal,Metric Tonnes,34,,,,,2100.0,down,2410.0,,2300.0,"{'as_on': '#ef4444', 'one_week_ago': '#ef4444', 'last_five_day': '#ef4444', 'one_month_ago': '#ef4444'}",Divai APMC,2124.46,,2166.73,1933.76,18-09-2026,-12.9,-310.0,2026-09-18,,
2.52,18-09-2026,Maize,Uttar Pradesh,Cereals,Bulandshahar,2180.0,Rs./Quintal,Metric Tonnes,34,,,,,2180.0,down,2410.0,,,"{'as_on': '#ef4444', 'one_week_ago': '#ef4444', 'last_five_day': '#ef4444', 'one_month_ago': '#ef4444'}",Gulavati APMC,2173.29,,2195.0,2112.96,18-09-2026,-9.5,-230.0,2026-09-18,,
45.0,18-09-2026,Maize,Uttar Pradesh,Cereals,Bulandshahar,2200.0,Rs./Quintal,Metric Tonnes,34,,,,,2200.0,down,2410.0,2280.0,2551.0,"{'as_on': '#ef4444', 'one_week_ago': '#ef4444', 'last_five_day': '#ef4444', 'one_month_ago': '#ef4444'}",Jahangirabad APMC,2259.84,2100.0,2245.53,2109.29,18-09-2026,-8.7,-210.0,2026-09-18,,
6.0,18-09-2026,Maize,Uttar Pradesh,Cereals,Bulandshahar,2050.0,Rs./Quintal,Metric Tonnes,34,,,,,2050.0,down,2410.0,2250.0,2360.0,"{'as_on': '#ef4444', 'one_week_ago': '#ef4444', 'last_five_day': '#ef4444', 'one_month_ago': '#ef4444'}",Siyana APMC,2185.64,1900.0,2134.95,2079.56,18-09-2026,-14.9,-360.0,2026-09-18,,
39.2,18-09-2026,Maize,Uttar Pradesh,Cereals,Etah,1800.0,Rs./Quintal,Metric Tonnes,34,,,,,1800.0,down,2410.0,1895.0,2155.0,"{'as_on': '#ef4444', 'one_week_ago': '#ef4444', 'last_five_day': '#ef4444', 'one_month_ago': '#ef4444'}",Aliganj APMC,1853.83,,1906.03,1828.53,18-09-2026,-25.3,-610.0,2026-09-18,,
149.5,18-09-2026,Maize,Uttar Pradesh,Cereals,Etah,1987.29,Rs./Quintal,Metric Tonnes,34,,,,,1987.29,down,2410.0,2180.0,2165.0,"{'as_on': '#ef4444', 'one_week_ago': '#ef4444', 'last_five_day': '#ef4444', 'one_month_ago': '#ef4444'}",Etah APMC,2005.45,1970.0,2043.16,2000.0,18-09-2026,-17.5,-422.71,2026-09-18,,
2.4,18-09-2026,Maize,Uttar Pradesh,Cereals,Etawah,2000.0,Rs./Quintal,Metric Tonnes,34,,,,,2000.0,down,2410.0,2230.0,2400.0,"{'as_on': '#ef4444', 'one_week_ago': None, 'last_five_day': '#ef4444', 'one_month_ago': None}",Bharthna APMC,,1950.0,2000.0,,18-09-2026,-17.0,-410.0,2026-09-18,,
60.0,18-09-2026,Maize,Uttar Pradesh,Cereals,Farukhabad,2300.0,Rs./Quintal,Metric Tonnes,34,,,,,2300.0,down,2410.0,2240.0,2450.0,"{'as_on': '#ef4444', 'one_week_ago': '#ef4444', 'last_five_day': '#ef4444', 'one_month_ago': '#ef4444'}",Farukhabad APMC,2301.3,1925.0,2301.74,2000.53,18-09-2026,-4.6,-110.0,2026-09-18,,
240.16,18-09-2026,Maize,Uttar Pradesh,Cereals,Farukhabad,2300.0,Rs./Quintal,Metric Tonnes,34,,,,,2300.0,down,2410.0,2050.0,2410.0,"{'as_on': '#ef4444', 'one_week_ago': '#ef4444', 'last_five_day': '#ef4444', 'one_month_ago': '#ef4444'}",Kamlaganj APMC,2332.23,1850.0,2312.29,2183.4,18-09-2026,-4.6,-110.0,2026-09-18,,
155.3,18-09-2026,Maize,Uttar Pradesh,Cereals,Farukhabad,2222.15,Rs./Quintal,Metric Tonnes,34,,,,,2222.15,down,2410.0,2225.0,2400.0,"{'as_on': '#ef4444', 'one_week_ago': '#ef4444', 'last_five_day': '#ef4444', 'one_month_ago': '#ef4444'}",Kayamganj APMC,2225.03,1940.0,2213.88,2010.69,18-09-2026,-7.8,-187.85,2026-09-18,,
422.62,18-09-2026,Maize,Uttar Pradesh,Cereals,Farukhabad,2204.93,Rs./Quintal,Metric Tonnes,34,,,,,2204.93,down,2410.0,2225.0,2410.0,"{'as_on': '#ef4444', 'one_week_ago': '#ef4444', 'last_five_day': '#ef4444', 'one_month_ago': '#ef4444'}",Mohamadabad APMC,2234.6,1915.0,2228.1,2044.67,18-09-2026,-8.5,-205.07,2026-09-18,,
30.29,18-09-2026,Maize,Uttar Pradesh,Cereals,Firozabad,2250.0,Rs./Quintal,Metric Tonnes,34,,,,,2250.0,down,2410.0,,,"{'as_on': '#ef4444', 'one_week_ago': '#ef4444', 'last_five_day': '#ef4444', 'one_month_ago': '#ef4444'}",Shikohabad APMC,2251.22,1750.0,2261.97,2103.01,18-09-2026,-6.6,-160.0,2026-09-18,,
157.28,18-09-2026,Maize,Uttar Pradesh,Cereals,Firozabad,2332.58,Rs./Quintal,Metric Tonnes,34,,,,,2332.58,down,2410.0,,,"{'as_on': '#ef4444', 'one_week_ago': '#ef4444', 'last_five_day': '#ef4444', 'one_month_ago': '#ef4444'}",Sirsaganj APMC,2299.27,1840.0,2265.74,2170.88,18-09-2026,-3.2,-77.42,2026-09-18,,
23.22,18-09-2026,Maize,Uttar Pradesh,Cereals,Ghaziabad,2400.0,Rs./Quintal,Metric Tonnes,34,,,,,2400.0,down,2410.0,,,"{'as_on': '#ef4444', 'one_week_ago': '#ef4444', 'last_five_day': '#ef4444', 'one_month_ago': '#ef4444'}",Hapur APMC,2314.76,2070.0,2294.76,2123.53,18-09-2026,-0.4,-10.0,2026-09-18,,
25.49,18-09-2026,Maize,Uttar Pradesh,Cereals,Hardoi,2200.0,Rs./Quintal,Metric Tonnes,34,,,,,2200.0,down,2410.0,2230.0,2175.0,"{'as_on': '#ef4444', 'one_week_ago': '#ef4444', 'last_five_day': '#ef4444', 'one_month_ago': '#ef4444'}",Madhoganj APMC,2306.82,2025.0,2325.43,2088.34,18-09-2026,-8.7,-210.0,2026-09-18,,
202.74,18-09-2026,Maize,Uttar Pradesh,Cereals,Hardoi,2000.0,Rs./Quintal,Metric Tonnes,34,,,,,2000.0,down,2410.0,2230.0,2165.0,"{'as_on': '#ef4444', 'one_week_ago': None, 'last_five_day': '#ef4444', 'one_month_ago': None}",Sandi APMC,,2015.0,2000.0,,18-09-2026,-17.0,-410.0,2026-09-18,,
4.5,18-09-2026,Maize,Uttar Pradesh,Cereals,Hathras,2100.0,Rs./Quintal,Metric Tonnes,34,,,,,2100.0,down,2410.0,,2420.0,"{'as_on': '#ef4444', 'one_week_ago': '#ef4444', 'last_five_day': '#ef4444', 'one_month_ago': '#ef4444'}",Haathras APMC,2218.82,,2117.83,2118.27,18-09-2026,-12.9,-310.0,2026-09-18,,
32.99,18-09-2026,Maize,Uttar Pradesh,Cereals,Hathras,2303.28,Rs./Quintal,Metric Tonnes,34,,,,,2303.28,down,2410.0,,,"{'as_on': '#ef4444', 'one_week_ago': None, 'last_five_day': '#ef4444', 'one_month_ago': None}",Sikandraraau APMC,,1425.0,2303.28,,18-09-2026,-4.4,-106.72,2026-09-18,,
209.65,18-09-2026,Maize,Uttar Pradesh,Cereals,Kannuj,2218.01,Rs./Quintal,Metric Tonnes,34,,,,,2218.01,down,2410.0,,2390.0,"{'as_on': '#ef4444', 'one_week_ago': '#ef4444', 'last_five_day': '#ef4444', 'one_month_ago': '#ef4444'}",Chhibramau APMC,2227.32,1970.0,2220.7,2103.43,18-09-2026,-8.0,-191.99,2026-09-18,,
109.94,18-09-2026,Maize,Uttar Pradesh,Cereals,Kannuj,2124.68,Rs./Quintal,Metric Tonnes,34,,,,,2124.68,down,2410.0,2225.0,2390.0,"{'as_on': '#ef4444', 'one_week_ago': '#ef4444', 'last_five_day': '#ef4444', 'one_month_ago': '#ef4444'}",Kannauj APMC,2143.76,1930.0,2199.89,2059.03,18-09-2026,-11.8,-285.32,2026-09-18,,
12.5,18-09-2026,Maize,Uttar Pradesh,Cereals,Kanpur,1900.0,Rs./Quintal,Metric Tonnes,34,,,,,1900.0,down,2410.0,2270.0,2370.0,"{'as_on': '#ef4444', 'one_week_ago': None, 'last_five_day': '#ef4444', 'one_month_ago': None}",Choubepur APMC,,,1900.0,,18-09-2026,-21.2,-510.0,2026-09-18,,
128.39,18-09-2026,Maize,Uttar Pradesh,Cereals,Kanpur,1928.04,Rs./Quintal,Metric Tonnes,34,,,,,1928.04,down,2410.0,2230.0,2350.0,"{'as_on': '#ef4444', 'one_week_ago': '#ef4444', 'last_five_day': '#ef4444', 'one_month_ago': '#ef4444'}",Uttaripura APMC,1900.0,1950.0,1906.25,1928.04,18-09-2026,-20.0,-481.96,2026-09-18,,
55.2,18-09-2026,Maize,Uttar Pradesh,Cereals,Kasganj,1987.4,Rs./Quintal,Metric Tonnes,34,,,,,1987.4,down,2410.0,,,"{'as_on': '#ef4444', 'one_week_ago': '#ef4444', 'last_five_day': '#ef4444', 'one_month_ago': '#ef4444'}",Ganj Dundwara APMC,1862.15,,2117.56,1932.58,18-09-2026,-17.5,-422.6,2026-09-18,,
176.78,18-09-2026,Maize,Uttar Pradesh,Cereals,Kasganj,2271.78,Rs./Quintal,Metric Tonnes,34,,,,,2271.78,down,2410.0,2210.0,2376.0,"{'as_on': '#ef4444', 'one_week_ago': '#ef4444', 'last_five_day': '#ef4444', 'one_month_ago': '#ef4444'}",Kasganj APMC,2072.4,,2113.42,2094.37,18-09-2026,-5.7,-138.22,2026-09-18,,
0.18,18-09-2026,Maize,Uttar Pradesh,Cereals,Lucknow,8713.0,Rs./Quintal,Metric Tonnes,34,,,,,8713.0,up,2410.0,,,"{'as_on': '#16a34a', 'one_week_ago': '#16a34a', 'last_five_day': '#ef4444', 'one_month_ago': None}",Banthara APMC,2750.0,,1939.76,,18-09-2026,261.5,6303.0,2026-09-18,,
172.3,18-09-2026,Maize,Uttar Pradesh,Cereals,Mainpuri,2269.53,Rs./Quintal,Metric Tonnes,34,,,,,2269.53,down,2410.0,2260.0,2450.0,"{'as_on': '#ef4444', 'one_week_ago': '#ef4444', 'last_five_day': '#ef4444', 'one_month_ago': '#ef4444'}",Mainpuri APMC,2030.74,1985.0,2053.69,2032.45,18-09-2026,-5.8,-140.47,2026-09-18,,
77.81,18-09-2026,Maize,Uttar Pradesh,Cereals,Pillibhit,2012.34,Rs./Quintal,Metric Tonnes,34,,,,,2012.34,down,2410.0,,,"{'as_on': '#ef4444', 'one_week_ago': '#ef4444', 'last_five_day': '#ef4444', 'one_month_ago': None}",Puranpur APMC,2000.0,,1991.4,,18-09-2026,-16.5,-397.66,2026-09-18,,
221.0,18-09-2026,Maize,Uttar Pradesh,Cereals,Sambhal,2230.88,Rs./Quintal,Metric Tonnes,34,,,,,2230.88,down,2410.0,,2320.0,"{'as_on': '#ef4444', 'one_week_ago': '#ef4444', 'last_five_day': '#ef4444', 'one_month_ago': '#ef4444'}",Bhehjoi APMC,2109.4,,2185.77,1853.35,18-09-2026,-7.4,-179.12,2026-09-18,,
30.29,18-09-2026,Maize,Uttar Pradesh,Cereals,Sambhal,2250.0,Rs./Quintal,Metric Tonnes,34,,,,,2250.0,down,2410.0,,,"{'as_on': '#ef4444', 'one_week_ago': '#ef4444', 'last_five_day': '#ef4444', 'one_month_ago': '#ef4444'}",Chandausi APMC,2158.76,,2114.93,2074.66,18-09-2026,-6.6,-160.0,2026-09-18,,
32.35,18-09-2026,Maize,Uttar Pradesh,Cereals,Shahjahanpur,2344.03,Rs./Quintal,Metric Tonnes,34,,,,,2344.03,down,2410.0,,,"{'as_on': '#ef4444', 'one_week_ago': '#ef4444', 'last_five_day': '#ef4444', 'one_month_ago': '#ef4444'}",Powayan APMC,2102.85,,2344.03,1993.13,18-09-2026,-2.7,-65.97,2026-09-18,,
19.9,18-09-2026,Maize,Uttar Pradesh,Cereals,Shravasti,2000.0,Rs./Quintal,Metric Tonnes,34,,,,,2000.0,down,2410.0,,,"{'as_on': '#ef4444', 'one_week_ago': None, 'last_five_day': '#ef4444', 'one_month_ago': None}",Payagpur APMC,,,2000.0,,18-09-2026,-17.0,-410.0,2026-09-18,,
0.1,18-09-2026,Maize,Uttar Pradesh,Cereals,Sonbhadra,700.0,Rs./Quintal,Metric Tonnes,34,,,,,700.0,down,2410.0,,,"{'as_on': '#ef4444', 'one_week_ago': '#ef4444', 'last_five_day': '#ef4444', 'one_month_ago': '#ef4444'}",Dudhi APMC,1800.0,,774.14,700.0,18-09-2026,-71.0,-1710.0,2026-09-18,,
1836.11,18-09-2026,Paddy(Common),Uttar Pradesh,Cereals,Aligarh,3475.71,Rs./Quintal,Metric Tonnes,34,,,,,3475.71,up,2441.0,,,"{'as_on': '#16a34a', 'one_week_ago': '#16a34a', 'last_five_day': '#16a34a', 'one_month_ago': None}",Aligarh APMC,3200.0,,3551.4,,18-09-2026,42.4,1034.71,2026-09-18,,
49.5,18-09-2026,Paddy(Common),Uttar Pradesh,Cereals,Aligarh,3979.91,Rs./Quintal,Metric Tonnes,34,,,,,3979.91,up,2441.0,,,"{'as_on': '#16a34a', 'one_week_ago': '#16a34a', 'last_five_day': '#16a34a', 'one_month_ago': None}",Atrauli APMC,3000.0,,3570.22,,18-09-2026,63.0,1538.91,2026-09-18,,
2053.29,18-09-2026,Paddy(Common),Uttar Pradesh,Cereals,Aligarh,3499.41,Rs./Quintal,Metric Tonnes,34,,,,,3499.41,up,2441.0,,,"{'as_on': '#16a34a', 'one_week_ago': '#16a34a', 'last_five_day': '#16a34a', 'one_month_ago': None}",Charra APMC,3542.71,,3487.29,,18-09-2026,43.4,1058.41,2026-09-18,,
688.57,18-09-2026,Paddy(Common),Uttar Pradesh,Cereals,Aligarh,3555.86,Rs./Quintal,Metric Tonnes,34,,,,,3555.86,up,2441.0,,,"{'as_on': '#16a34a', 'one_week_ago': '#16a34a', 'last_five_day': '#16a34a', 'one_month_ago': '#16a34a'}",Khair APMC,3402.27,,3597.22,3439.74,18-09-2026,45.7,1114.86,2026-09-18,,
92.7,18-09-2026,Paddy(Common),Uttar Pradesh,Cereals,Amroha,2410.79,Rs./Quintal,Metric Tonnes,34,,,,,2410.79,down,2441.0,,,"{'as_on': '#ef4444', 'one_week_ago': '#ef4444', 'last_five_day': '#ef4444', 'one_month_ago': None}",Hasanpur APMC,2380.45,,2347.9,,18-09-2026,-1.2,-30.21,2026-09-18,,
105.3,18-09-2026,Paddy(Common),Uttar Pradesh,Cereals,Badaun,2871.9,Rs./Quintal,Metric Tonnes,34,,,,,2871.9,up,2441.0,,,"{'as_on': '#16a34a', 'one_week_ago': None, 'last_five_day': '#16a34a', 'one_month_ago': None}",Babrala APMC,,2040.0,2855.26,,18-09-2026,17.7,430.9,2026-09-18,,
29.1,18-09-2026,Paddy(Common),Uttar Pradesh,Cereals,Bahraich,2000.0,Rs./Quintal,Metric Tonnes,34,,,,,2000.0,down,2441.0,2300.0,2200.0,"{'as_on': '#ef4444', 'one_week_ago': '#ef4444', 'last_five_day': '#ef4444', 'one_month_ago': '#ef4444'}",Bahraich APMC,2000.0,,2000.0,1855.0,18-09-2026,-18.1,-441.0,2026-09-18,,
13.0,18-09-2026,Paddy(Common),Uttar Pradesh,Cereals,Balrampur,3000.0,Rs./Quintal,Metric Tonnes,34,,,,,3000.0,up,2441.0,,,"{'as_on': '#16a34a', 'one_week_ago': '#ef4444', 'last_five_day': '#ef4444', 'one_month_ago': '#ef4444'}",Balrampur APMC,2156.76,,2375.51,1850.0,18-09-2026,22.9,559.0,2026-09-18,,
265.0,18-09-2026,Paddy(Common),Uttar Pradesh,Cereals,Barabanki,2145.71,Rs./Quintal,Metric Tonnes,34,,,,,2145.71,down,2441.0,,,"{'as_on': '#ef4444', 'one_week_ago': '#ef4444', 'last_five_day': '#ef4444', 'one_month_ago': '#ef4444'}",Barabanki APMC,2100.19,,2094.25,2247.13,18-09-2026,-12.1,-295.29,2026-09-18,,
33.89,18-09-2026,Paddy(Common),Uttar Pradesh,Cereals,Bareilly,3263.9,Rs./Quintal,Metric Tonnes,34,,,,,3263.9,up,2441.0,1950.0,,"{'as_on': '#16a34a', 'one_week_ago': '#16a34a', 'last_five_day': '#16a34a', 'one_month_ago': '#16a34a'}",Bareilly APMC,3407.34,,3342.88,2990.61,18-09-2026,33.7,822.9,2026-09-18,,
31.0,18-09-2026,Paddy(Common),Uttar Pradesh,Cereals,Bulandshahar,2850.0,Rs./Quintal,Metric Tonnes,34,,,,,2850.0,up,2441.0,,,"{'as_on': '#16a34a', 'one_week_ago': '#16a34a', 'last_five_day': '#16a34a', 'one_month_ago': None}",Anoop Shahar APMC,3100.0,,3270.26,,18-09-2026,16.8,409.0,2026-09-18,,
1080.7,18-09-2026,Paddy(Common),Uttar Pradesh,Cereals,Bulandshahar,3701.89,Rs./Quintal,Metric Tonnes,34,,,,,3701.89,up,2441.0,,,"{'as_on': '#16a34a', 'one_week_ago': '#16a34a', 'last_five_day': '#16a34a', 'one_month_ago': '#16a34a'}",Buland Shahr APMC,3488.5,,3661.08,3824.52,18-09-2026,51.7,1260.89,2026-09-18,,
901.33,18-09-2026,Paddy(Common),Uttar Pradesh,Cereals,Bulandshahar,3469.78,Rs./Quintal,Metric Tonnes,34,,,,,3469.78,up,2441.0,,,"{'as_on': '#16a34a', 'one_week_ago': '#16a34a', 'last_five_day': '#16a34a', 'one_month_ago': None}",Divai APMC,3199.57,,3399.57,,18-09-2026,42.1,1028.78,2026-09-18,,
100.97,18-09-2026,Paddy(Common),Uttar Pradesh,Cereals,Bulandshahar,3622.51,Rs./Quintal,Metric Tonnes,34,,,,,3622.51,up,2441.0,,,"{'as_on': '#16a34a', 'one_week_ago': '#16a34a', 'last_five_day': '#16a34a', 'one_month_ago': '#16a34a'}",Gulavati APMC,3377.21,,3632.73,3694.87,18-09-2026,48.4,1181.51,2026-09-18,,
134.5,18-09-2026,Paddy(Common),Uttar Pradesh,Cereals,Bulandshahar,3609.63,Rs./Quintal,Metric Tonnes,34,,,,,3609.63,up,2441.0,,,"{'as_on': '#16a34a', 'one_week_ago': '#16a34a', 'last_five_day': '#16a34a', 'one_month_ago': None}",Khurja APMC,3435.0,,3519.12,,18-09-2026,47.9,1168.63,2026-09-18,,
2.15,18-09-2026,Paddy(Common),Uttar Pradesh,Cereals,Bulandshahar,3681.0,Rs./Quintal,Metric Tonnes,34,,,,,3681.0,up,2441.0,,,"{'as_on': '#16a34a', 'one_week_ago': '#16a34a', 'last_five_day': '#16a34a', 'one_month_ago': None}",Sikanderabad APMC,3477.09,,3707.78,,18-09-2026,50.8,1240.0,2026-09-18,,
13.19,18-09-2026,Paddy(Common),Uttar Pradesh,Cereals,Bulandshahar,3709.21,Rs./Quintal,Metric Tonnes,34,,,,,3709.21,up,2441.0,,,"{'as_on': '#16a34a', 'one_week_ago': None, 'last_five_day': '#16a34a', 'one_month_ago': None}",Sikarpur APMC,,,3099.97,,18-09-2026,52.0,1268.21,2026-09-18,,
20.0,18-09-2026,Paddy(Common),Uttar Pradesh,Cereals,Bulandshahar,3375.0,Rs./Quintal,Metric Tonnes,34,,,,,3375.0,up,2441.0,,,"{'as_on': '#16a34a', 'one_week_ago': None, 'last_five_day': '#16a34a', 'one_month_ago': None}",Siyana APMC,,,3647.97,,18-09-2026,38.3,934.0,2026-09-18,,
34.5,18-09-2026,Paddy(Common),Uttar Pradesh,Cereals,Farukhabad,2000.0,Rs./Quintal,Metric Tonnes,34,,,,,2000.0,down,2441.0,,,"{'as_on': '#ef4444', 'one_week_ago': None, 'last_five_day': '#ef4444', 'one_month_ago': None}",Mohamadabad APMC,,,2000.0,,18-09-2026,-18.1,-441.0,2026-09-18,,
12.1,18-09-2026,Paddy(Common),Uttar Pradesh,Cereals,Fatehpur,2500.0,Rs./Quintal,Metric Tonnes,34,,,,,2500.0,up,2441.0,,,"{'as_on': '#16a34a', 'one_week_ago': None, 'last_five_day': '#16a34a', 'one_month_ago': None}",Khaga APMC,,,2500.0,,18-09-2026,2.4,59.0,2026-09-18,,
274.65,18-09-2026,Paddy(Common),Uttar Pradesh,Cereals,Gautam Budh Nagar,3511.53,Rs./Quintal,Metric Tonnes,34,,,,,3511.53,up,2441.0,,,"{'as_on': '#16a34a', 'one_week_ago': '#16a34a', 'last_five_day': '#16a34a', 'one_month_ago': None}",DADRI APMC,3304.64,,3375.08,,18-09-2026,43.9,1070.53,2026-09-18,,
13.4,18-09-2026,Paddy(Common),Uttar Pradesh,Cereals,Gautam Budh Nagar,3650.85,Rs./Quintal,Metric Tonnes,34,,,,,3650.85,up,2441.0,,,"{'as_on': '#16a34a', 'one_week_ago': None, 'last_five_day': '#16a34a', 'one_month_ago': None}",Dankaur APMC,,,3691.75,,18-09-2026,49.6,1209.85,2026-09-18,,
63.0,18-09-2026,Paddy(Common),Uttar Pradesh,Cereals,Gautam Budh Nagar,3746.02,Rs./Quintal,Metric Tonnes,34,,,,,3746.02,up,2441.0,,,"{'as_on': '#16a34a', 'one_week_ago': '#16a34a', 'last_five_day': '#16a34a', 'one_month_ago': None}",Jewar APMC,2900.0,,3771.56,,18-09-2026,53.5,1305.02,2026-09-18,,
7.4,18-09-2026,Paddy(Common),Uttar Pradesh,Cereals,Ghaziabad,3796.27,Rs./Quintal,Metric Tonnes,34,,,,,3796.27,up,2441.0,,,"{'as_on': '#16a34a', 'one_week_ago': None, 'last_five_day': '#16a34a', 'one_month_ago': None}",Ghaziabad APMC,,,3717.24,,18-09-2026,55.5,1355.27,2026-09-18,,
951.19,18-09-2026,Paddy(Common),Uttar Pradesh,Cereals,Ghaziabad,3467.37,Rs./Quintal,Metric Tonnes,34,,,,,3467.37,up,2441.0,,,"{'as_on': '#16a34a', 'one_week_ago': '#16a34a', 'last_five_day': '#16a34a', 'one_month_ago': '#16a34a'}",Hapur APMC,3438.53,,3443.18,3593.13,18-09-2026,42.0,1026.37,2026-09-18,,
2.71,18-09-2026,Paddy(Common),Uttar Pradesh,Cereals,Gonda,2000.0,Rs./Quintal,Metric Tonnes,34,,,,,2000.0,down,2441.0,2300.0,2300.0,"{'as_on': '#ef4444', 'one_week_ago': '#16a34a', 'last_five_day': '#ef4444', 'one_month_ago': '#ef4444'}",Nawabganj APMC,2600.0,1980.0,2416.66,2000.0,18-09-2026,-18.1,-441.0,2026-09-18,,
70.32,18-09-2026,Paddy(Common),Uttar Pradesh,Cereals,Hardoi,2543.01,Rs./Quintal,Metric Tonnes,34,,,,,2543.01,up,2441.0,2300.0,2190.0,"{'as_on': '#16a34a', 'one_week_ago': '#16a34a', 'last_five_day': '#16a34a', 'one_month_ago': '#16a34a'}",Hardoi APMC,3491.26,2040.0,2624.32,2671.43,18-09-2026,4.2,102.01,2026-09-18,,
183.28,18-09-2026,Paddy(Common),Uttar Pradesh,Cereals,Hathras,2557.6,Rs./Quintal,Metric Tonnes,34,,,,,2557.6,up,2441.0,,,"{'as_on': '#16a34a', 'one_week_ago': None, 'last_five_day': '#16a34a', 'one_month_ago': None}",Haathras APMC,,,2600.32,,18-09-2026,4.8,116.6,2026-09-18,,
60.4,18-09-2026,Paddy(Common),Uttar Pradesh,Cereals,Jaunpur,2723.84,Rs./Quintal,Metric Tonnes,34,,,,,2723.84,up,2441.0,,,"{'as_on': '#16a34a', 'one_week_ago': '#ef4444', 'last_five_day': '#ef4444', 'one_month_ago': None}",Mugrabaadshahpur APMC,2213.32,,2305.55,,18-09-2026,11.6,282.84,2026-09-18,,
383.7,18-09-2026,Paddy(Common),Uttar Pradesh,Cereals,Kanpur,2315.4,Rs./Quintal,Metric Tonnes,34,,,,,2315.4,down,2441.0,,,"{'as_on': '#ef4444', 'one_week_ago': '#ef4444', 'last_five_day': '#ef4444', 'one_month_ago': '#ef4444'}",Uttaripura APMC,2050.0,,2242.26,2050.0,18-09-2026,-5.1,-125.6,2026-09-18,,
415.2,18-09-2026,Paddy(Common),Uttar Pradesh,Cereals,Kasganj,3583.3,Rs./Quintal,Metric Tonnes,34,,,,,3583.3,up,2441.0,,,"{'as_on': '#16a34a', 'one_week_ago': '#16a34a', 'last_five_day': '#16a34a', 'one_month_ago': None}",Kasganj APMC,3501.84,,3584.42,,18-09-2026,46.8,1142.3,2026-09-18,,
19.0,18-09-2026,Paddy(Common),Uttar Pradesh,Cereals,Kaushambi,3300.0,Rs./Quintal,Metric Tonnes,34,,,,,3300.0,up,2441.0,,,"{'as_on': '#16a34a', 'one_week_ago': '#ef4444', 'last_five_day': '#16a34a', 'one_month_ago': None}",Manjhanpur APMC,2413.07,,2914.34,,18-09-2026,35.2,859.0,2026-09-18,,
9.98,18-09-2026,Paddy(Common),Uttar Pradesh,Cereals,Khiri (Lakhimpur),1805.0,Rs./Quintal,Metric Tonnes,34,,,,,1805.0,down,2441.0,2000.0,2165.0,"{'as_on': '#ef4444', 'one_week_ago': '#ef4444', 'last_five_day': '#ef4444', 'one_month_ago': None}",Mohammdi APMC,1807.3,,1806.53,,18-09-2026,-26.1,-636.0,2026-09-18,,
102.23,18-09-2026,Paddy(Common),Uttar Pradesh,Cereals,Lakhimpur,3000.0,Rs./Quintal,Metric Tonnes,34,,,,,3000.0,up,2441.0,1920.0,2160.0,"{'as_on': '#16a34a', 'one_week_ago': '#ef4444', 'last_five_day': '#16a34a', 'one_month_ago': '#ef4444'}",Golagokarnath APMC,2206.93,2000.0,2625.57,1910.55,18-09-2026,22.9,559.0,2026-09-18,,
43.29,18-09-2026,Paddy(Common),Uttar Pradesh,Cereals,Lakhimpur,1850.0,Rs./Quintal,Metric Tonnes,34,,,,,1850.0,down,2441.0,1950.0,2170.0,"{'as_on': '#ef4444', 'one_week_ago': None, 'last_five_day': '#ef4444', 'one_month_ago': '#ef4444'}",Lakhimpur APMC,,2000.0,1863.57,1850.0,18-09-2026,-24.2,-591.0,2026-09-18,,
25.5,18-09-2026,Paddy(Common),Uttar Pradesh,Cereals,Lakhimpur,1650.0,Rs./Quintal,Metric Tonnes,34,,,,,1650.0,down,2441.0,,,"{'as_on': '#ef4444', 'one_week_ago': None, 'last_five_day': '#ef4444', 'one_month_ago': None}",Paliakala APMC,,,1650.0,,18-09-2026,-32.4,-791.0,2026-09-18,,
61.3,18-09-2026,Paddy(Common),Uttar Pradesh,Cereals,Lucknow,3250.0,Rs./Quintal,Metric Tonnes,34,,,,,3250.0,up,2441.0,2438.0,2837.0,"{'as_on': '#16a34a', 'one_week_ago': '#16a34a', 'last_five_day': '#16a34a', 'one_month_ago': '#16a34a'}",Banthara APMC,2967.37,,3121.09,3086.56,18-09-2026,33.1,809.0,2026-09-18,,
39.09,18-09-2026,Paddy(Common),Uttar Pradesh,Cereals,Maharajganj,2200.0,Rs./Quintal,Metric Tonnes,34,,,,,2200.0,down,2441.0,,,"{'as_on': '#ef4444', 'one_week_ago': '#ef4444', 'last_five_day': '#ef4444', 'one_month_ago': '#ef4444'}",Nautnava APMC,2200.0,2450.0,2207.23,2200.0,18-09-2026,-9.9,-241.0,2026-09-18,,
26.84,18-09-2026,Paddy(Common),Uttar Pradesh,Cereals,Mainpuri,2400.0,Rs./Quintal,Metric Tonnes,34,,,,,2400.0,down,2441.0,,,"{'as_on': '#ef4444', 'one_week_ago': None, 'last_five_day': '#ef4444', 'one_month_ago': None}",Bewar APMC,,,2373.71,,18-09-2026,-1.7,-41.0,2026-09-18,,
10.53,18-09-2026,Paddy(Common),Uttar Pradesh,Cereals,Mainpuri,1901.0,Rs./Quintal,Metric Tonnes,34,,,,,1901.0,down,2441.0,,,"{'as_on': '#ef4444', 'one_week_ago': None, 'last_five_day': '#ef4444', 'one_month_ago': '#16a34a'}",Mainpuri APMC,,,2260.8,4200.0,18-09-2026,-22.1,-540.0,2026-09-18,,
1152.54,18-09-2026,Paddy(Common),Uttar Pradesh,Cereals,Mathura,3530.0,Rs./Quintal,Metric Tonnes,34,,,,,3530.0,up,2441.0,,,"{'as_on': '#16a34a', 'one_week_ago': '#16a34a', 'last_five_day': '#16a34a', 'one_month_ago': '#16a34a'}",Kosikalan APMC,3385.42,,3499.52,3305.0,18-09-2026,44.6,1089.0,2026-09-18,,
366.36,18-09-2026,Paddy(Common),Uttar Pradesh,Cereals,Mathura,3472.08,Rs./Quintal,Metric Tonnes,34,,,,,3472.08,up,2441.0,,,"{'as_on': '#16a34a', 'one_week_ago': '#16a34a', 'last_five_day': '#16a34a', 'one_month_ago': None}",Mathura APMC,3469.88,,3427.67,,18-09-2026,42.2,1031.08,2026-09-18,,
12.5,18-09-2026,Paddy(Common),Uttar Pradesh,Cereals,Mirzapur,2305.0,Rs./Quintal,Metric Tonnes,34,,,,,2305.0,down,2441.0,,,"{'as_on': '#ef4444', 'one_week_ago': '#ef4444', 'last_five_day': '#ef4444', 'one_month_ago': '#16a34a'}",Ahirora APMC,2337.72,,2358.33,2651.5,18-09-2026,-5.6,-136.0,2026-09-18,,
43.5,18-09-2026,Paddy(Common),Uttar Pradesh,Cereals,Mirzapur,2369.0,Rs./Quintal,Metric Tonnes,34,,,,,2369.0,down,2441.0,,,"{'as_on': '#ef4444', 'one_week_ago': None, 'last_five_day': '#ef4444', 'one_month_ago': None}",Mirzapur APMC,,,2369.0,,18-09-2026,-2.9,-72.0,2026-09-18,,
103.84,18-09-2026,Paddy(Common),Uttar Pradesh,Cereals,Pillibhit,1800.0,Rs./Quintal,Metric Tonnes,34,,,,,1800.0,down,2441.0,,,"{'as_on': '#ef4444', 'one_week_ago': None, 'last_five_day': '#ef4444', 'one_month_ago': None}",Bishalpur APMC,,,1800.0,,18-09-2026,-26.3,-641.0,2026-09-18,,
404.24,18-09-2026,Paddy(Common),Uttar Pradesh,Cereals,Pillibhit,1827.55,Rs./Quintal,Metric Tonnes,34,,,,,1827.55,down,2441.0,,,"{'as_on': '#ef4444', 'one_week_ago': '#ef4444', 'last_five_day': '#ef4444', 'one_month_ago': None}",Pilibhit APMC,1922.24,1920.0,1861.7,,18-09-2026,-25.1,-613.45,2026-09-18,,
550.44,18-09-2026,Paddy(Common),Uttar Pradesh,Cereals,Pillibhit,2360.49,Rs./Quintal,Metric Tonnes,34,,,,,2360.49,down,2441.0,,,"{'as_on': '#ef4444', 'one_week_ago': '#ef4444', 'last_five_day': '#ef4444', 'one_month_ago': '#ef4444'}",Puranpur APMC,2107.56,1915.0,2327.46,1980.77,18-09-2026,-3.3,-80.51,2026-09-18,,
12.4,18-09-2026,Paddy(Common),Uttar Pradesh,Cereals,Pratapgarh,3000.0,Rs./Quintal,Metric Tonnes,34,,,,,3000.0,up,2441.0,,,"{'as_on': '#16a34a', 'one_week_ago': '#ef4444', 'last_five_day': '#16a34a', 'one_month_ago': None}",Pratapgarh APMC,2200.0,,2527.55,,18-09-2026,22.9,559.0,2026-09-18,,
24.38,18-09-2026,Paddy(Common),Uttar Pradesh,Cereals,Prayagraj,3272.0,Rs./Quintal,Metric Tonnes,34,,,,,3272.0,up,2441.0,,,"{'as_on': '#16a34a', 'one_week_ago': None, 'last_five_day': '#16a34a', 'one_month_ago': None}",Ajuha APMC,,,3291.82,,18-09-2026,34.0,831.0,2026-09-18,,
40.8,18-09-2026,Paddy(Common),Uttar Pradesh,Cereals,Prayagraj,2441.67,Rs./Quintal,Metric Tonnes,34,,,,,2441.67,up,2441.0,,2280.0,"{'as_on': '#16a34a', 'one_week_ago': '#ef4444', 'last_five_day': '#ef4444', 'one_month_ago': '#ef4444'}",Prayagraj APMC,1850.0,,2256.5,1868.35,18-09-2026,0.0,0.67,2026-09-18,,
30.05,18-09-2026,Paddy(Common),Uttar Pradesh,Cereals,Raebarelli,2900.0,Rs./Quintal,Metric Tonnes,34,,,,,2900.0,up,2441.0,2275.0,2375.0,"{'as_on': '#16a34a', 'one_week_ago': '#16a34a', 'last_five_day': '#16a34a', 'one_month_ago': '#16a34a'}",Bachranwa APMC,3051.93,2200.0,2874.38,2800.0,18-09-2026,18.8,459.0,2026-09-18,,
35.8,18-09-2026,Paddy(Common),Uttar Pradesh,Cereals,Raebarelli,2263.69,Rs./Quintal,Metric Tonnes,34,,,,,2263.69,down,2441.0,2255.0,2250.0,"{'as_on': '#ef4444', 'one_week_ago': '#16a34a', 'last_five_day': '#ef4444', 'one_month_ago': '#ef4444'}",Jayas APMC,2757.6,2100.0,2385.32,1823.92,18-09-2026,-7.3,-177.31,2026-09-18,,
7.5,18-09-2026,Paddy(Common),Uttar Pradesh,Cereals,Raebarelli,3000.0,Rs./Quintal,Metric Tonnes,34,,,,,3000.0,up,2441.0,2350.0,2400.0,"{'as_on': '#16a34a', 'one_week_ago': '#16a34a', 'last_five_day': '#16a34a', 'one_month_ago': '#16a34a'}",Lalganj APMC,2941.94,2275.0,3025.33,2786.83,18-09-2026,22.9,559.0,2026-09-18,,
24.92,18-09-2026,Paddy(Common),Uttar Pradesh,Cereals,Raebarelli,2701.79,Rs./Quintal,Metric Tonnes,34,,,,,2701.79,up,2441.0,2305.0,2380.0,"{'as_on': '#16a34a', 'one_week_ago': '#16a34a', 'last_five_day': '#16a34a', 'one_month_ago': '#16a34a'}",Raibareilly APMC,3072.39,2125.0,2567.89,2597.7,18-09-2026,10.7,260.79,2026-09-18,,
520.66,18-09-2026,Paddy(Common),Uttar Pradesh,Cereals,Rampur,2399.41,Rs./Quintal,Metric Tonnes,34,,,,,2399.41,down,2441.0,,,"{'as_on': '#ef4444', 'one_week_ago': None, 'last_five_day': '#ef4444', 'one_month_ago': None}",Bilaspur APMC,,,2258.29,,18-09-2026,-1.7,-41.59,2026-09-18,,
278.62,18-09-2026,Paddy(Common),Uttar Pradesh,Cereals,Rampur,3415.36,Rs./Quintal,Metric Tonnes,34,,,,,3415.36,up,2441.0,,,"{'as_on': '#16a34a', 'one_week_ago': '#16a34a', 'last_five_day': '#16a34a', 'one_month_ago': None}",Milak APMC,3078.8,,3392.07,,18-09-2026,39.9,974.36,2026-09-18,,
610.83,18-09-2026,Paddy(Common),Uttar Pradesh,Cereals,Saharanpur,3670.33,Rs./Quintal,Metric Tonnes,34,,,,,3670.33,up,2441.0,,,"{'as_on': '#16a34a', 'one_week_ago': '#16a34a', 'last_five_day': '#16a34a', 'one_month_ago': '#16a34a'}",Gangoh APMC,3576.28,,3693.07,3828.64,18-09-2026,50.4,1229.33,2026-09-18,,
930.47,18-09-2026,Paddy(Common),Uttar Pradesh,Cereals,Sambhal,2743.98,Rs./Quintal,Metric Tonnes,34,,,,,2743.98,up,2441.0,,,"{'as_on': '#16a34a', 'one_week_ago': '#16a34a', 'last_five_day': '#16a34a', 'one_month_ago': '#16a34a'}",Bhehjoi APMC,2710.2,,2733.28,2907.77,18-09-2026,12.4,302.98,2026-09-18,,
320.6,18-09-2026,Paddy(Common),Uttar Pradesh,Cereals,Sambhal,2778.01,Rs./Quintal,Metric Tonnes,34,,,,,2778.01,up,2441.0,,,"{'as_on': '#16a34a', 'one_week_ago': '#16a34a', 'last_five_day': '#16a34a', 'one_month_ago': None}",Chandausi APMC,2925.53,,2683.68,,18-09-2026,13.8,337.01,2026-09-18,,
747.18,18-09-2026,Paddy(Common),Uttar Pradesh,Cereals,Sambhal,2946.63,Rs./Quintal,Metric Tonnes,34,,,,,2946.63,up,2441.0,,,"{'as_on': '#16a34a', 'one_week_ago': '#16a34a', 'last_five_day': '#16a34a', 'one_month_ago': '#ef4444'}",Sambhal APMC,2917.56,,2872.78,2400.0,18-09-2026,20.7,505.63,2026-09-18,,
76.86,18-09-2026,Paddy(Common),Uttar Pradesh,Cereals,Shahjahanpur,3400.0,Rs./Quintal,Metric Tonnes,34,,,,,3400.0,up,2441.0,,,"{'as_on': '#16a34a', 'one_week_ago': None, 'last_five_day': '#16a34a', 'one_month_ago': None}",Jalalabad APMC,,,2792.68,,18-09-2026,39.3,959.0,2026-09-18,,
689.9,18-09-2026,Paddy(Common),Uttar Pradesh,Cereals,Shahjahanpur,1872.05,Rs./Quintal,Metric Tonnes,34,,,,,1872.05,down,2441.0,,,"{'as_on': '#ef4444', 'one_week_ago': '#ef4444', 'last_five_day': '#ef4444', 'one_month_ago': '#ef4444'}",Powayan APMC,2313.29,1925.0,1906.05,2068.63,18-09-2026,-23.3,-568.95,2026-09-18,,
202.75,18-09-2026,Paddy(Common),Uttar Pradesh,Cereals,Shahjahanpur,2005.43,Rs./Quintal,Metric Tonnes,34,,,,,2005.43,down,2441.0,1720.0,,"{'as_on': '#ef4444', 'one_week_ago': '#ef4444', 'last_five_day': '#ef4444', 'one_month_ago': '#16a34a'}",Shahjahanpur APMC,1800.0,,1933.13,2500.0,18-09-2026,-17.8,-435.57,2026-09-18,,
20.5,18-09-2026,Paddy(Common),Uttar Pradesh,Cereals,Shravasti,1850.0,Rs./Quintal,Metric Tonnes,34,,,,,1850.0,down,2441.0,,,"{'as_on': '#ef4444', 'one_week_ago': '#ef4444', 'last_five_day': '#ef4444', 'one_month_ago': '#ef4444'}",Payagpur APMC,1850.0,,2006.13,1850.0,18-09-2026,-24.2,-591.0,2026-09-18,,
268.65,18-09-2026,Paddy(Common),Uttar Pradesh,Cereals,Sitapur,1922.36,Rs./Quintal,Metric Tonnes,34,,,,,1922.36,down,2441.0,2055.0,2140.0,"{'as_on': '#ef4444', 'one_week_ago': '#ef4444', 'last_five_day': '#ef4444', 'one_month_ago': '#ef4444'}",Sitapur APMC,1872.07,2010.0,1921.4,2090.9,18-09-2026,-21.2,-518.64,2026-09-18,,
32.0,18-09-2026,Paddy(Common),Uttar Pradesh,Cereals,Sonbhadra,2600.0,Rs./Quintal,Metric Tonnes,34,,,,,2600.0,up,2441.0,,,"{'as_on': '#16a34a', 'one_week_ago': '#16a34a', 'last_five_day': '#16a34a', 'one_month_ago': '#16a34a'}",Robertsganj APMC,2600.0,,2600.0,2700.0,18-09-2026,6.5,159.0,2026-09-18,,
9.92,18-09-2026,Paddy(Common),Uttar Pradesh,Cereals,Unnao,1800.0,Rs./Quintal,Metric Tonnes,34,,,,,1800.0,down,2441.0,,2260.0,"{'as_on': '#ef4444', 'one_week_ago': '#16a34a', 'last_five_day': '#16a34a', 'one_month_ago': None}",Bangarmau APMC,2800.0,,2441.16,,18-09-2026,-26.3,-641.0,2026-09-18,,
18.0,18-09-2026,Paddy(Common),Uttar Pradesh,Cereals,Unnao,2400.0,Rs./Quintal,Metric Tonnes,34,,,,,2400.0,down,2441.0,,,"{'as_on': '#ef4444', 'one_week_ago': None, 'last_five_day': '#16a34a', 'one_month_ago': None}",Purwa APMC,,,2506.25,,18-09-2026,-1.7,-41.0,2026-09-18,,
105.0,18-09-2026,Paddy(Common),Uttar Pradesh,Cereals,Unnao,2600.0,Rs./Quintal,Metric Tonnes,34,,,,,2600.0,up,2441.0,,2200.0,"{'as_on': '#16a34a', 'one_week_ago': '#16a34a', 'last_five_day': '#16a34a', 'one_month_ago': '#16a34a'}",Unnao APMC,2600.0,,2600.0,2600.0,18-09-2026,6.5,159.0,2026-09-18,,
3.0,18-09-2026,Wheat,Uttar Pradesh,Cereals,Agra,2700.0,Rs./Quintal,Metric Tonnes,34,,,,,2700.0,up,2585.0,,2620.0,"{'as_on': '#16a34a', 'one_week_ago': None, 'last_five_day': '#16a34a', 'one_month_ago': '#ef4444'}",Achnera APMC,,2350.0,3129.81,2556.47,18-09-2026,4.4,115.0,2026-09-18,,
125.19,18-09-2026,Wheat,Uttar Pradesh,Cereals,Agra,2954.33,Rs./Quintal,Metric Tonnes,34,,,,,2954.33,up,2585.0,2600.0,2620.0,"{'as_on': '#16a34a', 'one_week_ago': None, 'last_five_day': '#16a34a', 'one_month_ago': '#16a34a'}",Agra APMC,,2350.0,2941.45,2870.0,18-09-2026,14.3,369.33,2026-09-18,,
2.6,18-09-2026,Wheat,Uttar Pradesh,Cereals,Agra,2550.0,Rs./Quintal,Metric Tonnes,34,,,,,2550.0,down,2585.0,2610.0,,"{'as_on': '#ef4444', 'one_week_ago': '#16a34a', 'last_five_day': '#16a34a', 'one_month_ago': '#ef4444'}",Fatehpur Sikri APMC,2607.55,2340.0,2602.2,2550.0,18-09-2026,-1.4,-35.0,2026-09-18,,
2.0,18-09-2026,Wheat,Uttar Pradesh,Cereals,Agra,2550.0,Rs./Quintal,Metric Tonnes,34,,,,,2550.0,down,2585.0,2580.0,2600.0,"{'as_on': '#ef4444', 'one_week_ago': '#ef4444', 'last_five_day': '#ef4444', 'one_month_ago': '#ef4444'}",Khairagarh APMC,2550.23,,2563.31,2446.28,18-09-2026,-1.4,-35.0,2026-09-18,,
30.25,18-09-2026,Wheat,Uttar Pradesh,Cereals,Aligarh,2650.0,Rs./Quintal,Metric Tonnes,34,,,,,2650.0,up,2585.0,2550.0,,"{'as_on': '#16a34a', 'one_week_ago': '#16a34a', 'last_five_day': '#ef4444', 'one_month_ago': '#ef4444'}",Aligarh APMC,2631.35,2350.0,2584.86,2572.47,18-09-2026,2.5,65.0,2026-09-18,,
149.0,18-09-2026,Wheat,Uttar Pradesh,Cereals,Ambedkarnagar,2486.03,Rs./Quintal,Metric Tonnes,34,,,,,2486.03,down,2585.0,2540.0,2550.0,"{'as_on': '#ef4444', 'one_week_ago': '#ef4444', 'last_five_day': '#ef4444', 'one_month_ago': '#ef4444'}",Akbarpur APMC,2470.67,,2471.13,2450.0,18-09-2026,-3.8,-98.97,2026-09-18,,
23.7,18-09-2026,Wheat,Uttar Pradesh,Cereals,Ambedkarnagar,2450.0,Rs./Quintal,Metric Tonnes,34,,,,,2450.0,down,2585.0,,,"{'as_on': '#ef4444', 'one_week_ago': '#ef4444', 'last_five_day': '#ef4444', 'one_month_ago': None}",Tanda Akbarpur APMC,2450.0,,2460.1,,18-09-2026,-5.2,-135.0,2026-09-18,,
92.26,18-09-2026,Wheat,Uttar Pradesh,Cereals,Amethi,2437.64,Rs./Quintal,Metric Tonnes,34,,,,,2437.64,down,2585.0,,2555.0,"{'as_on': '#ef4444', 'one_week_ago': '#ef4444', 'last_five_day': '#ef4444', 'one_month_ago': None}",Jafarganj APMC,2426.1,2290.0,2398.03,,18-09-2026,-5.7,-147.36,2026-09-18,,
138.88,18-09-2026,Wheat,Uttar Pradesh,Cereals,Amethi,2482.42,Rs./Quintal,Metric Tonnes,34,,,,,2482.42,down,2585.0,,2550.0,"{'as_on': '#ef4444', 'one_week_ago': '#ef4444', 'last_five_day': '#ef4444', 'one_month_ago': '#ef4444'}",Sultanpur APMC,2452.24,2300.0,2476.56,2450.6,18-09-2026,-4.0,-102.58,2026-09-18,,
8.0,18-09-2026,Wheat,Uttar Pradesh,Cereals,Amroha,2600.0,Rs./Quintal,Metric Tonnes,34,,,,,2600.0,up,2585.0,,2290.0,"{'as_on': '#16a34a', 'one_week_ago': '#16a34a', 'last_five_day': '#16a34a', 'one_month_ago': '#ef4444'}",Dhanaura APMC,2612.16,,2600.69,2500.0,18-09-2026,0.6,15.0,2026-09-18,,
398.96,18-09-2026,Wheat,Uttar Pradesh,Cereals,Amroha,2586.94,Rs./Quintal,Metric Tonnes,34,,,,,2586.94,up,2585.0,,,"{'as_on': '#16a34a', 'one_week_ago': None, 'last_five_day': '#16a34a', 'one_month_ago': None}",Hasanpur APMC,,,2592.81,,18-09-2026,0.1,1.94,2026-09-18,,
86.71,18-09-2026,Wheat,Uttar Pradesh,Cereals,Auraiya,2434.54,Rs./Quintal,Metric Tonnes,34,,,,,2434.54,down,2585.0,2520.0,2550.0,"{'as_on': '#ef4444', 'one_week_ago': '#ef4444', 'last_five_day': '#ef4444', 'one_month_ago': '#ef4444'}",Achalda APMC,2400.0,2340.0,2416.77,2410.98,18-09-2026,-5.8,-150.46,2026-09-18,,
222.94,18-09-2026,Wheat,Uttar Pradesh,Cereals,Auraiya,2624.97,Rs./Quintal,Metric Tonnes,34,,,,,2624.97,up,2585.0,2530.0,2570.0,"{'as_on': '#16a34a', 'one_week_ago': '#16a34a', 'last_five_day': '#16a34a', 'one_month_ago': '#ef4444'}",Auraiya APMC,2623.99,2350.0,2620.9,2527.68,18-09-2026,1.5,39.97,2026-09-18,,
80.0,18-09-2026,Wheat,Uttar Pradesh,Cereals,Auraiya,2550.0,Rs./Quintal,Metric Tonnes,34,,,,,2550.0,down,2585.0,,,"{'as_on': '#ef4444', 'one_week_ago': '#ef4444', 'last_five_day': '#ef4444', 'one_month_ago': '#ef4444'}",Dibiapur APMC,2562.11,2200.0,2565.25,2448.19,18-09-2026,-1.4,-35.0,2026-09-18,,
42.85,18-09-2026,Wheat,Uttar Pradesh,Cereals,Ayodhya,2500.0,Rs./Quintal,Metric Tonnes,34,,,,,2500.0,down,2585.0,2555.0,2500.0,"{'as_on': '#ef4444', 'one_week_ago': '#ef4444', 'last_five_day': '#ef4444', 'one_month_ago': '#ef4444'}",Ayodhya APMC,2502.29,2285.0,2512.65,2501.27,18-09-2026,-3.3,-85.0,2026-09-18,,
132.04,18-09-2026,Wheat,Uttar Pradesh,Cereals,Ayodhya,2579.81,Rs./Quintal,Metric Tonnes,34,,,,,2579.81,down,2585.0,,,"{'as_on': '#ef4444', 'one_week_ago': '#ef4444', 'last_five_day': '#ef4444', 'one_month_ago': '#ef4444'}",Rudauli APMC,2568.08,,2553.14,2470.56,18-09-2026,-0.2,-5.19,2026-09-18,,
68.2,18-09-2026,Wheat,Uttar Pradesh,Cereals,Azamgarh,2589.29,Rs./Quintal,Metric Tonnes,34,,,,,2589.29,up,2585.0,2560.0,2515.0,"{'as_on': '#16a34a', 'one_week_ago': '#16a34a', 'last_five_day': '#16a34a', 'one_month_ago': '#16a34a'}",Azamgarh APMC,2597.91,2335.0,2594.38,2591.44,18-09-2026,0.2,4.29,2026-09-18,,
130.0,18-09-2026,Wheat,Uttar Pradesh,Cereals,Badaun,2590.0,Rs./Quintal,Metric Tonnes,34,,,,,2590.0,up,2585.0,2540.0,2690.0,"{'as_on': '#16a34a', 'one_week_ago': '#16a34a', 'last_five_day': '#ef4444', 'one_month_ago': '#16a34a'}",Babrala APMC,2591.92,,2551.58,2590.0,18-09-2026,0.2,5.0,2026-09-18,,
71.18,18-09-2026,Wheat,Uttar Pradesh,Cereals,Badaun,2500.0,Rs./Quintal,Metric Tonnes,34,,,,,2500.0,down,2585.0,2550.0,2550.0,"{'as_on': '#ef4444', 'one_week_ago': '#ef4444', 'last_five_day': '#ef4444', 'one_month_ago': '#ef4444'}",Badayoun APMC,2522.04,2370.0,2522.21,2500.64,18-09-2026,-3.3,-85.0,2026-09-18,,
6.5,18-09-2026,Wheat,Uttar Pradesh,Cereals,Badaun,2550.0,Rs./Quintal,Metric Tonnes,34,,,,,2550.0,down,2585.0,2480.0,2480.0,"{'as_on': '#ef4444', 'one_week_ago': '#ef4444', 'last_five_day': '#ef4444', 'one_month_ago': '#ef4444'}",Dataganj APMC,2529.41,2280.0,2534.8,2506.02,18-09-2026,-1.4,-35.0,2026-09-18,,
2.7,18-09-2026,Wheat,Uttar Pradesh,Cereals,Baghpat,2600.0,Rs./Quintal,Metric Tonnes,34,,,,,2600.0,up,2585.0,2600.0,2570.0,"{'as_on': '#16a34a', 'one_week_ago': '#16a34a', 'last_five_day': '#16a34a', 'one_month_ago': '#16a34a'}",Baraut APMC,2600.0,,2631.57,2600.0,18-09-2026,0.6,15.0,2026-09-18,,
6.02,18-09-2026,Wheat,Uttar Pradesh,Cereals,Baghpat,2700.0,Rs./Quintal,Metric Tonnes,34,,,,,2700.0,up,2585.0,,,"{'as_on': '#16a34a', 'one_week_ago': '#16a34a', 'last_five_day': '#16a34a', 'one_month_ago': '#16a34a'}",Khekda APMC,2650.0,,2694.48,2600.6,18-09-2026,4.4,115.0,2026-09-18,,
391.0,18-09-2026,Wheat,Uttar Pradesh,Cereals,Bahraich,2500.0,Rs./Quintal,Metric Tonnes,34,,,,,2500.0,down,2585.0,2600.0,2600.0,"{'as_on': '#ef4444', 'one_week_ago': '#ef4444', 'last_five_day': '#ef4444', 'one_month_ago': '#ef4444'}",Bahraich APMC,2500.0,2370.0,2503.98,2502.78,18-09-2026,-3.3,-85.0,2026-09-18,,
142.1,18-09-2026,Wheat,Uttar Pradesh,Cereals,Bahraich,2405.29,Rs./Quintal,Metric Tonnes,34,,,,,2405.29,down,2585.0,2400.0,,"{'as_on': '#ef4444', 'one_week_ago': None, 'last_five_day': '#ef4444', 'one_month_ago': '#ef4444'}",Naanpara APMC,,2370.0,2436.28,2400.0,18-09-2026,-7.0,-179.71,2026-09-18,,
35.63,18-09-2026,Wheat,Uttar Pradesh,Cereals,Balrampur,2662.52,Rs./Quintal,Metric Tonnes,34,,,,,2662.52,up,2585.0,2500.0,,"{'as_on': '#16a34a', 'one_week_ago': '#ef4444', 'last_five_day': '#16a34a', 'one_month_ago': '#ef4444'}",Balrampur APMC,2449.43,2355.0,2585.68,2394.93,18-09-2026,3.0,77.52,2026-09-18,,
60.0,18-09-2026,Wheat,Uttar Pradesh,Cereals,Balrampur,2380.0,Rs./Quintal,Metric Tonnes,34,,,,,2380.0,down,2585.0,2500.0,2600.0,"{'as_on': '#ef4444', 'one_week_ago': '#ef4444', 'last_five_day': '#ef4444', 'one_month_ago': None}",Panchpedwa APMC,2380.62,,2380.0,,18-09-2026,-7.9,-205.0,2026-09-18,,
210.7,18-09-2026,Wheat,Uttar Pradesh,Cereals,Banda,2474.82,Rs./Quintal,Metric Tonnes,34,,,,,2474.82,down,2585.0,,2450.0,"{'as_on': '#ef4444', 'one_week_ago': '#ef4444', 'last_five_day': '#ef4444', 'one_month_ago': '#ef4444'}",Atarra APMC,2459.87,2250.0,2484.71,2451.2,18-09-2026,-4.3,-110.18,2026-09-18,,
50.14,18-09-2026,Wheat,Uttar Pradesh,Cereals,Banda,2600.0,Rs./Quintal,Metric Tonnes,34,,,,,2600.0,up,2585.0,,,"{'as_on': '#16a34a', 'one_week_ago': '#16a34a', 'last_five_day': '#16a34a', 'one_month_ago': '#ef4444'}",Baberu APMC,2600.0,,2600.0,2400.0,18-09-2026,0.6,15.0,2026-09-18,,
138.4,18-09-2026,Wheat,Uttar Pradesh,Cereals,Barabanki,2494.51,Rs./Quintal,Metric Tonnes,34,,,,,2494.51,down,2585.0,,,"{'as_on': '#ef4444', 'one_week_ago': '#ef4444', 'last_five_day': '#ef4444', 'one_month_ago': '#ef4444'}",Barabanki APMC,2509.14,,2517.38,2479.03,18-09-2026,-3.5,-90.49,2026-09-18,,
524.97,18-09-2026,Wheat,Uttar Pradesh,Cereals,Barabanki,2461.76,Rs./Quintal,Metric Tonnes,34,,,,,2461.76,down,2585.0,,2640.0,"{'as_on': '#ef4444', 'one_week_ago': '#ef4444', 'last_five_day': '#ef4444', 'one_month_ago': '#ef4444'}",Safdarganj APMC,2461.3,2250.0,2471.14,2478.45,18-09-2026,-4.8,-123.24,2026-09-18,,
18.43,18-09-2026,Wheat,Uttar Pradesh,Cereals,Bareilly,2605.0,Rs./Quintal,Metric Tonnes,34,,,,,2605.0,up,2585.0,,,"{'as_on': '#16a34a', 'one_week_ago': '#ef4444', 'last_five_day': '#ef4444', 'one_month_ago': '#16a34a'}",Anwala APMC,2576.63,,2523.23,2600.0,18-09-2026,0.8,20.0,2026-09-18,,
124.09,18-09-2026,Wheat,Uttar Pradesh,Cereals,Bareilly,2601.65,Rs./Quintal,Metric Tonnes,34,,,,,2601.65,up,2585.0,2575.0,2442.0,"{'as_on': '#16a34a', 'one_week_ago': '#16a34a', 'last_five_day': '#16a34a', 'one_month_ago': '#ef4444'}",Bareilly APMC,2630.55,2360.0,2634.56,2457.95,18-09-2026,0.6,16.65,2026-09-18,,
150.46,18-09-2026,Wheat,Uttar Pradesh,Cereals,Basti,2527.14,Rs./Quintal,Metric Tonnes,34,,,,,2527.14,down,2585.0,2545.0,2530.0,"{'as_on': '#ef4444', 'one_week_ago': '#ef4444', 'last_five_day': '#ef4444', 'one_month_ago': '#ef4444'}",Basti APMC,2483.34,,2495.48,2510.69,18-09-2026,-2.2,-57.86,2026-09-18,,
9.0,18-09-2026,Wheat,Uttar Pradesh,Cereals,Bulandshahar,2600.0,Rs./Quintal,Metric Tonnes,34,,,,,2600.0,up,2585.0,2585.0,2605.0,"{'as_on': '#16a34a', 'one_week_ago': '#16a34a', 'last_five_day': '#16a34a', 'one_month_ago': '#ef4444'}",Buland Shahr APMC,2724.0,2290.0,2620.86,2565.84,18-09-2026,0.6,15.0,2026-09-18,,
15.2,18-09-2026,Wheat,Uttar Pradesh,Cereals,Bulandshahar,2600.0,Rs./Quintal,Metric Tonnes,34,,,,,2600.0,up,2585.0,2590.0,,"{'as_on': '#16a34a', 'one_week_ago': '#16a34a', 'last_five_day': '#16a34a', 'one_month_ago': '#ef4444'}",Khurja APMC,2600.0,2310.0,2600.15,2473.31,18-09-2026,0.6,15.0,2026-09-18,,
10.62,18-09-2026,Wheat,Uttar Pradesh,Cereals,Bulandshahar,2707.18,Rs./Quintal,Metric Tonnes,34,,,,,2707.18,up,2585.0,,,"{'as_on': '#16a34a', 'one_week_ago': '#16a34a', 'last_five_day': '#16a34a', 'one_month_ago': '#ef4444'}",Sikanderabad APMC,2702.14,,2708.64,2551.33,18-09-2026,4.7,122.18,2026-09-18,,
47.5,18-09-2026,Wheat,Uttar Pradesh,Cereals,Chitrakut,2530.0,Rs./Quintal,Metric Tonnes,34,,,,,2530.0,down,2585.0,2500.0,2525.0,"{'as_on': '#ef4444', 'one_week_ago': '#ef4444', 'last_five_day': '#ef4444', 'one_month_ago': '#ef4444'}",Karvi APMC,2493.42,2350.0,2493.18,2460.43,18-09-2026,-2.1,-55.0,2026-09-18,,
122.7,18-09-2026,Wheat,Uttar Pradesh,Cereals,Chitrakut,2428.32,Rs./Quintal,Metric Tonnes,34,,,,,2428.32,down,2585.0,,,"{'as_on': '#ef4444', 'one_week_ago': '#ef4444', 'last_five_day': '#ef4444', 'one_month_ago': '#ef4444'}",Mau(Chitrakut) APMC,2397.6,,2480.47,2353.83,18-09-2026,-6.1,-156.68,2026-09-18,,
36.94,18-09-2026,Wheat,Uttar Pradesh,Cereals,Deoria,2545.99,Rs./Quintal,Metric Tonnes,34,,,,,2545.99,down,2585.0,,2525.0,"{'as_on': '#ef4444', 'one_week_ago': '#16a34a', 'last_five_day': '#16a34a', 'one_month_ago': '#16a34a'}",Devariya APMC,2692.29,2330.0,2667.84,2607.41,18-09-2026,-1.5,-39.01,2026-09-18,,
29.65,18-09-2026,Wheat,Uttar Pradesh,Cereals,Etah,2500.0,Rs./Quintal,Metric Tonnes,34,,,,,2500.0,down,2585.0,2455.0,2475.0,"{'as_on': '#ef4444', 'one_week_ago': '#ef4444', 'last_five_day': '#ef4444', 'one_month_ago': '#ef4444'}",Aliganj APMC,2506.19,2155.0,2519.56,2500.0,18-09-2026,-3.3,-85.0,2026-09-18,,
90.42,18-09-2026,Wheat,Uttar Pradesh,Cereals,Etawah,2550.14,Rs./Quintal,Metric Tonnes,34,,,,,2550.14,down,2585.0,2500.0,2570.0,"{'as_on': '#ef4444', 'one_week_ago': '#ef4444', 'last_five_day': '#ef4444', 'one_month_ago': '#ef4444'}",Bharthna APMC,2550.0,2300.0,2556.2,2474.25,18-09-2026,-1.3,-34.86,2026-09-18,,
404.4,18-09-2026,Wheat,Uttar Pradesh,Cereals,Fatehpur,2576.91,Rs./Quintal,Metric Tonnes,34,,,,,2576.91,down,2585.0,2565.0,2580.0,"{'as_on': '#ef4444', 'one_week_ago': '#ef4444', 'last_five_day': '#ef4444', 'one_month_ago': '#ef4444'}",Bindki APMC,2534.1,2380.0,2572.71,2493.56,18-09-2026,-0.3,-8.09,2026-09-18,,
69.5,18-09-2026,Wheat,Uttar Pradesh,Cereals,Fatehpur,2533.52,Rs./Quintal,Metric Tonnes,34,,,,,2533.52,down,2585.0,,2560.0,"{'as_on': '#ef4444', 'one_week_ago': '#ef4444', 'last_five_day': '#ef4444', 'one_month_ago': '#ef4444'}",Fatehpur APMC,2516.46,2330.0,2528.76,2488.04,18-09-2026,-2.0,-51.48,2026-09-18,,
130.0,18-09-2026,Wheat,Uttar Pradesh,Cereals,Fatehpur,2513.39,Rs./Quintal,Metric Tonnes,34,,,,,2513.39,down,2585.0,2520.0,2310.0,"{'as_on': '#ef4444', 'one_week_ago': '#ef4444', 'last_five_day': '#ef4444', 'one_month_ago': '#ef4444'}",Jahanabad APMC,2479.5,,2502.64,2484.43,18-09-2026,-2.8,-71.62,2026-09-18,,
18.02,18-09-2026,Wheat,Uttar Pradesh,Cereals,Fatehpur,2500.0,Rs./Quintal,Metric Tonnes,34,,,,,2500.0,down,2585.0,,2520.0,"{'as_on': '#ef4444', 'one_week_ago': None, 'last_five_day': '#ef4444', 'one_month_ago': None}",Kishunpur APMC,,2250.0,2500.0,,18-09-2026,-3.3,-85.0,2026-09-18,,
4.0,18-09-2026,Wheat,Uttar Pradesh,Cereals,Firozabad,2700.0,Rs./Quintal,Metric Tonnes,34,,,,,2700.0,up,2585.0,2590.0,2640.0,"{'as_on': '#16a34a', 'one_week_ago': '#16a34a', 'last_five_day': '#16a34a', 'one_month_ago': None}",Firozabad APMC,2720.0,2380.0,2715.35,,18-09-2026,4.4,115.0,2026-09-18,,
85.49,18-09-2026,Wheat,Uttar Pradesh,Cereals,Gautam Budh Nagar,2480.35,Rs./Quintal,Metric Tonnes,34,,,,,2480.35,down,2585.0,,,"{'as_on': '#ef4444', 'one_week_ago': '#ef4444', 'last_five_day': '#ef4444', 'one_month_ago': '#ef4444'}",Dankaur APMC,2477.29,,2499.93,2491.65,18-09-2026,-4.0,-104.65,2026-09-18,,
14.5,18-09-2026,Wheat,Uttar Pradesh,Cereals,Ghaziabad,2712.5,Rs./Quintal,Metric Tonnes,34,,,,,2712.5,up,2585.0,2512.5,2570.0,"{'as_on': '#16a34a', 'one_week_ago': None, 'last_five_day': '#16a34a', 'one_month_ago': None}",Ghaziabad APMC,,2300.0,2764.92,,18-09-2026,4.9,127.5,2026-09-18,,
1.5,18-09-2026,Wheat,Uttar Pradesh,Cereals,Ghaziabad,2600.0,Rs./Quintal,Metric Tonnes,34,,,,,2600.0,up,2585.0,2580.0,2600.0,"{'as_on': '#16a34a', 'one_week_ago': '#16a34a', 'last_five_day': '#16a34a', 'one_month_ago': '#ef4444'}",Hapur APMC,2600.0,2300.0,2609.55,2554.99,18-09-2026,0.6,15.0,2026-09-18,,
1.0,18-09-2026,Wheat,Uttar Pradesh,Cereals,Ghazipur,2425.0,Rs./Quintal,Metric Tonnes,34,,,,,2425.0,down,2585.0,,,"{'as_on': '#ef4444', 'one_week_ago': None, 'last_five_day': '#ef4444', 'one_month_ago': None}",Jamanian APMC,,,2425.0,,18-09-2026,-6.2,-160.0,2026-09-18,,
80.5,18-09-2026,Wheat,Uttar Pradesh,Cereals,Ghazipur,2450.0,Rs./Quintal,Metric Tonnes,34,,,,,2450.0,down,2585.0,,,"{'as_on': '#ef4444', 'one_week_ago': '#ef4444', 'last_five_day': '#ef4444', 'one_month_ago': None}",Jangipura APMC,2450.0,,2450.0,,18-09-2026,-5.2,-135.0,2026-09-18,,
30.58,18-09-2026,Wheat,Uttar Pradesh,Cereals,Ghazipur,2450.0,Rs./Quintal,Metric Tonnes,34,,,,,2450.0,down,2585.0,,,"{'as_on': '#ef4444', 'one_week_ago': None, 'last_five_day': '#ef4444', 'one_month_ago': None}",Saidpur APMC,,,2450.0,,18-09-2026,-5.2,-135.0,2026-09-18,,
30.7,18-09-2026,Wheat,Uttar Pradesh,Cereals,Gonda,2784.93,Rs./Quintal,Metric Tonnes,34,,,,,2784.93,up,2585.0,2590.0,2665.0,"{'as_on': '#16a34a', 'one_week_ago': '#16a34a', 'last_five_day': '#16a34a', 'one_month_ago': '#16a34a'}",Gonda APMC,2800.0,2390.0,2796.19,2680.0,18-09-2026,7.7,199.93,2026-09-18,,
72.9,18-09-2026,Wheat,Uttar Pradesh,Cereals,Gonda,2558.71,Rs./Quintal,Metric Tonnes,34,,,,,2558.71,down,2585.0,2600.0,2650.0,"{'as_on': '#ef4444', 'one_week_ago': '#ef4444', 'last_five_day': '#ef4444', 'one_month_ago': '#ef4444'}",Nawabganj APMC,2520.28,2350.0,2576.61,2573.3,18-09-2026,-1.0,-26.29,2026-09-18,,
67.44,18-09-2026,Wheat,Uttar Pradesh,Cereals,Gorakhpur,2678.82,Rs./Quintal,Metric Tonnes,34,,,,,2678.82,up,2585.0,2525.0,2500.0,"{'as_on': '#16a34a', 'one_week_ago': '#ef4444', 'last_five_day': '#16a34a', 'one_month_ago': '#ef4444'}",Gorakhpur APMC,2524.93,2350.0,2601.12,2557.71,18-09-2026,3.6,93.82,2026-09-18,,
89.74,18-09-2026,Wheat,Uttar Pradesh,Cereals,Gorakhpur,2687.9,Rs./Quintal,Metric Tonnes,34,,,,,2687.9,up,2585.0,,,"{'as_on': '#16a34a', 'one_week_ago': '#16a34a', 'last_five_day': '#16a34a', 'one_month_ago': '#16a34a'}",Sehjanwa APMC,2777.62,,2660.99,2682.98,18-09-2026,4.0,102.9,2026-09-18,,
85.2,18-09-2026,Wheat,Uttar Pradesh,Cereals,Hamirpur,2586.75,Rs./Quintal,Metric Tonnes,34,,,,,2586.75,up,2585.0,,2565.0,"{'as_on': '#16a34a', 'one_week_ago': '#16a34a', 'last_five_day': '#ef4444', 'one_month_ago': '#ef4444'}",Bharuasumerpur APMC,2586.51,2330.0,2580.99,2506.0,18-09-2026,0.1,1.75,2026-09-18,,
68.9,18-09-2026,Wheat,Uttar Pradesh,Cereals,Hamirpur,2503.63,Rs./Quintal,Metric Tonnes,34,,,,,2503.63,down,2585.0,,,"{'as_on': '#ef4444', 'one_week_ago': '#ef4444', 'last_five_day': '#ef4444', 'one_month_ago': '#ef4444'}",Maudaha APMC,2500.67,,2500.4,2330.0,18-09-2026,-3.1,-81.37,2026-09-18,,
16.15,18-09-2026,Wheat,Uttar Pradesh,Cereals,Hamirpur,2350.0,Rs./Quintal,Metric Tonnes,34,,,,,2350.0,down,2585.0,2500.0,,"{'as_on': '#ef4444', 'one_week_ago': '#ef4444', 'last_five_day': '#ef4444', 'one_month_ago': '#ef4444'}",Muskara APMC,2502.23,,2416.83,2350.0,18-09-2026,-9.1,-235.0,2026-09-18,,
190.18,18-09-2026,Wheat,Uttar Pradesh,Cereals,Hamirpur,2432.83,Rs./Quintal,Metric Tonnes,34,,,,,2432.83,down,2585.0,2425.0,,"{'as_on': '#ef4444', 'one_week_ago': '#ef4444', 'last_five_day': '#ef4444', 'one_month_ago': '#ef4444'}",Raath APMC,2427.06,,2426.91,2432.27,18-09-2026,-5.9,-152.17,2026-09-18,,
437.75,18-09-2026,Wheat,Uttar Pradesh,Cereals,Hardoi,2574.64,Rs./Quintal,Metric Tonnes,34,,,,,2574.64,down,2585.0,2530.0,2550.0,"{'as_on': '#ef4444', 'one_week_ago': '#ef4444', 'last_five_day': '#ef4444', 'one_month_ago': '#ef4444'}",Hardoi APMC,2571.75,2310.0,2568.31,2441.52,18-09-2026,-0.4,-10.36,2026-09-18,,
171.9,18-09-2026,Wheat,Uttar Pradesh,Cereals,Hardoi,2593.15,Rs./Quintal,Metric Tonnes,34,,,,,2593.15,up,2585.0,2530.0,2540.0,"{'as_on': '#16a34a', 'one_week_ago': '#ef4444', 'last_five_day': '#ef4444', 'one_month_ago': '#ef4444'}",Madhoganj APMC,2500.0,2310.0,2580.58,2505.91,18-09-2026,0.3,8.15,2026-09-18,,
57.88,18-09-2026,Wheat,Uttar Pradesh,Cereals,Hardoi,2625.0,Rs./Quintal,Metric Tonnes,34,,,,,2625.0,up,2585.0,2540.0,,"{'as_on': '#16a34a', 'one_week_ago': '#ef4444', 'last_five_day': '#16a34a', 'one_month_ago': '#ef4444'}",Sandila APMC,2519.06,2310.0,2610.69,2467.09,18-09-2026,1.5,40.0,2026-09-18,,
25.5,18-09-2026,Wheat,Uttar Pradesh,Cereals,Hardoi,2451.12,Rs./Quintal,Metric Tonnes,34,,,,,2451.12,down,2585.0,,2550.0,"{'as_on': '#ef4444', 'one_week_ago': '#ef4444', 'last_five_day': '#ef4444', 'one_month_ago': '#ef4444'}",Shahabad(New Mandi) APMC,2453.28,2300.0,2454.04,2450.0,18-09-2026,-5.2,-133.88,2026-09-18,,
10.68,18-09-2026,Wheat,Uttar Pradesh,Cereals,Hathras,2530.29,Rs./Quintal,Metric Tonnes,34,,,,,2530.29,down,2585.0,,2610.0,"{'as_on': '#ef4444', 'one_week_ago': None, 'last_five_day': '#ef4444', 'one_month_ago': '#ef4444'}",Haathras APMC,,,2535.21,2508.23,18-09-2026,-2.1,-54.71,2026-09-18,,
70.79,18-09-2026,Wheat,Uttar Pradesh,Cereals,Jalaun (Orai),2608.15,Rs./Quintal,Metric Tonnes,34,,,,,2608.15,up,2585.0,2500.0,2605.0,"{'as_on': '#16a34a', 'one_week_ago': '#16a34a', 'last_five_day': '#16a34a', 'one_month_ago': None}",Ait APMC,2607.44,2410.0,2609.82,,18-09-2026,0.9,23.15,2026-09-18,,
30.79,18-09-2026,Wheat,Uttar Pradesh,Cereals,Jalaun (Orai),2477.54,Rs./Quintal,Metric Tonnes,34,,,,,2477.54,down,2585.0,2467.0,2550.0,"{'as_on': '#ef4444', 'one_week_ago': '#ef4444', 'last_five_day': '#ef4444', 'one_month_ago': '#ef4444'}",Jalaun APMC,2558.8,,2536.23,2503.47,18-09-2026,-4.2,-107.46,2026-09-18,,
12.0,18-09-2026,Wheat,Uttar Pradesh,Cereals,Jalaun (Orai),2500.0,Rs./Quintal,Metric Tonnes,34,,,,,2500.0,down,2585.0,,,"{'as_on': '#ef4444', 'one_week_ago': '#ef4444', 'last_five_day': '#ef4444', 'one_month_ago': None}",Kadaura APMC,2500.0,,2440.69,,18-09-2026,-3.3,-85.0,2026-09-18,,
122.85,18-09-2026,Wheat,Uttar Pradesh,Cereals,Jalaun (Orai),2572.24,Rs./Quintal,Metric Tonnes,34,,,,,2572.24,down,2585.0,,2515.0,"{'as_on': '#ef4444', 'one_week_ago': '#ef4444', 'last_five_day': '#ef4444', 'one_month_ago': '#ef4444'}",Kalpi APMC,2361.19,,2502.62,2551.37,18-09-2026,-0.5,-12.76,2026-09-18,,
10.2,18-09-2026,Wheat,Uttar Pradesh,Cereals,Jalaun (Orai),2528.38,Rs./Quintal,Metric Tonnes,34,,,,,2528.38,down,2585.0,2465.0,2550.0,"{'as_on': '#ef4444', 'one_week_ago': '#ef4444', 'last_five_day': '#ef4444', 'one_month_ago': '#ef4444'}",Orai APMC,2481.1,2315.0,2469.11,2580.0,18-09-2026,-2.2,-56.62,2026-09-18,,
15.26,18-09-2026,Wheat,Uttar Pradesh,Cereals,Jaunpur,2612.06,Rs./Quintal,Metric Tonnes,34,,,,,2612.06,up,2585.0,2580.0,2525.0,"{'as_on': '#16a34a', 'one_week_ago': '#16a34a', 'last_five_day': '#16a34a', 'one_month_ago': '#16a34a'}",Jaunpur APMC,2595.45,2345.0,2599.59,2621.46,18-09-2026,1.0,27.06,2026-09-18,,
21.0,18-09-2026,Wheat,Uttar Pradesh,Cereals,Jaunpur,2425.0,Rs./Quintal,Metric Tonnes,34,,,,,2425.0,down,2585.0,2585.0,2535.0,"{'as_on': '#ef4444', 'one_week_ago': '#ef4444', 'last_five_day': '#ef4444', 'one_month_ago': '#ef4444'}",Mugrabaadshahpur APMC,2528.26,2340.0,2471.14,2425.0,18-09-2026,-6.2,-160.0,2026-09-18,,
49.01,18-09-2026,Wheat,Uttar Pradesh,Cereals,Jaunpur,2630.58,Rs./Quintal,Metric Tonnes,34,,,,,2630.58,up,2585.0,2525.0,2520.0,"{'as_on': '#16a34a', 'one_week_ago': '#16a34a', 'last_five_day': '#16a34a', 'one_month_ago': '#ef4444'}",Shahganj APMC,2609.88,,2594.64,2542.7,18-09-2026,1.8,45.58,2026-09-18,,
110.4,18-09-2026,Wheat,Uttar Pradesh,Cereals,Jhansi,2561.9,Rs./Quintal,Metric Tonnes,34,,,,,2561.9,down,2585.0,2500.0,,"{'as_on': '#ef4444', 'one_week_ago': '#16a34a', 'last_five_day': '#ef4444', 'one_month_ago': None}",Gurusarai APMC,2585.0,2350.0,2543.11,,18-09-2026,-0.9,-23.1,2026-09-18,,
207.0,18-09-2026,Wheat,Uttar Pradesh,Cereals,Jhansi,2364.95,Rs./Quintal,Metric Tonnes,34,,,,,2364.95,down,2585.0,,,"{'as_on': '#ef4444', 'one_week_ago': '#ef4444', 'last_five_day': '#ef4444', 'one_month_ago': '#ef4444'}",Jhansi APMC,2358.77,2390.0,2371.17,2351.98,18-09-2026,-8.5,-220.05,2026-09-18,,
16.5,18-09-2026,Wheat,Uttar Pradesh,Cereals,Jhansi,2668.88,Rs./Quintal,Metric Tonnes,34,,,,,2668.88,up,2585.0,,,"{'as_on': '#16a34a', 'one_week_ago': '#16a34a', 'last_five_day': '#16a34a', 'one_month_ago': '#ef4444'}",Moth APMC,2603.23,2400.0,2631.83,2509.72,18-09-2026,3.2,83.88,2026-09-18,,
84.03,18-09-2026,Wheat,Uttar Pradesh,Cereals,Kannuj,2434.05,Rs./Quintal,Metric Tonnes,34,,,,,2434.05,down,2585.0,,2560.0,"{'as_on': '#ef4444', 'one_week_ago': None, 'last_five_day': '#ef4444', 'one_month_ago': None}",Chhibramau APMC,,2200.0,2467.93,,18-09-2026,-5.8,-150.95,2026-09-18,,
76.62,18-09-2026,Wheat,Uttar Pradesh,Cereals,Kannuj,2526.95,Rs./Quintal,Metric Tonnes,34,,,,,2526.95,down,2585.0,2530.0,2540.0,"{'as_on': '#ef4444', 'one_week_ago': '#ef4444', 'last_five_day': '#ef4444', 'one_month_ago': None}",Kannauj APMC,2570.36,2330.0,2518.75,,18-09-2026,-2.2,-58.05,2026-09-18,,
12.97,18-09-2026,Wheat,Uttar Pradesh,Cereals,Kanpur,2659.53,Rs./Quintal,Metric Tonnes,34,,,,,2659.53,up,2585.0,2530.0,2575.0,"{'as_on': '#16a34a', 'one_week_ago': '#ef4444', 'last_five_day': '#ef4444', 'one_month_ago': None}",Choubepur APMC,2500.0,,2501.47,,18-09-2026,2.9,74.53,2026-09-18,,
138.7,18-09-2026,Wheat,Uttar Pradesh,Cereals,Kanpur,2604.0,Rs./Quintal,Metric Tonnes,34,,,,,2604.0,up,2585.0,2530.0,2640.0,"{'as_on': '#16a34a', 'one_week_ago': '#16a34a', 'last_five_day': '#16a34a', 'one_month_ago': '#16a34a'}",Kanpur(Grain) APMC,2693.02,2400.0,2657.19,2614.84,18-09-2026,0.7,19.0,2026-09-18,,
12.17,18-09-2026,Wheat,Uttar Pradesh,Cereals,Kanpur,2400.0,Rs./Quintal,Metric Tonnes,34,,,,,2400.0,down,2585.0,2515.0,2550.0,"{'as_on': '#ef4444', 'one_week_ago': '#ef4444', 'last_five_day': '#ef4444', 'one_month_ago': '#ef4444'}",Uttaripura APMC,2400.0,2350.0,2400.0,2400.0,18-09-2026,-7.2,-185.0,2026-09-18,,
40.5,18-09-2026,Wheat,Uttar Pradesh,Cereals,Kanpur Dehat,2675.0,Rs./Quintal,Metric Tonnes,34,,,,,2675.0,up,2585.0,,,"{'as_on': '#16a34a', 'one_week_ago': '#ef4444', 'last_five_day': '#ef4444', 'one_month_ago': '#ef4444'}",Jhijhank APMC,2485.1,,2542.01,2520.74,18-09-2026,3.5,90.0,2026-09-18,,
116.01,18-09-2026,Wheat,Uttar Pradesh,Cereals,Kanpur Dehat,2577.89,Rs./Quintal,Metric Tonnes,34,,,,,2577.89,down,2585.0,2480.0,2580.0,"{'as_on': '#ef4444', 'one_week_ago': '#ef4444', 'last_five_day': '#ef4444', 'one_month_ago': '#ef4444'}",Pukharayan APMC,2552.54,,2553.44,2486.61,18-09-2026,-0.3,-7.11,2026-09-18,,
92.39,18-09-2026,Wheat,Uttar Pradesh,Cereals,Kanpur Dehat,2533.74,Rs./Quintal,Metric Tonnes,34,,,,,2533.74,down,2585.0,2540.0,,"{'as_on': '#ef4444', 'one_week_ago': '#ef4444', 'last_five_day': '#ef4444', 'one_month_ago': '#ef4444'}",Rura APMC,2510.53,2300.0,2520.8,2543.18,18-09-2026,-2.0,-51.26,2026-09-18,,
15.94,18-09-2026,Wheat,Uttar Pradesh,Cereals,Kasganj,2600.0,Rs./Quintal,Metric Tonnes,34,,,,,2600.0,up,2585.0,,,"{'as_on': '#16a34a', 'one_week_ago': None, 'last_five_day': '#ef4444', 'one_month_ago': '#ef4444'}",Ganj Dundwara APMC,,,2529.35,2500.0,18-09-2026,0.6,15.0,2026-09-18,,
153.8,18-09-2026,Wheat,Uttar Pradesh,Cereals,Kasganj,2534.17,Rs./Quintal,Metric Tonnes,34,,,,,2534.17,down,2585.0,2570.0,2550.0,"{'as_on': '#ef4444', 'one_week_ago': '#16a34a', 'last_five_day': '#16a34a', 'one_month_ago': '#ef4444'}",Kasganj APMC,2657.16,,2587.56,2535.48,18-09-2026,-2.0,-50.83,2026-09-18,,
4.83,18-09-2026,Wheat,Uttar Pradesh,Cereals,Kaushambi,2550.0,Rs./Quintal,Metric Tonnes,34,,,,,2550.0,down,2585.0,2535.0,2555.0,"{'as_on': '#ef4444', 'one_week_ago': '#ef4444', 'last_five_day': '#ef4444', 'one_month_ago': '#ef4444'}",Manjhanpur APMC,2566.77,,2424.56,2400.0,18-09-2026,-1.4,-35.0,2026-09-18,,
7.5,18-09-2026,Wheat,Uttar Pradesh,Cereals,Khiri (Lakhimpur),2580.0,Rs./Quintal,Metric Tonnes,34,,,,,2580.0,down,2585.0,2530.0,2520.0,"{'as_on': '#ef4444', 'one_week_ago': None, 'last_five_day': '#16a34a', 'one_month_ago': '#ef4444'}",Maigalganj APMC,,,2588.08,2551.41,18-09-2026,-0.2,-5.0,2026-09-18,,
7.5,18-09-2026,Wheat,Uttar Pradesh,Cereals,Khiri (Lakhimpur),2600.0,Rs./Quintal,Metric Tonnes,34,,,,,2600.0,up,2585.0,2340.0,2550.0,"{'as_on': '#16a34a', 'one_week_ago': '#16a34a', 'last_five_day': '#ef4444', 'one_month_ago': '#ef4444'}",Mohammdi APMC,2616.22,2320.0,2533.97,2508.62,18-09-2026,0.6,15.0,2026-09-18,,
38.31,18-09-2026,Wheat,Uttar Pradesh,Cereals,Lakhimpur,2526.47,Rs./Quintal,Metric Tonnes,34,,,,,2526.47,down,2585.0,2465.0,2560.0,"{'as_on': '#ef4444', 'one_week_ago': '#ef4444', 'last_five_day': '#ef4444', 'one_month_ago': '#ef4444'}",Golagokarnath APMC,2583.54,2300.0,2557.26,2402.56,18-09-2026,-2.3,-58.53,2026-09-18,,
108.23,18-09-2026,Wheat,Uttar Pradesh,Cereals,Lakhimpur,2459.25,Rs./Quintal,Metric Tonnes,34,,,,,2459.25,down,2585.0,2470.0,2565.0,"{'as_on': '#ef4444', 'one_week_ago': '#ef4444', 'last_five_day': '#ef4444', 'one_month_ago': '#ef4444'}",Lakhimpur APMC,2504.25,2310.0,2484.52,2464.83,18-09-2026,-4.9,-125.75,2026-09-18,,
31.5,18-09-2026,Wheat,Uttar Pradesh,Cereals,Lakhimpur,2400.0,Rs./Quintal,Metric Tonnes,34,,,,,2400.0,down,2585.0,,2500.0,"{'as_on': '#ef4444', 'one_week_ago': '#ef4444', 'last_five_day': '#ef4444', 'one_month_ago': '#ef4444'}",Paliakala APMC,2449.46,2290.0,2420.3,2400.0,18-09-2026,-7.2,-185.0,2026-09-18,,
729.1,18-09-2026,Wheat,Uttar Pradesh,Cereals,Lalitpur,2418.54,Rs./Quintal,Metric Tonnes,34,,,,,2418.54,down,2585.0,2535.0,2575.0,"{'as_on': '#ef4444', 'one_week_ago': '#ef4444', 'last_five_day': '#ef4444', 'one_month_ago': '#ef4444'}",Lalitpur APMC,2473.68,2380.0,2499.25,2395.5,18-09-2026,-6.4,-166.46,2026-09-18,,
320.71,18-09-2026,Wheat,Uttar Pradesh,Cereals,Lucknow,2632.93,Rs./Quintal,Metric Tonnes,34,,,,,2632.93,up,2585.0,2620.0,2583.0,"{'as_on': '#16a34a', 'one_week_ago': '#16a34a', 'last_five_day': '#16a34a', 'one_month_ago': '#ef4444'}",Banthara APMC,2624.87,,2624.64,2583.8,18-09-2026,1.9,47.93,2026-09-18,,
208.53,18-09-2026,Wheat,Uttar Pradesh,Cereals,Lucknow,2613.06,Rs./Quintal,Metric Tonnes,34,,,,,2613.06,up,2585.0,2580.0,2560.0,"{'as_on': '#16a34a', 'one_week_ago': '#16a34a', 'last_five_day': '#16a34a', 'one_month_ago': '#16a34a'}",Lucknow APMC,2688.44,2340.0,2672.75,2634.36,18-09-2026,1.1,28.06,2026-09-18,,
67.42,18-09-2026,Wheat,Uttar Pradesh,Cereals,Maharajganj,2408.9,Rs./Quintal,Metric Tonnes,34,,,,,2408.9,down,2585.0,2500.0,2350.0,"{'as_on': '#ef4444', 'one_week_ago': '#ef4444', 'last_five_day': '#ef4444', 'one_month_ago': '#ef4444'}",Anandnagar APMC,2410.59,2310.0,2407.86,2430.31,18-09-2026,-6.8,-176.1,2026-09-18,,
64.53,18-09-2026,Wheat,Uttar Pradesh,Cereals,Maharajganj,2400.0,Rs./Quintal,Metric Tonnes,34,,,,,2400.0,down,2585.0,,2470.0,"{'as_on': '#ef4444', 'one_week_ago': '#ef4444', 'last_five_day': '#ef4444', 'one_month_ago': '#ef4444'}",Nautnava APMC,2400.0,2200.0,2400.0,2400.0,18-09-2026,-7.2,-185.0,2026-09-18,,
40.0,18-09-2026,Wheat,Uttar Pradesh,Cereals,Maharajganj,2400.53,Rs./Quintal,Metric Tonnes,34,,,,,2400.53,down,2585.0,2520.0,2510.0,"{'as_on': '#ef4444', 'one_week_ago': '#ef4444', 'last_five_day': '#ef4444', 'one_month_ago': '#ef4444'}",Partaval APMC,2403.46,2285.0,2400.69,2400.0,18-09-2026,-7.1,-184.48,2026-09-18,,
138.1,18-09-2026,Wheat,Uttar Pradesh,Cereals,Mahoba,2472.41,Rs./Quintal,Metric Tonnes,34,,,,,2472.41,down,2585.0,2500.0,2500.0,"{'as_on': '#ef4444', 'one_week_ago': '#ef4444', 'last_five_day': '#ef4444', 'one_month_ago': '#ef4444'}",Charkhari APMC,2492.69,2300.0,2463.36,2426.77,18-09-2026,-4.4,-112.59,2026-09-18,,
8.6,18-09-2026,Wheat,Uttar Pradesh,Cereals,Mahoba,2300.0,Rs./Quintal,Metric Tonnes,34,,,,,2300.0,down,2585.0,2490.0,,"{'as_on': '#ef4444', 'one_week_ago': None, 'last_five_day': '#ef4444', 'one_month_ago': '#ef4444'}",Mahoba APMC,,2250.0,2377.21,2317.5,18-09-2026,-11.0,-285.0,2026-09-18,,
62.29,18-09-2026,Wheat,Uttar Pradesh,Cereals,Mainpuri,2500.0,Rs./Quintal,Metric Tonnes,34,,,,,2500.0,down,2585.0,,2530.0,"{'as_on': '#ef4444', 'one_week_ago': '#ef4444', 'last_five_day': '#ef4444', 'one_month_ago': '#ef4444'}",Bewar APMC,2502.0,2210.0,2444.42,2400.3,18-09-2026,-3.3,-85.0,2026-09-18,,
19.22,18-09-2026,Wheat,Uttar Pradesh,Cereals,Mainpuri,2575.52,Rs./Quintal,Metric Tonnes,34,,,,,2575.52,down,2585.0,2500.0,2551.0,"{'as_on': '#ef4444', 'one_week_ago': '#ef4444', 'last_five_day': '#ef4444', 'one_month_ago': '#ef4444'}",Mainpuri APMC,2579.53,2211.0,2572.89,2488.83,18-09-2026,-0.4,-9.48,2026-09-18,,
88.15,18-09-2026,Wheat,Uttar Pradesh,Cereals,Mathura,2571.98,Rs./Quintal,Metric Tonnes,34,,,,,2571.98,down,2585.0,2590.0,2600.0,"{'as_on': '#ef4444', 'one_week_ago': '#ef4444', 'last_five_day': '#ef4444', 'one_month_ago': '#ef4444'}",Mathura APMC,2520.55,2325.0,2574.42,2539.57,18-09-2026,-0.5,-13.02,2026-09-18,,
30.0,18-09-2026,Wheat,Uttar Pradesh,Cereals,Mau(Maunathbhanjan),2400.0,Rs./Quintal,Metric Tonnes,34,,,,,2400.0,down,2585.0,,,"{'as_on': '#ef4444', 'one_week_ago': None, 'last_five_day': '#ef4444', 'one_month_ago': '#ef4444'}",Doharighat APMC,,,2400.0,2350.0,18-09-2026,-7.2,-185.0,2026-09-18,,
13.2,18-09-2026,Wheat,Uttar Pradesh,Cereals,Mau(Maunathbhanjan),2604.55,Rs./Quintal,Metric Tonnes,34,,,,,2604.55,up,2585.0,,,"{'as_on': '#16a34a', 'one_week_ago': '#16a34a', 'last_five_day': '#16a34a', 'one_month_ago': '#16a34a'}",Kopaganj APMC,2585.26,,2614.22,2596.02,18-09-2026,0.8,19.55,2026-09-18,,
0.42,18-09-2026,Wheat,Uttar Pradesh,Cereals,Muzaffarnagar,2586.0,Rs./Quintal,Metric Tonnes,34,,,,,2586.0,up,2585.0,,,"{'as_on': '#16a34a', 'one_week_ago': '#16a34a', 'last_five_day': '#16a34a', 'one_month_ago': None}",Shahpur APMC,2611.0,,2585.46,,18-09-2026,0.0,1.0,2026-09-18,,
54.0,18-09-2026,Wheat,Uttar Pradesh,Cereals,Pillibhit,2550.0,Rs./Quintal,Metric Tonnes,34,,,,,2550.0,down,2585.0,,2535.0,"{'as_on': '#ef4444', 'one_week_ago': None, 'last_five_day': '#ef4444', 'one_month_ago': '#ef4444'}",Bishalpur APMC,,2370.0,2550.0,2478.99,18-09-2026,-1.4,-35.0,2026-09-18,,
53.3,18-09-2026,Wheat,Uttar Pradesh,Cereals,Pratapgarh,2546.96,Rs./Quintal,Metric Tonnes,34,,,,,2546.96,down,2585.0,2550.0,2560.0,"{'as_on': '#ef4444', 'one_week_ago': '#ef4444', 'last_five_day': '#ef4444', 'one_month_ago': '#ef4444'}",Pratapgarh APMC,2493.76,2370.0,2441.58,2400.0,18-09-2026,-1.5,-38.04,2026-09-18,,
120.3,18-09-2026,Wheat,Uttar Pradesh,Cereals,Prayagraj,2359.89,Rs./Quintal,Metric Tonnes,34,,,,,2359.89,down,2585.0,2515.0,2600.0,"{'as_on': '#ef4444', 'one_week_ago': '#ef4444', 'last_five_day': '#ef4444', 'one_month_ago': '#ef4444'}",Prayagraj APMC,2277.45,,2367.35,2487.11,18-09-2026,-8.7,-225.11,2026-09-18,,
32.5,18-09-2026,Wheat,Uttar Pradesh,Cereals,Raebarelli,2400.0,Rs./Quintal,Metric Tonnes,34,,,,,2400.0,down,2585.0,2515.0,2500.0,"{'as_on': '#ef4444', 'one_week_ago': '#ef4444', 'last_five_day': '#ef4444', 'one_month_ago': '#ef4444'}",Bachranwa APMC,2440.01,2307.5,2499.3,2436.83,18-09-2026,-7.2,-185.0,2026-09-18,,
316.98,18-09-2026,Wheat,Uttar Pradesh,Cereals,Raebarelli,2522.31,Rs./Quintal,Metric Tonnes,34,,,,,2522.31,down,2585.0,2595.0,2630.0,"{'as_on': '#ef4444', 'one_week_ago': '#ef4444', 'last_five_day': '#ef4444', 'one_month_ago': '#ef4444'}",Jayas APMC,2500.8,2280.0,2537.76,2462.99,18-09-2026,-2.4,-62.69,2026-09-18,,
203.47,18-09-2026,Wheat,Uttar Pradesh,Cereals,Raebarelli,2499.54,Rs./Quintal,Metric Tonnes,34,,,,,2499.54,down,2585.0,2500.0,2575.0,"{'as_on': '#ef4444', 'one_week_ago': '#ef4444', 'last_five_day': '#ef4444', 'one_month_ago': '#ef4444'}",Lalganj APMC,2581.92,2350.0,2517.91,2553.84,18-09-2026,-3.3,-85.46,2026-09-18,,
153.73,18-09-2026,Wheat,Uttar Pradesh,Cereals,Raebarelli,2469.54,Rs./Quintal,Metric Tonnes,34,,,,,2469.54,down,2585.0,2510.0,2535.0,"{'as_on': '#ef4444', 'one_week_ago': '#ef4444', 'last_five_day': '#ef4444', 'one_month_ago': '#ef4444'}",Raibareilly APMC,2436.66,2275.0,2537.62,2553.91,18-09-2026,-4.5,-115.46,2026-09-18,,
87.99,18-09-2026,Wheat,Uttar Pradesh,Cereals,Raebarelli,2456.79,Rs./Quintal,Metric Tonnes,34,,,,,2456.79,down,2585.0,2520.0,2540.0,"{'as_on': '#ef4444', 'one_week_ago': '#ef4444', 'last_five_day': '#ef4444', 'one_month_ago': '#ef4444'}",Salon APMC,2569.68,,2481.5,2419.17,18-09-2026,-5.0,-128.21,2026-09-18,,
21.0,18-09-2026,Wheat,Uttar Pradesh,Cereals,Saharanpur,2800.0,Rs./Quintal,Metric Tonnes,34,,,,,2800.0,up,2585.0,,,"{'as_on': '#16a34a', 'one_week_ago': '#ef4444', 'last_five_day': '#16a34a', 'one_month_ago': None}",Nanuta APMC,2500.0,,2800.0,,18-09-2026,8.3,215.0,2026-09-18,,
14.6,18-09-2026,Wheat,Uttar Pradesh,Cereals,Sambhal,2623.27,Rs./Quintal,Metric Tonnes,34,,,,,2623.27,up,2585.0,2520.0,,"{'as_on': '#16a34a', 'one_week_ago': '#ef4444', 'last_five_day': '#ef4444', 'one_month_ago': '#ef4444'}",Bhehjoi APMC,2521.59,,2554.29,2530.64,18-09-2026,1.5,38.27,2026-09-18,,
4.0,18-09-2026,Wheat,Uttar Pradesh,Cereals,Sambhal,2600.0,Rs./Quintal,Metric Tonnes,34,,,,,2600.0,up,2585.0,2570.0,2550.0,"{'as_on': '#16a34a', 'one_week_ago': '#ef4444', 'last_five_day': '#ef4444', 'one_month_ago': '#ef4444'}",Muradabad APMC,2520.0,2315.0,2570.14,2580.22,18-09-2026,0.6,15.0,2026-09-18,,
171.74,18-09-2026,Wheat,Uttar Pradesh,Cereals,Sant Kabir Nagar,2610.85,Rs./Quintal,Metric Tonnes,34,,,,,2610.85,up,2585.0,,,"{'as_on': '#16a34a', 'one_week_ago': '#16a34a', 'last_five_day': '#ef4444', 'one_month_ago': '#ef4444'}",Khalilabad APMC,2622.04,,2567.64,2491.35,18-09-2026,1.0,25.85,2026-09-18,,
40.0,18-09-2026,Wheat,Uttar Pradesh,Cereals,Shahjahanpur,2525.0,Rs./Quintal,Metric Tonnes,34,,,,,2525.0,down,2585.0,,,"{'as_on': '#ef4444', 'one_week_ago': '#ef4444', 'last_five_day': '#ef4444', 'one_month_ago': '#ef4444'}",Meeranpur Katra APMC,2490.0,,2524.52,2440.0,18-09-2026,-2.3,-60.0,2026-09-18,,
15.78,18-09-2026,Wheat,Uttar Pradesh,Cereals,Shahjahanpur,2524.98,Rs./Quintal,Metric Tonnes,34,,,,,2524.98,down,2585.0,2515.0,2520.0,"{'as_on': '#ef4444', 'one_week_ago': '#ef4444', 'last_five_day': '#ef4444', 'one_month_ago': '#ef4444'}",Powayan APMC,2513.14,2365.0,2534.21,2533.54,18-09-2026,-2.3,-60.02,2026-09-18,,
132.22,18-09-2026,Wheat,Uttar Pradesh,Cereals,Shahjahanpur,2525.0,Rs./Quintal,Metric Tonnes,34,,,,,2525.0,down,2585.0,2530.0,,"{'as_on': '#ef4444', 'one_week_ago': '#ef4444', 'last_five_day': '#ef4444', 'one_month_ago': '#ef4444'}",Shahjahanpur APMC,2525.0,2350.0,2526.76,2480.22,18-09-2026,-2.3,-60.0,2026-09-18,,
195.0,18-09-2026,Wheat,Uttar Pradesh,Cereals,Shravasti,2522.2,Rs./Quintal,Metric Tonnes,34,,,,,2522.2,down,2585.0,,,"{'as_on': '#ef4444', 'one_week_ago': '#ef4444', 'last_five_day': '#ef4444', 'one_month_ago': '#ef4444'}",Payagpur APMC,2468.73,,2506.02,2467.85,18-09-2026,-2.4,-62.8,2026-09-18,,
70.5,18-09-2026,Wheat,Uttar Pradesh,Cereals,Siddharth Nagar,2500.0,Rs./Quintal,Metric Tonnes,34,,,,,2500.0,down,2585.0,,,"{'as_on': '#ef4444', 'one_week_ago': '#ef4444', 'last_five_day': '#ef4444', 'one_month_ago': '#16a34a'}",Bansi APMC,2500.0,,2517.08,2700.0,18-09-2026,-3.3,-85.0,2026-09-18,,
28.9,18-09-2026,Wheat,Uttar Pradesh,Cereals,Siddharth Nagar,2506.06,Rs./Quintal,Metric Tonnes,34,,,,,2506.06,down,2585.0,2550.0,2550.0,"{'as_on': '#ef4444', 'one_week_ago': '#ef4444', 'last_five_day': '#ef4444', 'one_month_ago': '#ef4444'}",Naugarh APMC,2545.86,2350.0,2535.12,2507.06,18-09-2026,-3.1,-78.94,2026-09-18,,
62.7,18-09-2026,Wheat,Uttar Pradesh,Cereals,Siddharth Nagar,2430.0,Rs./Quintal,Metric Tonnes,34,,,,,2430.0,down,2585.0,2500.0,2460.0,"{'as_on': '#ef4444', 'one_week_ago': '#ef4444', 'last_five_day': '#ef4444', 'one_month_ago': '#ef4444'}",Sahiyapur APMC,2441.06,2150.0,2445.64,2430.0,18-09-2026,-6.0,-155.0,2026-09-18,,
75.0,18-09-2026,Wheat,Uttar Pradesh,Cereals,Siddharth Nagar,2450.0,Rs./Quintal,Metric Tonnes,34,,,,,2450.0,down,2585.0,,,"{'as_on': '#ef4444', 'one_week_ago': '#ef4444', 'last_five_day': '#ef4444', 'one_month_ago': '#ef4444'}",Shohratgarh APMC,2544.34,,2451.51,2450.0,18-09-2026,-5.2,-135.0,2026-09-18,,
2.8,18-09-2026,Wheat,Uttar Pradesh,Cereals,Sitapur,2500.0,Rs./Quintal,Metric Tonnes,34,,,,,2500.0,down,2585.0,,,"{'as_on': '#ef4444', 'one_week_ago': '#ef4444', 'last_five_day': '#ef4444', 'one_month_ago': '#ef4444'}",Mishrit APMC,2450.0,,2480.94,2500.0,18-09-2026,-3.3,-85.0,2026-09-18,,
69.35,18-09-2026,Wheat,Uttar Pradesh,Cereals,Sitapur,2451.21,Rs./Quintal,Metric Tonnes,34,,,,,2451.21,down,2585.0,,,"{'as_on': '#ef4444', 'one_week_ago': None, 'last_five_day': '#ef4444', 'one_month_ago': '#ef4444'}",Sidhauli APMC,,,2428.87,2432.68,18-09-2026,-5.2,-133.79,2026-09-18,,
99.07,18-09-2026,Wheat,Uttar Pradesh,Cereals,Sitapur,2554.68,Rs./Quintal,Metric Tonnes,34,,,,,2554.68,down,2585.0,2520.0,2540.0,"{'as_on': '#ef4444', 'one_week_ago': '#ef4444', 'last_five_day': '#ef4444', 'one_month_ago': '#ef4444'}",Sitapur APMC,2512.75,2330.0,2527.89,2525.62,18-09-2026,-1.2,-30.32,2026-09-18,,
19.49,18-09-2026,Wheat,Uttar Pradesh,Cereals,Sitapur,2400.0,Rs./Quintal,Metric Tonnes,34,,,,,2400.0,down,2585.0,2500.0,2525.0,"{'as_on': '#ef4444', 'one_week_ago': '#ef4444', 'last_five_day': '#ef4444', 'one_month_ago': None}",Viswan APMC,2500.0,2320.0,2435.13,,18-09-2026,-7.2,-185.0,2026-09-18,,
62.5,18-09-2026,Wheat,Uttar Pradesh,Cereals,Sonbhadra,2500.03,Rs./Quintal,Metric Tonnes,34,,,,,2500.03,down,2585.0,2560.0,,"{'as_on': '#ef4444', 'one_week_ago': '#16a34a', 'last_five_day': '#ef4444', 'one_month_ago': None}",Robertsganj APMC,2612.54,2320.0,2533.84,,18-09-2026,-3.3,-84.97,2026-09-18,,
193.64,18-09-2026,Wheat,Uttar Pradesh,Cereals,Unnao,2558.84,Rs./Quintal,Metric Tonnes,34,,,,,2558.84,down,2585.0,,2550.0,"{'as_on': '#ef4444', 'one_week_ago': '#16a34a', 'last_five_day': '#ef4444', 'one_month_ago': '#ef4444'}",Bangarmau APMC,2600.0,2300.0,2580.83,2528.6,18-09-2026,-1.0,-26.16,2026-09-18,,
232.89,18-09-2026,Wheat,Uttar Pradesh,Cereals,Unnao,2462.6,Rs./Quintal,Metric Tonnes,34,,,,,2462.6,down,2585.0,,2590.0,"{'as_on': '#ef4444', 'one_week_ago': '#ef4444', 'last_five_day': '#ef4444', 'one_month_ago': '#ef4444'}",Purwa APMC,2521.07,2305.0,2500.75,2473.71,18-09-2026,-4.7,-122.4,2026-09-18,,
227.04,18-09-2026,Wheat,Uttar Pradesh,Cereals,Unnao,2576.94,Rs./Quintal,Metric Tonnes,34,,,,,2576.94,down,2585.0,2550.0,2585.0,"{'as_on': '#ef4444', 'one_week_ago': '#ef4444', 'last_five_day': '#ef4444', 'one_month_ago': '#ef4444'}",Unnao APMC,2571.14,2310.0,2572.52,2569.38,18-09-2026,-0.3,-8.06,2026-09-18,,
100.0,18-09-2026,Wheat,Uttar Pradesh,Cereals,Varanasi,2450.0,Rs./Quintal,Metric Tonnes,34,,,,,2450.0,down,2585.0,2580.0,2525.0,"{'as_on': '#ef4444', 'one_week_ago': '#ef4444', 'last_five_day': '#ef4444', 'one_month_ago': '#16a34a'}",Varanasi APMC,2500.0,2360.0,2452.76,2600.0,18-09-2026,-5.2,-135.0,2026-09-18,,
6.44,18-09-2026,Cotton,Uttar Pradesh,Fibre Crops,Hathras,7136.83,Rs./Quintal,Metric Tonnes,34,,,,,7136.83,down,8267.0,,,"{'as_on': '#ef4444', 'one_week_ago': '#ef4444', 'last_five_day': '#ef4444', 'one_month_ago': None}",Haathras APMC,7569.36,,8249.44,,18-09-2026,-13.7,-1130.17,2026-09-18,,
3.3,18-09-2026,Cotton,Uttar Pradesh,Fibre Crops,Saharanpur,14617.0,Rs./Quintal,Metric Tonnes,34,,,,,14617.0,up,8267.0,,,"{'as_on': '#16a34a', 'one_week_ago': None, 'last_five_day': '#16a34a', 'one_month_ago': None}",Saharanpur APMC,,,14617.0,,18-09-2026,76.8,6350.0,2026-09-18,,
1.76,18-09-2026,Groundnut,Uttar Pradesh,Oil Seeds,Agra,14435.78,Rs./Quintal,Metric Tonnes,34,,,,,14435.78,up,7517.0,,,"{'as_on': '#16a34a', 'one_week_ago': None, 'last_five_day': '#16a34a', 'one_month_ago': None}",Agra APMC,,,14468.94,,18-09-2026,92.0,6918.78,2026-09-18,,
16.0,18-09-2026,Groundnut,Uttar Pradesh,Oil Seeds,Auraiya,8768.75,Rs./Quintal,Metric Tonnes,34,,,,,8768.75,up,7517.0,,,"{'as_on': '#16a34a', 'one_week_ago': None, 'last_five_day': '#16a34a', 'one_month_ago': None}",Auraiya APMC,,,8768.75,,18-09-2026,16.7,1251.75,2026-09-18,,
0.55,18-09-2026,Groundnut,Uttar Pradesh,Oil Seeds,Barabanki,7472.88,Rs./Quintal,Metric Tonnes,34,,,,,7472.88,down,7517.0,,,"{'as_on': '#ef4444', 'one_week_ago': None, 'last_five_day': '#ef4444', 'one_month_ago': None}",Barabanki APMC,,,7472.88,,18-09-2026,-0.6,-44.12,2026-09-18,,
1.7,18-09-2026,Groundnut,Uttar Pradesh,Oil Seeds,Etah,6200.0,Rs./Quintal,Metric Tonnes,34,,,,,6200.0,down,7517.0,6000.0,4370.0,"{'as_on': '#ef4444', 'one_week_ago': '#ef4444', 'last_five_day': '#ef4444', 'one_month_ago': '#ef4444'}",Etah APMC,6200.0,6375.0,6229.44,6200.0,18-09-2026,-17.5,-1317.0,2026-09-18,,
28.53,18-09-2026,Groundnut,Uttar Pradesh,Oil Seeds,Jhansi,7150.28,Rs./Quintal,Metric Tonnes,34,,,,,7150.28,down,7517.0,,,"{'as_on': '#ef4444', 'one_week_ago': '#ef4444', 'last_five_day': '#ef4444', 'one_month_ago': '#ef4444'}",Jhansi APMC,4891.36,6640.0,6441.3,6141.31,18-09-2026,-4.9,-366.72,2026-09-18,,
5.4,18-09-2026,Groundnut,Uttar Pradesh,Oil Seeds,Jhansi,5000.0,Rs./Quintal,Metric Tonnes,34,,,,,5000.0,down,7517.0,,4650.0,"{'as_on': '#ef4444', 'one_week_ago': None, 'last_five_day': '#ef4444', 'one_month_ago': '#ef4444'}",Mauranipur APMC,,,5000.0,5846.99,18-09-2026,-33.5,-2517.0,2026-09-18,,
5.0,18-09-2026,Groundnut,Uttar Pradesh,Oil Seeds,Kanpur,9200.0,Rs./Quintal,Metric Tonnes,34,,,,,9200.0,up,7517.0,,,"{'as_on': '#16a34a', 'one_week_ago': None, 'last_five_day': '#16a34a', 'one_month_ago': None}",Kanpur(Grain) APMC,,,7640.79,,18-09-2026,22.4,1683.0,2026-09-18,,
4.2,18-09-2026,Groundnut,Uttar Pradesh,Oil Seeds,Lakhimpur,11000.0,Rs./Quintal,Metric Tonnes,34,,,,,11000.0,up,7517.0,,,"{'as_on': '#16a34a', 'one_week_ago': None, 'last_five_day': '#16a34a', 'one_month_ago': '#16a34a'}",Paliakala APMC,,,11000.0,11500.0,18-09-2026,46.3,3483.0,2026-09-18,,
1.55,18-09-2026,Groundnut,Uttar Pradesh,Oil Seeds,Lucknow,14502.01,Rs./Quintal,Metric Tonnes,34,,,,,14502.01,up,7517.0,,,"{'as_on': '#16a34a', 'one_week_ago': None, 'last_five_day': '#16a34a', 'one_month_ago': None}",Banthara APMC,,,14527.12,,18-09-2026,92.9,6985.01,2026-09-18,,
90.0,18-09-2026,Groundnut,Uttar Pradesh,Oil Seeds,Lucknow,7324.29,Rs./Quintal,Metric Tonnes,34,,,,,7324.29,down,7517.0,,,"{'as_on': '#ef4444', 'one_week_ago': None, 'last_five_day': '#ef4444', 'one_month_ago': None}",Lucknow APMC,,,7324.29,,18-09-2026,-2.6,-192.71,2026-09-18,,
23.45,18-09-2026,Groundnut,Uttar Pradesh,Oil Seeds,Mahoba,7253.84,Rs./Quintal,Metric Tonnes,34,,,,,7253.84,down,7517.0,4300.0,,"{'as_on': '#ef4444', 'one_week_ago': '#ef4444', 'last_five_day': '#ef4444', 'one_month_ago': None}",Mahoba APMC,7417.73,6450.0,7066.24,,18-09-2026,-3.5,-263.16,2026-09-18,,
0.11,18-09-2026,Mustard,Uttar Pradesh,Oil Seeds,Agra,10968.35,Rs./Quintal,Metric Tonnes,34,,,,,10968.35,up,6200.0,7000.0,5920.0,"{'as_on': '#16a34a', 'one_week_ago': None, 'last_five_day': '#16a34a', 'one_month_ago': None}",Agra APMC,,5520.0,10968.35,,18-09-2026,76.9,4768.35,2026-09-18,,
31.0,18-09-2026,Mustard,Uttar Pradesh,Oil Seeds,Auraiya,7550.0,Rs./Quintal,Metric Tonnes,34,,,,,7550.0,up,6200.0,6850.0,6030.0,"{'as_on': '#16a34a', 'one_week_ago': '#16a34a', 'last_five_day': '#16a34a', 'one_month_ago': '#16a34a'}",Auraiya APMC,7588.63,5300.0,7603.19,7463.4,18-09-2026,21.8,1350.0,2026-09-18,,
0.27,18-09-2026,Mustard,Uttar Pradesh,Oil Seeds,Balrampur,6000.0,Rs./Quintal,Metric Tonnes,34,,,,,6000.0,down,6200.0,,,"{'as_on': '#ef4444', 'one_week_ago': None, 'last_five_day': '#ef4444', 'one_month_ago': None}",Balrampur APMC,,5500.0,6000.0,,18-09-2026,-3.2,-200.0,2026-09-18,,
15.0,18-09-2026,Mustard,Uttar Pradesh,Oil Seeds,Bulandshahar,6540.0,Rs./Quintal,Metric Tonnes,34,,,,,6540.0,up,6200.0,,,"{'as_on': '#16a34a', 'one_week_ago': None, 'last_five_day': '#16a34a', 'one_month_ago': None}",Siyana APMC,,,6533.34,,18-09-2026,5.5,340.0,2026-09-18,,
2.2,18-09-2026,Mustard,Uttar Pradesh,Oil Seeds,Chitrakut,7600.0,Rs./Quintal,Metric Tonnes,34,,,,,7600.0,up,6200.0,,,"{'as_on': '#16a34a', 'one_week_ago': '#16a34a', 'last_five_day': '#16a34a', 'one_month_ago': '#16a34a'}",Mau(Chitrakut) APMC,7102.0,,7282.56,7500.0,18-09-2026,22.6,1400.0,2026-09-18,,
62.5,18-09-2026,Mustard,Uttar Pradesh,Oil Seeds,Gonda,5300.0,Rs./Quintal,Metric Tonnes,34,,,,,5300.0,down,6200.0,6100.0,,"{'as_on': '#ef4444', 'one_week_ago': None, 'last_five_day': '#ef4444', 'one_month_ago': '#ef4444'}",Gonda APMC,,5450.0,5536.19,5300.0,18-09-2026,-14.5,-900.0,2026-09-18,,
55.1,18-09-2026,Mustard,Uttar Pradesh,Oil Seeds,Gonda,6800.0,Rs./Quintal,Metric Tonnes,34,,,,,6800.0,up,6200.0,,,"{'as_on': '#16a34a', 'one_week_ago': '#ef4444', 'last_five_day': '#16a34a', 'one_month_ago': None}",Nawabganj APMC,5500.0,,6378.68,,18-09-2026,9.7,600.0,2026-09-18,,
27.14,18-09-2026,Mustard,Uttar Pradesh,Oil Seeds,Hamirpur,7000.0,Rs./Quintal,Metric Tonnes,34,,,,,7000.0,up,6200.0,,,"{'as_on': '#16a34a', 'one_week_ago': '#16a34a', 'last_five_day': '#16a34a', 'one_month_ago': '#16a34a'}",Maudaha APMC,7000.0,,7000.0,7000.0,18-09-2026,12.9,800.0,2026-09-18,,
7.65,18-09-2026,Mustard,Uttar Pradesh,Oil Seeds,Hamirpur,7506.72,Rs./Quintal,Metric Tonnes,34,,,,,7506.72,up,6200.0,5950.0,,"{'as_on': '#16a34a', 'one_week_ago': '#16a34a', 'last_five_day': '#16a34a', 'one_month_ago': '#16a34a'}",Raath APMC,7341.0,,6574.88,7341.8,18-09-2026,21.1,1306.72,2026-09-18,,
2.0,18-09-2026,Mustard,Uttar Pradesh,Oil Seeds,Hardoi,6163.75,Rs./Quintal,Metric Tonnes,34,,,,,6163.75,down,6200.0,6700.0,5520.0,"{'as_on': '#ef4444', 'one_week_ago': '#16a34a', 'last_five_day': '#16a34a', 'one_month_ago': None}",Hardoi APMC,6500.0,5485.0,6952.21,,18-09-2026,-0.6,-36.25,2026-09-18,,
3.2,18-09-2026,Mustard,Uttar Pradesh,Oil Seeds,Hardoi,7100.0,Rs./Quintal,Metric Tonnes,34,,,,,7100.0,up,6200.0,6700.0,5550.0,"{'as_on': '#16a34a', 'one_week_ago': None, 'last_five_day': '#16a34a', 'one_month_ago': None}",Madhoganj APMC,,5485.0,7252.31,,18-09-2026,14.5,900.0,2026-09-18,,
11.0,18-09-2026,Mustard,Uttar Pradesh,Oil Seeds,Jalaun (Orai),7034.09,Rs./Quintal,Metric Tonnes,34,,,,,7034.09,up,6200.0,,,"{'as_on': '#16a34a', 'one_week_ago': None, 'last_five_day': '#16a34a', 'one_month_ago': '#16a34a'}",Konch APMC,,,7034.09,7200.0,18-09-2026,13.5,834.09,2026-09-18,,
17.4,18-09-2026,Mustard,Uttar Pradesh,Oil Seeds,Kanpur,5488.51,Rs./Quintal,Metric Tonnes,34,,,,,5488.51,down,6200.0,6950.0,5900.0,"{'as_on': '#ef4444', 'one_week_ago': '#ef4444', 'last_five_day': '#ef4444', 'one_month_ago': '#16a34a'}",Kanpur(Grain) APMC,5421.74,5440.0,5501.05,6653.41,18-09-2026,-11.5,-711.49,2026-09-18,,
4.72,18-09-2026,Mustard,Uttar Pradesh,Oil Seeds,Lalitpur,6800.0,Rs./Quintal,Metric Tonnes,34,,,,,6800.0,up,6200.0,6250.0,5550.0,"{'as_on': '#16a34a', 'one_week_ago': '#16a34a', 'last_five_day': '#16a34a', 'one_month_ago': '#16a34a'}",Lalitpur APMC,7151.98,5600.0,6664.54,7000.0,18-09-2026,9.7,600.0,2026-09-18,,
0.06,18-09-2026,Mustard,Uttar Pradesh,Oil Seeds,Lucknow,12595.33,Rs./Quintal,Metric Tonnes,34,,,,,12595.33,up,6200.0,,,"{'as_on': '#16a34a', 'one_week_ago': '#16a34a', 'last_five_day': '#16a34a', 'one_month_ago': None}",Banthara APMC,7100.0,,15747.08,,18-09-2026,103.2,6395.33,2026-09-18,,
5.49,18-09-2026,Mustard,Uttar Pradesh,Oil Seeds,Mahoba,6400.0,Rs./Quintal,Metric Tonnes,34,,,,,6400.0,up,6200.0,,,"{'as_on': '#16a34a', 'one_week_ago': None, 'last_five_day': '#16a34a', 'one_month_ago': None}",Charkhari APMC,,,6977.01,,18-09-2026,3.2,200.0,2026-09-18,,
4.5,18-09-2026,Mustard,Uttar Pradesh,Oil Seeds,Sambhal,5900.0,Rs./Quintal,Metric Tonnes,34,,,,,5900.0,down,6200.0,,,"{'as_on': '#ef4444', 'one_week_ago': None, 'last_five_day': '#ef4444', 'one_month_ago': None}",Bhehjoi APMC,,,5900.0,,18-09-2026,-4.8,-300.0,2026-09-18,,
23.3,18-09-2026,Mustard,Uttar Pradesh,Oil Seeds,Sitapur,7500.0,Rs./Quintal,Metric Tonnes,34,,,,,7500.0,up,6200.0,6700.0,5560.0,"{'as_on': '#16a34a', 'one_week_ago': '#16a34a', 'last_five_day': '#16a34a', 'one_month_ago': '#16a34a'}",Sitapur APMC,7384.51,5450.0,7090.05,7405.48,18-09-2026,21.0,1300.0,2026-09-18,,
17.75,18-09-2026,Mustard,Uttar Pradesh,Oil Seeds,Sitapur,7261.13,Rs./Quintal,Metric Tonnes,34,,,,,7261.13,up,6200.0,,,"{'as_on': '#16a34a', 'one_week_ago': None, 'last_five_day': '#16a34a', 'one_month_ago': None}",Viswan APMC,,,7217.5,,18-09-2026,17.1,1061.13,2026-09-18,,
0.05,18-09-2026,"Sesamum(Sesame,Gingelly,Til)",Uttar Pradesh,Oil Seeds,Agra,16892.0,Rs./Quintal,Metric Tonnes,34,,,,,16892.0,up,10346.0,,,"{'as_on': '#16a34a', 'one_week_ago': None, 'last_five_day': '#16a34a', 'one_month_ago': None}",Agra APMC,,,16892.0,,18-09-2026,63.3,6546.0,2026-09-18,,
15.3,18-09-2026,"Sesamum(Sesame,Gingelly,Til)",Uttar Pradesh,Oil Seeds,Kanpur,8264.71,Rs./Quintal,Metric Tonnes,34,,,,,8264.71,down,10346.0,,,"{'as_on': '#ef4444', 'one_week_ago': None, 'last_five_day': '#ef4444', 'one_month_ago': None}",Kanpur(Grain) APMC,,,8532.44,,18-09-2026,-20.1,-2081.29,2026-09-18,,
0.05,18-09-2026,"Sesamum(Sesame,Gingelly,Til)",Uttar Pradesh,Oil Seeds,Lucknow,16946.0,Rs./Quintal,Metric Tonnes,34,,,,,16946.0,up,10346.0,,,"{'as_on': '#16a34a', 'one_week_ago': None, 'last_five_day': '#16a34a', 'one_month_ago': None}",Banthara APMC,,,16946.0,,18-09-2026,63.8,6600.0,2026-09-18,,
20.63,18-09-2026,Green Gram(Moong)(Whole),Uttar Pradesh,Pulses,Agra,8792.62,Rs./Quintal,Metric Tonnes,34,,,,,8792.62,up,8780.0,,,"{'as_on': '#16a34a', 'one_week_ago': '#ef4444', 'last_five_day': '#ef4444', 'one_month_ago': '#ef4444'}",Agra APMC,8768.0,,8773.35,8768.0,18-09-2026,0.1,12.62,2026-09-18,,
2.5,18-09-2026,Green Gram(Moong)(Whole),Uttar Pradesh,Pulses,Agra,8768.0,Rs./Quintal,Metric Tonnes,34,,,,,8768.0,down,8780.0,,,"{'as_on': '#ef4444', 'one_week_ago': None, 'last_five_day': '#ef4444', 'one_month_ago': None}",Jagnair APMC,,,8768.0,,18-09-2026,-0.1,-12.0,2026-09-18,,
25.69,18-09-2026,Green Gram(Moong)(Whole),Uttar Pradesh,Pulses,Aligarh,8768.0,Rs./Quintal,Metric Tonnes,34,,,,,8768.0,down,8780.0,,,"{'as_on': '#ef4444', 'one_week_ago': '#ef4444', 'last_five_day': '#ef4444', 'one_month_ago': '#ef4444'}",Charra APMC,8768.0,,8768.0,8768.0,18-09-2026,-0.1,-12.0,2026-09-18,,
2.2,18-09-2026,Green Gram(Moong)(Whole),Uttar Pradesh,Pulses,Badaun,8768.0,Rs./Quintal,Metric Tonnes,34,,,,,8768.0,down,8780.0,,,"{'as_on': '#ef4444', 'one_week_ago': None, 'last_five_day': '#ef4444', 'one_month_ago': '#ef4444'}",Badayoun APMC,,,8768.0,8768.0,18-09-2026,-0.1,-12.0,2026-09-18,,
34.75,18-09-2026,Green Gram(Moong)(Whole),Uttar Pradesh,Pulses,Bulandshahar,8768.0,Rs./Quintal,Metric Tonnes,34,,,,,8768.0,down,8780.0,,,"{'as_on': '#ef4444', 'one_week_ago': None, 'last_five_day': '#ef4444', 'one_month_ago': None}",Buland Shahr APMC,,,8768.0,,18-09-2026,-0.1,-12.0,2026-09-18,,
10.0,18-09-2026,Green Gram(Moong)(Whole),Uttar Pradesh,Pulses,Etah,8768.0,Rs./Quintal,Metric Tonnes,34,,,,,8768.0,down,8780.0,,,"{'as_on': '#ef4444', 'one_week_ago': None, 'last_five_day': '#ef4444', 'one_month_ago': '#ef4444'}",Etah APMC,,7530.0,7010.08,8768.0,18-09-2026,-0.1,-12.0,2026-09-18,,
105.4,18-09-2026,Green Gram(Moong)(Whole),Uttar Pradesh,Pulses,Hamirpur,8768.0,Rs./Quintal,Metric Tonnes,34,,,,,8768.0,down,8780.0,,,"{'as_on': '#ef4444', 'one_week_ago': None, 'last_five_day': '#ef4444', 'one_month_ago': '#ef4444'}",Maudaha APMC,,,8768.0,8768.0,18-09-2026,-0.1,-12.0,2026-09-18,,
43.05,18-09-2026,Green Gram(Moong)(Whole),Uttar Pradesh,Pulses,Hamirpur,8768.0,Rs./Quintal,Metric Tonnes,34,,,,,8768.0,down,8780.0,,,"{'as_on': '#ef4444', 'one_week_ago': None, 'last_five_day': '#ef4444', 'one_month_ago': None}",Muskara APMC,,,8768.0,,18-09-2026,-0.1,-12.0,2026-09-18,,
28.6,18-09-2026,Green Gram(Moong)(Whole),Uttar Pradesh,Pulses,Hathras,8768.0,Rs./Quintal,Metric Tonnes,34,,,,,8768.0,down,8780.0,,,"{'as_on': '#ef4444', 'one_week_ago': None, 'last_five_day': '#ef4444', 'one_month_ago': None}",Sikandraraau APMC,,,8711.33,,18-09-2026,-0.1,-12.0,2026-09-18,,
12.05,18-09-2026,Green Gram(Moong)(Whole),Uttar Pradesh,Pulses,Jalaun (Orai),8768.0,Rs./Quintal,Metric Tonnes,34,,,,,8768.0,down,8780.0,,,"{'as_on': '#ef4444', 'one_week_ago': None, 'last_five_day': '#ef4444', 'one_month_ago': '#16a34a'}",Jalaun APMC,,,8768.0,8780.0,18-09-2026,-0.1,-12.0,2026-09-18,,
0.5,18-09-2026,Green Gram(Moong)(Whole),Uttar Pradesh,Pulses,Jalaun (Orai),8768.0,Rs./Quintal,Metric Tonnes,34,,,,,8768.0,down,8780.0,,,"{'as_on': '#ef4444', 'one_week_ago': '#ef4444', 'last_five_day': '#ef4444', 'one_month_ago': '#ef4444'}",Konch APMC,8768.0,,8768.0,8768.0,18-09-2026,-0.1,-12.0,2026-09-18,,
10.85,18-09-2026,Green Gram(Moong)(Whole),Uttar Pradesh,Pulses,Jalaun (Orai),8768.0,Rs./Quintal,Metric Tonnes,34,,,,,8768.0,down,8780.0,,,"{'as_on': '#ef4444', 'one_week_ago': None, 'last_five_day': '#ef4444', 'one_month_ago': None}",Madhogarh APMC,,,8768.0,,18-09-2026,-0.1,-12.0,2026-09-18,,
19.1,18-09-2026,Green Gram(Moong)(Whole),Uttar Pradesh,Pulses,Jalaun (Orai),8768.0,Rs./Quintal,Metric Tonnes,34,,,,,8768.0,down,8780.0,,,"{'as_on': '#ef4444', 'one_week_ago': '#ef4444', 'last_five_day': '#ef4444', 'one_month_ago': '#ef4444'}",Orai APMC,8768.0,,8699.56,8402.0,18-09-2026,-0.1,-12.0,2026-09-18,,
5.8,18-09-2026,Green Gram(Moong)(Whole),Uttar Pradesh,Pulses,Kanpur Dehat,8768.0,Rs./Quintal,Metric Tonnes,34,,,,,8768.0,down,8780.0,,,"{'as_on': '#ef4444', 'one_week_ago': '#ef4444', 'last_five_day': '#ef4444', 'one_month_ago': '#ef4444'}",Jhijhank APMC,7300.0,,8165.39,8111.96,18-09-2026,-0.1,-12.0,2026-09-18,,
40.0,18-09-2026,Green Gram(Moong)(Whole),Uttar Pradesh,Pulses,Lalitpur,7085.83,Rs./Quintal,Metric Tonnes,34,,,,,7085.83,down,8780.0,7100.0,7900.0,"{'as_on': '#ef4444', 'one_week_ago': '#ef4444', 'last_five_day': '#ef4444', 'one_month_ago': '#ef4444'}",Lalitpur APMC,6674.79,7800.0,6927.32,7125.12,18-09-2026,-19.3,-1694.17,2026-09-18,,
0.57,18-09-2026,Green Gram(Moong)(Whole),Uttar Pradesh,Pulses,Lucknow,9455.04,Rs./Quintal,Metric Tonnes,34,,,,,9455.04,up,8780.0,,,"{'as_on': '#16a34a', 'one_week_ago': None, 'last_five_day': '#16a34a', 'one_month_ago': None}",Banthara APMC,,,11213.19,,18-09-2026,7.7,675.04,2026-09-18,,
96.35,18-09-2026,Green Gram(Moong)(Whole),Uttar Pradesh,Pulses,Prayagraj,8768.0,Rs./Quintal,Metric Tonnes,34,,,,,8768.0,down,8780.0,,,"{'as_on': '#ef4444', 'one_week_ago': '#ef4444', 'last_five_day': '#ef4444', 'one_month_ago': '#ef4444'}",Prayagraj APMC,6800.0,,8768.0,8768.0,18-09-2026,-0.1,-12.0,2026-09-18,,
19.0,18-09-2026,Onion,Uttar Pradesh,Vegetables,Aligarh,4000.0,Rs./Quintal,Metric Tonnes,34,,,,,4000.0,,,1420.0,3700.0,"{'as_on': None, 'one_week_ago': None, 'last_five_day': None, 'one_month_ago': None}",Aligarh APMC,3937.7,1880.0,3380.48,1806.96,18-09-2026,,,2026-09-18,,
5.1,18-09-2026,Onion,Uttar Pradesh,Vegetables,Auraiya,4000.0,Rs./Quintal,Metric Tonnes,34,,,,,4000.0,,,1420.0,3700.0,"{'as_on': None, 'one_week_ago': None, 'last_five_day': None, 'one_month_ago': None}",Auraiya APMC,,2050.0,4000.0,2500.0,18-09-2026,,,2026-09-18,,
30.0,18-09-2026,Onion,Uttar Pradesh,Vegetables,Ayodhya,2500.0,Rs./Quintal,Metric Tonnes,34,,,,,2500.0,,,1400.0,3640.0,"{'as_on': None, 'one_week_ago': None, 'last_five_day': None, 'one_month_ago': None}",Ayodhya APMC,2900.0,2080.0,2713.14,1533.12,18-09-2026,,,2026-09-18,,
0.1,18-09-2026,Onion,Uttar Pradesh,Vegetables,Baghpat,3800.0,Rs./Quintal,Metric Tonnes,34,,,,,3800.0,,,1200.0,,"{'as_on': None, 'one_week_ago': None, 'last_five_day': None, 'one_month_ago': None}",Khekda APMC,3000.0,,3466.67,2100.0,18-09-2026,,,2026-09-18,,
15.8,18-09-2026,Onion,Uttar Pradesh,Vegetables,Bahraich,2500.0,Rs./Quintal,Metric Tonnes,34,,,,,2500.0,,,1410.0,3730.0,"{'as_on': None, 'one_week_ago': None, 'last_five_day': None, 'one_month_ago': None}",Bahraich APMC,,2070.0,2500.0,,18-09-2026,,,2026-09-18,,
14.4,18-09-2026,Onion,Uttar Pradesh,Vegetables,Bareilly,2800.0,Rs./Quintal,Metric Tonnes,34,,,,,2800.0,,,,3200.0,"{'as_on': None, 'one_week_ago': None, 'last_five_day': None, 'one_month_ago': None}",Anwala APMC,,1700.0,2800.0,1500.0,18-09-2026,,,2026-09-18,,
123.8,18-09-2026,Onion,Uttar Pradesh,Vegetables,Bijnor,2560.42,Rs./Quintal,Metric Tonnes,34,,,,,2560.42,,,,2200.0,"{'as_on': None, 'one_week_ago': None, 'last_five_day': None, 'one_month_ago': None}",Najibabad APMC,2500.0,,2347.22,,18-09-2026,,,2026-09-18,,
1.0,18-09-2026,Onion,Uttar Pradesh,Vegetables,Bulandshahar,2800.0,Rs./Quintal,Metric Tonnes,34,,,,,2800.0,,,1420.0,3785.0,"{'as_on': None, 'one_week_ago': None, 'last_five_day': None, 'one_month_ago': None}",Buland Shahr APMC,,1710.0,2869.19,1416.02,18-09-2026,,,2026-09-18,,
1.0,18-09-2026,Onion,Uttar Pradesh,Vegetables,Etawah,3500.0,Rs./Quintal,Metric Tonnes,34,,,,,3500.0,,,1470.0,3575.0,"{'as_on': None, 'one_week_ago': None, 'last_five_day': None, 'one_month_ago': None}",Jasvantnagar APMC,,2050.0,3500.0,1537.5,18-09-2026,,,2026-09-18,,
592.8,18-09-2026,Onion,Uttar Pradesh,Vegetables,Ghaziabad,4031.84,Rs./Quintal,Metric Tonnes,34,,,,,4031.84,,,1292.5,3790.0,"{'as_on': None, 'one_week_ago': None, 'last_five_day': None, 'one_month_ago': None}",Ghaziabad APMC,4035.44,2100.0,4039.4,,18-09-2026,,,2026-09-18,,
17.0,18-09-2026,Onion,Uttar Pradesh,Vegetables,Ghaziabad,4000.0,Rs./Quintal,Metric Tonnes,34,,,,,4000.0,,,1420.0,3785.0,"{'as_on': None, 'one_week_ago': None, 'last_five_day': None, 'one_month_ago': None}",Noida APMC,4000.0,1875.0,4030.28,2200.0,18-09-2026,,,2026-09-18,,
25.0,18-09-2026,Onion,Uttar Pradesh,Vegetables,Ghazipur,3500.0,Rs./Quintal,Metric Tonnes,34,,,,,3500.0,,,1200.0,,"{'as_on': None, 'one_week_ago': None, 'last_five_day': None, 'one_month_ago': None}",Jangipura APMC,,,3565.12,,18-09-2026,,,2026-09-18,,
25.0,18-09-2026,Onion,Uttar Pradesh,Vegetables,Hardoi,2300.0,Rs./Quintal,Metric Tonnes,34,,,,,2300.0,,,1405.0,3740.0,"{'as_on': None, 'one_week_ago': None, 'last_five_day': None, 'one_month_ago': None}",Hardoi APMC,,1910.0,2368.16,,18-09-2026,,,2026-09-18,,
13.6,18-09-2026,Onion,Uttar Pradesh,Vegetables,Hardoi,2500.0,Rs./Quintal,Metric Tonnes,34,,,,,2500.0,,,1420.0,,"{'as_on': None, 'one_week_ago': None, 'last_five_day': None, 'one_month_ago': None}",Shahabad(New Mandi) APMC,2500.0,1720.0,2500.0,,18-09-2026,,,2026-09-18,,
22.0,18-09-2026,Onion,Uttar Pradesh,Vegetables,Hathras,3000.0,Rs./Quintal,Metric Tonnes,34,,,,,3000.0,,,,3600.0,"{'as_on': None, 'one_week_ago': None, 'last_five_day': None, 'one_month_ago': None}",Haathras APMC,,,3006.35,,18-09-2026,,,2026-09-18,,
30.0,18-09-2026,Onion,Uttar Pradesh,Vegetables,Jaunpur,3500.0,Rs./Quintal,Metric Tonnes,34,,,,,3500.0,,,1365.0,3800.0,"{'as_on': None, 'one_week_ago': None, 'last_five_day': None, 'one_month_ago': None}",Jaunpur APMC,3800.0,2225.0,3637.94,2663.49,18-09-2026,,,2026-09-18,,
13.0,18-09-2026,Onion,Uttar Pradesh,Vegetables,Jhansi,2215.38,Rs./Quintal,Metric Tonnes,34,,,,,2215.38,,,1320.0,,"{'as_on': None, 'one_week_ago': None, 'last_five_day': None, 'one_month_ago': None}",Jhansi APMC,2200.0,1810.0,2225.0,2257.14,18-09-2026,,,2026-09-18,,
165.4,18-09-2026,Onion,Uttar Pradesh,Vegetables,Kanpur,3500.0,Rs./Quintal,Metric Tonnes,34,,,,,3500.0,,,1450.0,3560.0,"{'as_on': None, 'one_week_ago': None, 'last_five_day': None, 'one_month_ago': None}",Kanpur(Grain) APMC,3516.32,2000.0,3500.0,2200.0,18-09-2026,,,2026-09-18,,
6.0,18-09-2026,Onion,Uttar Pradesh,Vegetables,Kasganj,1900.0,Rs./Quintal,Metric Tonnes,34,,,,,1900.0,,,1380.0,3660.0,"{'as_on': None, 'one_week_ago': None, 'last_five_day': None, 'one_month_ago': None}",Kasganj APMC,1900.0,,1900.0,,18-09-2026,,,2026-09-18,,
61.1,18-09-2026,Onion,Uttar Pradesh,Vegetables,Lakhimpur,2959.74,Rs./Quintal,Metric Tonnes,34,,,,,2959.74,,,1530.0,3760.0,"{'as_on': None, 'one_week_ago': None, 'last_five_day': None, 'one_month_ago': None}",Lakhimpur APMC,2900.0,2040.0,2933.66,1654.94,18-09-2026,,,2026-09-18,,
10.0,18-09-2026,Onion,Uttar Pradesh,Vegetables,Lucknow,3500.0,Rs./Quintal,Metric Tonnes,34,,,,,3500.0,,,1420.0,3690.0,"{'as_on': None, 'one_week_ago': None, 'last_five_day': None, 'one_month_ago': None}",Lucknow APMC,5176.83,1880.0,3500.0,4071.94,18-09-2026,,,2026-09-18,,
15.0,18-09-2026,Onion,Uttar Pradesh,Vegetables,Maharajganj,2500.0,Rs./Quintal,Metric Tonnes,34,,,,,2500.0,,,1420.0,3825.0,"{'as_on': None, 'one_week_ago': None, 'last_five_day': None, 'one_month_ago': None}",Partaval APMC,,2100.0,2500.0,,18-09-2026,,,2026-09-18,,
2.0,18-09-2026,Onion,Uttar Pradesh,Vegetables,Mathura,1500.0,Rs./Quintal,Metric Tonnes,34,,,,,1500.0,,,1345.0,3700.0,"{'as_on': None, 'one_week_ago': None, 'last_five_day': None, 'one_month_ago': None}",Kosikalan APMC,1900.0,,1851.85,1922.22,18-09-2026,,,2026-09-18,,
0.4,18-09-2026,Onion,Uttar Pradesh,Vegetables,Mathura,4000.0,Rs./Quintal,Metric Tonnes,34,,,,,4000.0,,,1350.0,3700.0,"{'as_on': None, 'one_week_ago': None, 'last_five_day': None, 'one_month_ago': None}",Mathura APMC,3402.58,1950.0,3401.88,2426.41,18-09-2026,,,2026-09-18,,
30.1,18-09-2026,Onion,Uttar Pradesh,Vegetables,Pillibhit,2200.0,Rs./Quintal,Metric Tonnes,34,,,,,2200.0,,,,3570.0,"{'as_on': None, 'one_week_ago': None, 'last_five_day': None, 'one_month_ago': None}",Bishalpur APMC,2211.41,1800.0,2209.98,1500.0,18-09-2026,,,2026-09-18,,
29.0,18-09-2026,Onion,Uttar Pradesh,Vegetables,Raebarelli,2500.0,Rs./Quintal,Metric Tonnes,34,,,,,2500.0,,,1420.0,3700.0,"{'as_on': None, 'one_week_ago': None, 'last_five_day': None, 'one_month_ago': None}",Jayas APMC,,2120.0,2500.0,,18-09-2026,,,2026-09-18,,
117.8,18-09-2026,Onion,Uttar Pradesh,Vegetables,Rampur,2500.0,Rs./Quintal,Metric Tonnes,34,,,,,2500.0,,,1400.0,3740.0,"{'as_on': None, 'one_week_ago': None, 'last_five_day': None, 'one_month_ago': None}",Rampur APMC,2500.0,1830.0,2536.27,,18-09-2026,,,2026-09-18,,
0.3,18-09-2026,Onion,Uttar Pradesh,Vegetables,Saharanpur,3000.0,Rs./Quintal,Metric Tonnes,34,,,,,3000.0,,,,1800.0,"{'as_on': None, 'one_week_ago': None, 'last_five_day': None, 'one_month_ago': None}",CHHUTMALPUR APMC,,1950.0,3000.0,,18-09-2026,,,2026-09-18,,
1.4,18-09-2026,Onion,Uttar Pradesh,Vegetables,Saharanpur,2500.0,Rs./Quintal,Metric Tonnes,34,,,,,2500.0,,,,2500.0,"{'as_on': None, 'one_week_ago': None, 'last_five_day': None, 'one_month_ago': None}",Rampurmaniharan APMC,2500.0,,2488.89,2260.0,18-09-2026,,,2026-09-18,,
1.6,18-09-2026,Onion,Uttar Pradesh,Vegetables,Saharanpur,3500.0,Rs./Quintal,Metric Tonnes,34,,,,,3500.0,,,1225.0,4000.0,"{'as_on': None, 'one_week_ago': None, 'last_five_day': None, 'one_month_ago': None}",Saharanpur APMC,3500.0,1750.0,3601.36,2017.43,18-09-2026,,,2026-09-18,,
140.0,18-09-2026,Onion,Uttar Pradesh,Vegetables,Sambhal,2500.0,Rs./Quintal,Metric Tonnes,34,,,,,2500.0,,,1400.0,3720.0,"{'as_on': None, 'one_week_ago': None, 'last_five_day': None, 'one_month_ago': None}",Muradabad APMC,2504.51,1825.0,2501.85,1500.0,18-09-2026,,,2026-09-18,,
15.0,18-09-2026,Onion,Uttar Pradesh,Vegetables,Shahjahanpur,3500.0,Rs./Quintal,Metric Tonnes,34,,,,,3500.0,,,,3500.0,"{'as_on': None, 'one_week_ago': None, 'last_five_day': None, 'one_month_ago': None}",Shahjahanpur APMC,,1855.0,3510.0,,18-09-2026,,,2026-09-18,,
1.2,18-09-2026,Onion,Uttar Pradesh,Vegetables,Shamli,2500.0,Rs./Quintal,Metric Tonnes,34,,,,,2500.0,,,1250.0,1950.0,"{'as_on': None, 'one_week_ago': None, 'last_five_day': None, 'one_month_ago': None}",Kairana APMC,3200.0,,2878.79,857.14,18-09-2026,,,2026-09-18,,
1.8,18-09-2026,Onion,Uttar Pradesh,Vegetables,Shamli,4638.89,Rs./Quintal,Metric Tonnes,34,,,,,4638.89,,,1355.0,3970.0,"{'as_on': None, 'one_week_ago': None, 'last_five_day': None, 'one_month_ago': None}",Shamli APMC,4600.0,1770.0,4673.91,3066.67,18-09-2026,,,2026-09-18,,
15.5,18-09-2026,Onion,Uttar Pradesh,Vegetables,Shamli,2300.0,Rs./Quintal,Metric Tonnes,34,,,,,2300.0,,,1100.0,3500.0,"{'as_on': None, 'one_week_ago': None, 'last_five_day': None, 'one_month_ago': None}",Thanabhawan APMC,2300.0,,2300.0,,18-09-2026,,,2026-09-18,,
1.0,18-09-2026,Onion,Uttar Pradesh,Vegetables,Sonbhadra,4000.0,Rs./Quintal,Metric Tonnes,34,,,,,4000.0,,,1455.0,,"{'as_on': None, 'one_week_ago': None, 'last_five_day': None, 'one_month_ago': None}",Robertsganj APMC,,2245.0,4025.51,2000.0,18-09-2026,,,2026-09-18,,
23.81,18-09-2026,Onion,Uttar Pradesh,Vegetables,Varanasi,3578.75,Rs./Quintal,Metric Tonnes,34,,,,,3578.75,,,,,"{'as_on': None, 'one_week_ago': None, 'last_five_day': None, 'one_month_ago': None}",Varanasi APMC,3607.75,,3548.19,2000.0,18-09-2026,,,2026-09-18,,
535.1,18-09-2026,Potato,Uttar Pradesh,Vegetables,Agra,602.15,Rs./Quintal,Metric Tonnes,34,,,,,602.15,,,1070.0,2080.0,"{'as_on': None, 'one_week_ago': None, 'last_five_day': None, 'one_month_ago': None}",Agra APMC,556.6,950.0,569.25,500.0,18-09-2026,,,2026-09-18,,
65.0,18-09-2026,Potato,Uttar Pradesh,Vegetables,Agra,500.0,Rs./Quintal,Metric Tonnes,34,,,,,500.0,,,1000.0,,"{'as_on': None, 'one_week_ago': None, 'last_five_day': None, 'one_month_ago': None}",Fatehabad APMC,413.2,950.0,472.89,500.0,18-09-2026,,,2026-09-18,,
24.58,18-09-2026,Potato,Uttar Pradesh,Vegetables,Agra,800.0,Rs./Quintal,Metric Tonnes,34,,,,,800.0,,,,,"{'as_on': None, 'one_week_ago': None, 'last_five_day': None, 'one_month_ago': None}",Jagnair APMC,,850.0,800.0,,18-09-2026,,,2026-09-18,,
18.0,18-09-2026,Potato,Uttar Pradesh,Vegetables,Agra,500.0,Rs./Quintal,Metric Tonnes,34,,,,,500.0,,,,,"{'as_on': None, 'one_week_ago': None, 'last_five_day': None, 'one_month_ago': None}",Jarar APMC,500.0,,500.0,,18-09-2026,,,2026-09-18,,
0.5,18-09-2026,Potato,Uttar Pradesh,Vegetables,Agra,500.0,Rs./Quintal,Metric Tonnes,34,,,,,500.0,,,,1700.0,"{'as_on': None, 'one_week_ago': None, 'last_five_day': None, 'one_month_ago': None}",Khairagarh APMC,550.0,,516.96,527.78,18-09-2026,,,2026-09-18,,
70.0,18-09-2026,Potato,Uttar Pradesh,Vegetables,Agra,500.0,Rs./Quintal,Metric Tonnes,34,,,,,500.0,,,800.0,1700.0,"{'as_on': None, 'one_week_ago': None, 'last_five_day': None, 'one_month_ago': None}",Samsabad APMC,577.08,800.0,494.96,500.0,18-09-2026,,,2026-09-18,,
47.0,18-09-2026,Potato,Uttar Pradesh,Vegetables,Aligarh,500.0,Rs./Quintal,Metric Tonnes,34,,,,,500.0,,,1180.0,2200.0,"{'as_on': None, 'one_week_ago': None, 'last_five_day': None, 'one_month_ago': None}",Aligarh APMC,500.0,1030.0,500.0,500.0,18-09-2026,,,2026-09-18,,
82.0,18-09-2026,Potato,Uttar Pradesh,Vegetables,Aligarh,500.0,Rs./Quintal,Metric Tonnes,34,,,,,500.0,,,850.0,1700.0,"{'as_on': None, 'one_week_ago': None, 'last_five_day': None, 'one_month_ago': None}",Khair APMC,500.0,1060.0,500.0,500.0,18-09-2026,,,2026-09-18,,
49.64,18-09-2026,Potato,Uttar Pradesh,Vegetables,Amroha,800.0,Rs./Quintal,Metric Tonnes,34,,,,,800.0,,,,2000.0,"{'as_on': None, 'one_week_ago': None, 'last_five_day': None, 'one_month_ago': None}",Dhanaura APMC,800.0,900.0,800.0,,18-09-2026,,,2026-09-18,,
48.7,18-09-2026,Potato,Uttar Pradesh,Vegetables,Auraiya,630.8,Rs./Quintal,Metric Tonnes,34,,,,,630.8,,,1010.0,1985.0,"{'as_on': None, 'one_week_ago': None, 'last_five_day': None, 'one_month_ago': None}",Auraiya APMC,539.02,1030.0,546.29,523.32,18-09-2026,,,2026-09-18,,
100.0,18-09-2026,Potato,Uttar Pradesh,Vegetables,Badaun,590.0,Rs./Quintal,Metric Tonnes,34,,,,,590.0,,,690.0,,"{'as_on': None, 'one_week_ago': None, 'last_five_day': None, 'one_month_ago': None}",Babrala APMC,590.97,,590.86,592.57,18-09-2026,,,2026-09-18,,
64.5,18-09-2026,Potato,Uttar Pradesh,Vegetables,Badaun,550.0,Rs./Quintal,Metric Tonnes,34,,,,,550.0,,,,,"{'as_on': None, 'one_week_ago': None, 'last_five_day': None, 'one_month_ago': None}",Bilsi APMC,550.0,,550.0,700.0,18-09-2026,,,2026-09-18,,
337.8,18-09-2026,Potato,Uttar Pradesh,Vegetables,Badaun,600.0,Rs./Quintal,Metric Tonnes,34,,,,,600.0,,,700.0,1700.0,"{'as_on': None, 'one_week_ago': None, 'last_five_day': None, 'one_month_ago': None}",Bisoli APMC,600.0,800.0,600.13,600.0,18-09-2026,,,2026-09-18,,
627.0,18-09-2026,Potato,Uttar Pradesh,Vegetables,Badaun,454.31,Rs./Quintal,Metric Tonnes,34,,,,,454.31,,,,,"{'as_on': None, 'one_week_ago': None, 'last_five_day': None, 'one_month_ago': None}",Islam Nagar APMC,500.0,,466.7,423.97,18-09-2026,,,2026-09-18,,
18.8,18-09-2026,Potato,Uttar Pradesh,Vegetables,Badaun,550.0,Rs./Quintal,Metric Tonnes,34,,,,,550.0,,,,,"{'as_on': None, 'one_week_ago': None, 'last_five_day': None, 'one_month_ago': None}",Ujhani APMC,550.0,1180.0,556.11,550.0,18-09-2026,,,2026-09-18,,
185.1,18-09-2026,Potato,Uttar Pradesh,Vegetables,Badaun,600.0,Rs./Quintal,Metric Tonnes,34,,,,,600.0,,,840.0,2050.0,"{'as_on': None, 'one_week_ago': None, 'last_five_day': None, 'one_month_ago': None}",Wazirganj APMC,600.0,,600.0,600.0,18-09-2026,,,2026-09-18,,
1.4,18-09-2026,Potato,Uttar Pradesh,Vegetables,Baghpat,914.29,Rs./Quintal,Metric Tonnes,34,,,,,914.29,,,1100.0,,"{'as_on': None, 'one_week_ago': None, 'last_five_day': None, 'one_month_ago': None}",Khekda APMC,921.74,,985.37,960.0,18-09-2026,,,2026-09-18,,
539.9,18-09-2026,Potato,Uttar Pradesh,Vegetables,Barabanki,600.74,Rs./Quintal,Metric Tonnes,34,,,,,600.74,,,1080.0,2220.0,"{'as_on': None, 'one_week_ago': None, 'last_five_day': None, 'one_month_ago': None}",Barabanki APMC,605.31,1210.0,603.99,603.23,18-09-2026,,,2026-09-18,,
30.0,18-09-2026,Potato,Uttar Pradesh,Vegetables,Barabanki,580.0,Rs./Quintal,Metric Tonnes,34,,,,,580.0,,,,2250.0,"{'as_on': None, 'one_week_ago': None, 'last_five_day': None, 'one_month_ago': None}",Safdarganj APMC,580.0,1150.0,580.0,580.0,18-09-2026,,,2026-09-18,,
32.6,18-09-2026,Potato,Uttar Pradesh,Vegetables,Bareilly,600.0,Rs./Quintal,Metric Tonnes,34,,,,,600.0,,,,1900.0,"{'as_on': None, 'one_week_ago': None, 'last_five_day': None, 'one_month_ago': None}",Anwala APMC,600.0,900.0,600.0,600.0,18-09-2026,,,2026-09-18,,
401.0,18-09-2026,Potato,Uttar Pradesh,Vegetables,Bareilly,500.0,Rs./Quintal,Metric Tonnes,34,,,,,500.0,,,950.0,2010.0,"{'as_on': None, 'one_week_ago': None, 'last_five_day': None, 'one_month_ago': None}",Bareilly APMC,500.0,1145.0,500.0,500.02,18-09-2026,,,2026-09-18,,
2.7,18-09-2026,Potato,Uttar Pradesh,Vegetables,Bulandshahar,800.0,Rs./Quintal,Metric Tonnes,34,,,,,800.0,,,1150.0,2250.0,"{'as_on': None, 'one_week_ago': None, 'last_five_day': None, 'one_month_ago': None}",Buland Shahr APMC,800.0,1075.0,800.0,800.0,18-09-2026,,,2026-09-18,,
0.8,18-09-2026,Potato,Uttar Pradesh,Vegetables,Bulandshahar,700.0,Rs./Quintal,Metric Tonnes,34,,,,,700.0,,,1155.0,,"{'as_on': None, 'one_week_ago': None, 'last_five_day': None, 'one_month_ago': None}",Khurja APMC,700.0,1070.0,700.0,,18-09-2026,,,2026-09-18,,
3.0,18-09-2026,Potato,Uttar Pradesh,Vegetables,Bulandshahar,700.0,Rs./Quintal,Metric Tonnes,34,,,,,700.0,,,,,"{'as_on': None, 'one_week_ago': None, 'last_five_day': None, 'one_month_ago': None}",Sikanderabad APMC,788.57,900.0,768.06,800.0,18-09-2026,,,2026-09-18,,
32.63,18-09-2026,Potato,Uttar Pradesh,Vegetables,Bulandshahar,900.0,Rs./Quintal,Metric Tonnes,34,,,,,900.0,,,,1950.0,"{'as_on': None, 'one_week_ago': None, 'last_five_day': None, 'one_month_ago': None}",Siyana APMC,,960.0,900.0,,18-09-2026,,,2026-09-18,,
1.5,18-09-2026,Potato,Uttar Pradesh,Vegetables,Etah,500.0,Rs./Quintal,Metric Tonnes,34,,,,,500.0,,,,,"{'as_on': None, 'one_week_ago': None, 'last_five_day': None, 'one_month_ago': None}",Awagarh APMC,500.0,,500.0,500.0,18-09-2026,,,2026-09-18,,
36.5,18-09-2026,Potato,Uttar Pradesh,Vegetables,Etah,600.0,Rs./Quintal,Metric Tonnes,34,,,,,600.0,,,1125.0,2080.0,"{'as_on': None, 'one_week_ago': None, 'last_five_day': None, 'one_month_ago': None}",Etah APMC,600.0,985.0,600.0,689.36,18-09-2026,,,2026-09-18,,
92.0,18-09-2026,Potato,Uttar Pradesh,Vegetables,Etawah,500.0,Rs./Quintal,Metric Tonnes,34,,,,,500.0,,,980.0,1980.0,"{'as_on': None, 'one_week_ago': None, 'last_five_day': None, 'one_month_ago': None}",Bharthna APMC,500.0,1000.0,501.62,500.0,18-09-2026,,,2026-09-18,,
413.8,18-09-2026,Potato,Uttar Pradesh,Vegetables,Etawah,503.38,Rs./Quintal,Metric Tonnes,34,,,,,503.38,,,985.0,1985.0,"{'as_on': None, 'one_week_ago': None, 'last_five_day': None, 'one_month_ago': None}",Etawah APMC,500.56,1000.0,502.19,505.18,18-09-2026,,,2026-09-18,,
165.11,18-09-2026,Potato,Uttar Pradesh,Vegetables,Etawah,500.0,Rs./Quintal,Metric Tonnes,34,,,,,500.0,,,1000.0,2000.0,"{'as_on': None, 'one_week_ago': None, 'last_five_day': None, 'one_month_ago': None}",Jasvantnagar APMC,508.12,1000.0,501.85,519.4,18-09-2026,,,2026-09-18,,
405.0,18-09-2026,Potato,Uttar Pradesh,Vegetables,Farukhabad,500.0,Rs./Quintal,Metric Tonnes,34,,,,,500.0,,,890.0,1900.0,"{'as_on': None, 'one_week_ago': None, 'last_five_day': None, 'one_month_ago': None}",Farukhabad APMC,562.51,870.0,532.02,527.81,18-09-2026,,,2026-09-18,,
51.0,18-09-2026,Potato,Uttar Pradesh,Vegetables,Farukhabad,500.0,Rs./Quintal,Metric Tonnes,34,,,,,500.0,,,900.0,1980.0,"{'as_on': None, 'one_week_ago': None, 'last_five_day': None, 'one_month_ago': None}",Mohamadabad APMC,550.0,865.0,432.17,600.0,18-09-2026,,,2026-09-18,,
41.92,18-09-2026,Potato,Uttar Pradesh,Vegetables,Fatehpur,702.41,Rs./Quintal,Metric Tonnes,34,,,,,702.41,,,925.0,2080.0,"{'as_on': None, 'one_week_ago': None, 'last_five_day': None, 'one_month_ago': None}",Fatehpur APMC,700.96,1000.0,701.53,811.67,18-09-2026,,,2026-09-18,,
76.0,18-09-2026,Potato,Uttar Pradesh,Vegetables,Firozabad,500.0,Rs./Quintal,Metric Tonnes,34,,,,,500.0,,,1080.0,2115.0,"{'as_on': None, 'one_week_ago': None, 'last_five_day': None, 'one_month_ago': None}",Firozabad APMC,455.38,985.0,490.82,500.0,18-09-2026,,,2026-09-18,,
340.8,18-09-2026,Potato,Uttar Pradesh,Vegetables,Firozabad,500.0,Rs./Quintal,Metric Tonnes,34,,,,,500.0,,,800.0,,"{'as_on': None, 'one_week_ago': None, 'last_five_day': None, 'one_month_ago': None}",Shikohabad APMC,500.0,800.0,500.0,500.0,18-09-2026,,,2026-09-18,,
669.4,18-09-2026,Potato,Uttar Pradesh,Vegetables,Firozabad,500.0,Rs./Quintal,Metric Tonnes,34,,,,,500.0,,,1100.0,,"{'as_on': None, 'one_week_ago': None, 'last_five_day': None, 'one_month_ago': None}",Sirsaganj APMC,500.0,,500.0,500.0,18-09-2026,,,2026-09-18,,
617.4,18-09-2026,Potato,Uttar Pradesh,Vegetables,Firozabad,500.0,Rs./Quintal,Metric Tonnes,34,,,,,500.0,,,1085.0,2075.0,"{'as_on': None, 'one_week_ago': None, 'last_five_day': None, 'one_month_ago': None}",Tundla APMC,500.0,1000.0,500.05,500.0,18-09-2026,,,2026-09-18,,
92.0,18-09-2026,Potato,Uttar Pradesh,Vegetables,Ghaziabad,1002.17,Rs./Quintal,Metric Tonnes,34,,,,,1002.17,,,965.0,2250.0,"{'as_on': None, 'one_week_ago': None, 'last_five_day': None, 'one_month_ago': None}",Ghaziabad APMC,1005.86,1300.0,1010.0,1000.0,18-09-2026,,,2026-09-18,,
167.54,18-09-2026,Potato,Uttar Pradesh,Vegetables,Ghaziabad,600.0,Rs./Quintal,Metric Tonnes,34,,,,,600.0,,,,2150.0,"{'as_on': None, 'one_week_ago': None, 'last_five_day': None, 'one_month_ago': None}",Hapur APMC,1803.16,1060.0,625.97,559.3,18-09-2026,,,2026-09-18,,
30.0,18-09-2026,Potato,Uttar Pradesh,Vegetables,Hardoi,600.0,Rs./Quintal,Metric Tonnes,34,,,,,600.0,,,1110.0,2120.0,"{'as_on': None, 'one_week_ago': None, 'last_five_day': None, 'one_month_ago': None}",Madhoganj APMC,600.0,1160.0,600.0,530.71,18-09-2026,,,2026-09-18,,
34.3,18-09-2026,Potato,Uttar Pradesh,Vegetables,Hardoi,1100.0,Rs./Quintal,Metric Tonnes,34,,,,,1100.0,,,1120.0,2130.0,"{'as_on': None, 'one_week_ago': None, 'last_five_day': None, 'one_month_ago': None}",Sandila APMC,,1150.0,952.86,,18-09-2026,,,2026-09-18,,
50.0,18-09-2026,Potato,Uttar Pradesh,Vegetables,Hardoi,550.0,Rs./Quintal,Metric Tonnes,34,,,,,550.0,,,1120.0,,"{'as_on': None, 'one_week_ago': None, 'last_five_day': None, 'one_month_ago': None}",Shahabad(New Mandi) APMC,550.0,1160.0,550.09,550.0,18-09-2026,,,2026-09-18,,
408.9,18-09-2026,Potato,Uttar Pradesh,Vegetables,Hathras,536.54,Rs./Quintal,Metric Tonnes,34,,,,,536.54,,,,2150.0,"{'as_on': None, 'one_week_ago': None, 'last_five_day': None, 'one_month_ago': None}",Haathras APMC,520.25,,537.58,529.25,18-09-2026,,,2026-09-18,,
670.7,18-09-2026,Potato,Uttar Pradesh,Vegetables,Hathras,500.0,Rs./Quintal,Metric Tonnes,34,,,,,500.0,,,750.0,1550.0,"{'as_on': None, 'one_week_ago': None, 'last_five_day': None, 'one_month_ago': None}",Shadabad APMC,500.0,800.0,500.96,500.0,18-09-2026,,,2026-09-18,,
13.5,18-09-2026,Potato,Uttar Pradesh,Vegetables,Hathras,500.0,Rs./Quintal,Metric Tonnes,34,,,,,500.0,,,,,"{'as_on': None, 'one_week_ago': None, 'last_five_day': None, 'one_month_ago': None}",Sikandraraau APMC,500.0,,489.24,500.0,18-09-2026,,,2026-09-18,,
30.0,18-09-2026,Potato,Uttar Pradesh,Vegetables,Jhansi,1000.0,Rs./Quintal,Metric Tonnes,34,,,,,1000.0,,,1140.0,,"{'as_on': None, 'one_week_ago': None, 'last_five_day': None, 'one_month_ago': None}",Jhansi APMC,1000.0,1250.0,1080.9,1000.0,18-09-2026,,,2026-09-18,,
208.0,18-09-2026,Potato,Uttar Pradesh,Vegetables,Kannuj,506.49,Rs./Quintal,Metric Tonnes,34,,,,,506.49,,,920.0,1980.0,"{'as_on': None, 'one_week_ago': None, 'last_five_day': None, 'one_month_ago': None}",Chhibramau APMC,550.0,890.0,518.87,600.0,18-09-2026,,,2026-09-18,,
266.0,18-09-2026,Potato,Uttar Pradesh,Vegetables,Kannuj,550.0,Rs./Quintal,Metric Tonnes,34,,,,,550.0,,,930.0,1980.0,"{'as_on': None, 'one_week_ago': None, 'last_five_day': None, 'one_month_ago': None}",Kannauj APMC,576.96,900.0,570.0,612.18,18-09-2026,,,2026-09-18,,
72.0,18-09-2026,Potato,Uttar Pradesh,Vegetables,Kanpur,550.0,Rs./Quintal,Metric Tonnes,34,,,,,550.0,,,985.0,1975.0,"{'as_on': None, 'one_week_ago': None, 'last_five_day': None, 'one_month_ago': None}",Choubepur APMC,550.0,,550.0,600.0,18-09-2026,,,2026-09-18,,
384.9,18-09-2026,Potato,Uttar Pradesh,Vegetables,Kanpur,550.0,Rs./Quintal,Metric Tonnes,34,,,,,550.0,,,1000.0,1980.0,"{'as_on': None, 'one_week_ago': None, 'last_five_day': None, 'one_month_ago': None}",Kanpur(Grain) APMC,551.81,1100.0,550.0,600.0,18-09-2026,,,2026-09-18,,
248.0,18-09-2026,Potato,Uttar Pradesh,Vegetables,Kanpur,550.0,Rs./Quintal,Metric Tonnes,34,,,,,550.0,,,975.0,1990.0,"{'as_on': None, 'one_week_ago': None, 'last_five_day': None, 'one_month_ago': None}",Uttaripura APMC,550.0,1000.0,550.0,600.0,18-09-2026,,,2026-09-18,,
18.2,18-09-2026,Potato,Uttar Pradesh,Vegetables,Kanpur Dehat,500.0,Rs./Quintal,Metric Tonnes,34,,,,,500.0,,,,,"{'as_on': None, 'one_week_ago': None, 'last_five_day': None, 'one_month_ago': None}",Jhijhank APMC,500.0,,500.0,500.0,18-09-2026,,,2026-09-18,,
4.0,18-09-2026,Potato,Uttar Pradesh,Vegetables,Kanpur Dehat,650.0,Rs./Quintal,Metric Tonnes,34,,,,,650.0,,,840.0,,"{'as_on': None, 'one_week_ago': None, 'last_five_day': None, 'one_month_ago': None}",Rura APMC,650.0,1025.0,650.0,700.0,18-09-2026,,,2026-09-18,,
60.0,18-09-2026,Potato,Uttar Pradesh,Vegetables,Kasganj,600.0,Rs./Quintal,Metric Tonnes,34,,,,,600.0,,,1130.0,2160.0,"{'as_on': None, 'one_week_ago': None, 'last_five_day': None, 'one_month_ago': None}",Kasganj APMC,600.27,,601.15,600.06,18-09-2026,,,2026-09-18,,
12.0,18-09-2026,Potato,Uttar Pradesh,Vegetables,Kaushambi,500.0,Rs./Quintal,Metric Tonnes,34,,,,,500.0,,,920.0,2110.0,"{'as_on': None, 'one_week_ago': None, 'last_five_day': None, 'one_month_ago': None}",Manjhanpur APMC,500.0,,500.0,,18-09-2026,,,2026-09-18,,
25.17,18-09-2026,Potato,Uttar Pradesh,Vegetables,Lakhimpur,899.6,Rs./Quintal,Metric Tonnes,34,,,,,899.6,,,1120.0,2180.0,"{'as_on': None, 'one_week_ago': None, 'last_five_day': None, 'one_month_ago': None}",Lakhimpur APMC,,1180.0,929.16,1170.0,18-09-2026,,,2026-09-18,,
30.0,18-09-2026,Potato,Uttar Pradesh,Vegetables,Lucknow,800.0,Rs./Quintal,Metric Tonnes,34,,,,,800.0,,,1140.0,2280.0,"{'as_on': None, 'one_week_ago': None, 'last_five_day': None, 'one_month_ago': None}",Lucknow APMC,815.37,1220.0,800.0,700.0,18-09-2026,,,2026-09-18,,
30.0,18-09-2026,Potato,Uttar Pradesh,Vegetables,Mainpuri,500.0,Rs./Quintal,Metric Tonnes,34,,,,,500.0,,,,1750.0,"{'as_on': None, 'one_week_ago': None, 'last_five_day': None, 'one_month_ago': None}",Bewar APMC,300.75,810.0,500.0,,18-09-2026,,,2026-09-18,,
37.0,18-09-2026,Potato,Uttar Pradesh,Vegetables,Mainpuri,500.0,Rs./Quintal,Metric Tonnes,34,,,,,500.0,,,1080.0,2115.0,"{'as_on': None, 'one_week_ago': None, 'last_five_day': None, 'one_month_ago': None}",Ghiraur APMC,500.0,1000.0,352.87,500.0,18-09-2026,,,2026-09-18,,
88.0,18-09-2026,Potato,Uttar Pradesh,Vegetables,Mainpuri,500.0,Rs./Quintal,Metric Tonnes,34,,,,,500.0,,,1075.0,2120.0,"{'as_on': None, 'one_week_ago': None, 'last_five_day': None, 'one_month_ago': None}",Mainpuri APMC,500.0,970.0,501.1,500.0,18-09-2026,,,2026-09-18,,
2.0,18-09-2026,Potato,Uttar Pradesh,Vegetables,Mathura,600.0,Rs./Quintal,Metric Tonnes,34,,,,,600.0,,,1080.0,2080.0,"{'as_on': None, 'one_week_ago': None, 'last_five_day': None, 'one_month_ago': None}",Kosikalan APMC,765.38,,751.71,841.03,18-09-2026,,,2026-09-18,,
17.2,18-09-2026,Potato,Uttar Pradesh,Vegetables,Mathura,600.0,Rs./Quintal,Metric Tonnes,34,,,,,600.0,,,1100.0,2120.0,"{'as_on': None, 'one_week_ago': None, 'last_five_day': None, 'one_month_ago': None}",Mathura APMC,631.95,980.0,552.68,609.22,18-09-2026,,,2026-09-18,,
11.0,18-09-2026,Potato,Uttar Pradesh,Vegetables,Meerut,690.91,Rs./Quintal,Metric Tonnes,34,,,,,690.91,,,,,"{'as_on': None, 'one_week_ago': None, 'last_five_day': None, 'one_month_ago': None}",Mawana APMC,622.86,1050.0,636.37,,18-09-2026,,,2026-09-18,,
275.0,18-09-2026,Potato,Uttar Pradesh,Vegetables,Prayagraj,705.12,Rs./Quintal,Metric Tonnes,34,,,,,705.12,,,920.0,2250.0,"{'as_on': None, 'one_week_ago': None, 'last_five_day': None, 'one_month_ago': None}",Prayagraj APMC,702.97,1050.0,701.58,700.0,18-09-2026,,,2026-09-18,,
25.0,18-09-2026,Potato,Uttar Pradesh,Vegetables,Raebarelli,600.0,Rs./Quintal,Metric Tonnes,34,,,,,600.0,,,950.0,2000.0,"{'as_on': None, 'one_week_ago': None, 'last_five_day': None, 'one_month_ago': None}",Lalganj APMC,877.78,1000.0,669.72,,18-09-2026,,,2026-09-18,,
0.4,18-09-2026,Potato,Uttar Pradesh,Vegetables,Saharanpur,750.0,Rs./Quintal,Metric Tonnes,34,,,,,750.0,,,,,"{'as_on': None, 'one_week_ago': None, 'last_five_day': None, 'one_month_ago': None}",CHHUTMALPUR APMC,,,703.92,,18-09-2026,,,2026-09-18,,
1.6,18-09-2026,Potato,Uttar Pradesh,Vegetables,Saharanpur,1125.0,Rs./Quintal,Metric Tonnes,34,,,,,1125.0,,,,2650.0,"{'as_on': None, 'one_week_ago': None, 'last_five_day': None, 'one_month_ago': None}",Rampurmaniharan APMC,1150.0,,1125.81,1200.0,18-09-2026,,,2026-09-18,,
127.6,18-09-2026,Potato,Uttar Pradesh,Vegetables,Saharanpur,633.01,Rs./Quintal,Metric Tonnes,34,,,,,633.01,,,1000.0,2100.0,"{'as_on': None, 'one_week_ago': None, 'last_five_day': None, 'one_month_ago': None}",Saharanpur APMC,709.32,1200.0,713.24,765.47,18-09-2026,,,2026-09-18,,
72.5,18-09-2026,Potato,Uttar Pradesh,Vegetables,Sambhal,525.45,Rs./Quintal,Metric Tonnes,34,,,,,525.45,,,605.0,2005.0,"{'as_on': None, 'one_week_ago': None, 'last_five_day': None, 'one_month_ago': None}",Bhehjoi APMC,601.55,,561.01,602.73,18-09-2026,,,2026-09-18,,
235.0,18-09-2026,Potato,Uttar Pradesh,Vegetables,Sambhal,500.0,Rs./Quintal,Metric Tonnes,34,,,,,500.0,,,1050.0,2160.0,"{'as_on': None, 'one_week_ago': None, 'last_five_day': None, 'one_month_ago': None}",Chandausi APMC,600.0,1070.0,524.31,600.69,18-09-2026,,,2026-09-18,,
194.73,18-09-2026,Potato,Uttar Pradesh,Vegetables,Sambhal,500.0,Rs./Quintal,Metric Tonnes,34,,,,,500.0,,,1000.0,2150.0,"{'as_on': None, 'one_week_ago': None, 'last_five_day': None, 'one_month_ago': None}",Sambhal APMC,600.0,900.0,522.74,600.0,18-09-2026,,,2026-09-18,,
96.14,18-09-2026,Potato,Uttar Pradesh,Vegetables,Shahjahanpur,755.76,Rs./Quintal,Metric Tonnes,34,,,,,755.76,,,980.0,2080.0,"{'as_on': None, 'one_week_ago': None, 'last_five_day': None, 'one_month_ago': None}",Powayan APMC,688.88,1190.0,708.85,901.4,18-09-2026,,,2026-09-18,,
14.0,18-09-2026,Potato,Uttar Pradesh,Vegetables,Shahjahanpur,600.0,Rs./Quintal,Metric Tonnes,34,,,,,600.0,,,,2080.0,"{'as_on': None, 'one_week_ago': None, 'last_five_day': None, 'one_month_ago': None}",Shahjahanpur APMC,600.0,1180.0,604.06,600.0,18-09-2026,,,2026-09-18,,
30.0,18-09-2026,Potato,Uttar Pradesh,Vegetables,Shahjahanpur,500.0,Rs./Quintal,Metric Tonnes,34,,,,,500.0,,,962.5,2100.0,"{'as_on': None, 'one_week_ago': None, 'last_five_day': None, 'one_month_ago': None}",Tilhar APMC,,550.0,500.0,500.0,18-09-2026,,,2026-09-18,,
6.0,18-09-2026,Potato,Uttar Pradesh,Vegetables,Shamli,700.0,Rs./Quintal,Metric Tonnes,34,,,,,700.0,,,1150.0,1550.0,"{'as_on': None, 'one_week_ago': None, 'last_five_day': None, 'one_month_ago': None}",Kairana APMC,700.0,,700.0,800.0,18-09-2026,,,2026-09-18,,
9.9,18-09-2026,Potato,Uttar Pradesh,Vegetables,Shamli,1036.36,Rs./Quintal,Metric Tonnes,34,,,,,1036.36,,,1055.0,2250.0,"{'as_on': None, 'one_week_ago': None, 'last_five_day': None, 'one_month_ago': None}",Shamli APMC,957.38,1215.0,963.68,1195.1,18-09-2026,,,2026-09-18,,
10.0,18-09-2026,Potato,Uttar Pradesh,Vegetables,Shamli,900.0,Rs./Quintal,Metric Tonnes,34,,,,,900.0,,,,,"{'as_on': None, 'one_week_ago': None, 'last_five_day': None, 'one_month_ago': None}",Thanabhawan APMC,800.0,960.0,900.0,900.0,18-09-2026,,,2026-09-18,,
110.0,18-09-2026,Potato,Uttar Pradesh,Vegetables,Unnao,700.0,Rs./Quintal,Metric Tonnes,34,,,,,700.0,,,1120.0,2120.0,"{'as_on': None, 'one_week_ago': None, 'last_five_day': None, 'one_month_ago': None}",Bangarmau APMC,700.0,1140.0,700.0,700.0,18-09-2026,,,2026-09-18,,
0.3,18-09-2026,Tomato,Uttar Pradesh,Vegetables,Agra,1400.0,Rs./Quintal,Metric Tonnes,34,,,,,1400.0,,,,2800.0,"{'as_on': None, 'one_week_ago': None, 'last_five_day': None, 'one_month_ago': None}",Fatehpur Sikri APMC,1600.0,1635.0,1547.06,,18-09-2026,,,2026-09-18,,
22.0,18-09-2026,Tomato,Uttar Pradesh,Vegetables,Aligarh,2022.73,Rs./Quintal,Metric Tonnes,34,,,,,2022.73,,,2050.0,3000.0,"{'as_on': None, 'one_week_ago': None, 'last_five_day': None, 'one_month_ago': None}",Aligarh APMC,2156.62,1550.0,2189.87,2014.63,18-09-2026,,,2026-09-18,,
474.7,18-09-2026,Tomato,Uttar Pradesh,Vegetables,Amroha,1500.0,Rs./Quintal,Metric Tonnes,34,,,,,1500.0,,,2100.0,2580.0,"{'as_on': None, 'one_week_ago': None, 'last_five_day': None, 'one_month_ago': None}",Amroha APMC,1500.0,1250.0,1500.0,1700.0,18-09-2026,,,2026-09-18,,
16.0,18-09-2026,Tomato,Uttar Pradesh,Vegetables,Auraiya,2000.0,Rs./Quintal,Metric Tonnes,34,,,,,2000.0,,,2100.0,2750.0,"{'as_on': None, 'one_week_ago': None, 'last_five_day': None, 'one_month_ago': None}",Auraiya APMC,2000.0,1400.0,1836.36,,18-09-2026,,,2026-09-18,,
0.6,18-09-2026,Tomato,Uttar Pradesh,Vegetables,Baghpat,1933.33,Rs./Quintal,Metric Tonnes,34,,,,,1933.33,,,2000.0,2400.0,"{'as_on': None, 'one_week_ago': None, 'last_five_day': None, 'one_month_ago': None}",Khekda APMC,1720.0,,1954.54,2066.67,18-09-2026,,,2026-09-18,,
20.0,18-09-2026,Tomato,Uttar Pradesh,Vegetables,Bahraich,1200.0,Rs./Quintal,Metric Tonnes,34,,,,,1200.0,,,1900.0,2600.0,"{'as_on': None, 'one_week_ago': None, 'last_five_day': None, 'one_month_ago': None}",Bahraich APMC,,1675.0,1200.0,,18-09-2026,,,2026-09-18,,
2.0,18-09-2026,Tomato,Uttar Pradesh,Vegetables,Bijnor,2200.0,Rs./Quintal,Metric Tonnes,34,,,,,2200.0,,,,2000.0,"{'as_on': None, 'one_week_ago': None, 'last_five_day': None, 'one_month_ago': None}",Najibabad APMC,,,2104.43,2200.0,18-09-2026,,,2026-09-18,,
2.1,18-09-2026,Tomato,Uttar Pradesh,Vegetables,Bulandshahar,2000.0,Rs./Quintal,Metric Tonnes,34,,,,,2000.0,,,2100.0,2500.0,"{'as_on': None, 'one_week_ago': None, 'last_five_day': None, 'one_month_ago': None}",Buland Shahr APMC,2000.0,1400.0,2000.0,2000.0,18-09-2026,,,2026-09-18,,
7.0,18-09-2026,Tomato,Uttar Pradesh,Vegetables,Etah,2000.0,Rs./Quintal,Metric Tonnes,34,,,,,2000.0,,,2340.0,2550.0,"{'as_on': None, 'one_week_ago': None, 'last_five_day': None, 'one_month_ago': None}",Etah APMC,,1800.0,2000.0,2000.0,18-09-2026,,,2026-09-18,,
4.5,18-09-2026,Tomato,Uttar Pradesh,Vegetables,Etawah,2522.22,Rs./Quintal,Metric Tonnes,34,,,,,2522.22,,,2210.0,2760.0,"{'as_on': None, 'one_week_ago': None, 'last_five_day': None, 'one_month_ago': None}",Jasvantnagar APMC,,1740.0,2522.22,2600.0,18-09-2026,,,2026-09-18,,
14.7,18-09-2026,Tomato,Uttar Pradesh,Vegetables,Fatehpur,2414.97,Rs./Quintal,Metric Tonnes,34,,,,,2414.97,,,2570.0,2600.0,"{'as_on': None, 'one_week_ago': None, 'last_five_day': None, 'one_month_ago': None}",Fatehpur APMC,2500.0,1400.0,2460.44,2400.0,18-09-2026,,,2026-09-18,,
386.9,18-09-2026,Tomato,Uttar Pradesh,Vegetables,Ghaziabad,2508.88,Rs./Quintal,Metric Tonnes,34,,,,,2508.88,,,2282.5,2800.0,"{'as_on': None, 'one_week_ago': None, 'last_five_day': None, 'one_month_ago': None}",Ghaziabad APMC,2594.09,1480.0,2509.99,,18-09-2026,,,2026-09-18,,
11.0,18-09-2026,Tomato,Uttar Pradesh,Vegetables,Hardoi,1500.0,Rs./Quintal,Metric Tonnes,34,,,,,1500.0,,,2420.0,2350.0,"{'as_on': None, 'one_week_ago': None, 'last_five_day': None, 'one_month_ago': None}",Hardoi APMC,1500.0,1725.0,1500.0,2000.0,18-09-2026,,,2026-09-18,,
15.0,18-09-2026,Tomato,Uttar Pradesh,Vegetables,Jalaun (Orai),1400.0,Rs./Quintal,Metric Tonnes,34,,,,,1400.0,,,,,"{'as_on': None, 'one_week_ago': None, 'last_five_day': None, 'one_month_ago': None}",Kalpi APMC,,,1400.0,,18-09-2026,,,2026-09-18,,
18.0,18-09-2026,Tomato,Uttar Pradesh,Vegetables,Jalaun (Orai),1500.0,Rs./Quintal,Metric Tonnes,34,,,,,1500.0,,,2400.0,3750.0,"{'as_on': None, 'one_week_ago': None, 'last_five_day': None, 'one_month_ago': None}",Orai APMC,1500.0,1300.0,1500.0,1500.0,18-09-2026,,,2026-09-18,,
2.5,18-09-2026,Tomato,Uttar Pradesh,Vegetables,Jhansi,1500.0,Rs./Quintal,Metric Tonnes,34,,,,,1500.0,,,2400.0,,"{'as_on': None, 'one_week_ago': None, 'last_five_day': None, 'one_month_ago': None}",Jhansi APMC,1800.0,1230.0,1608.33,1972.41,18-09-2026,,,2026-09-18,,
20.0,18-09-2026,Tomato,Uttar Pradesh,Vegetables,Kanpur,2100.0,Rs./Quintal,Metric Tonnes,34,,,,,2100.0,,,2200.0,2700.0,"{'as_on': None, 'one_week_ago': None, 'last_five_day': None, 'one_month_ago': None}",Kanpur(Grain) APMC,2102.98,1575.0,2141.71,2100.0,18-09-2026,,,2026-09-18,,
35.0,18-09-2026,Tomato,Uttar Pradesh,Vegetables,Lakhimpur,1226.29,Rs./Quintal,Metric Tonnes,34,,,,,1226.29,,,2560.0,2480.0,"{'as_on': None, 'one_week_ago': None, 'last_five_day': None, 'one_month_ago': None}",Lakhimpur APMC,1250.0,1750.0,1249.47,1260.0,18-09-2026,,,2026-09-18,,
11.6,18-09-2026,Tomato,Uttar Pradesh,Vegetables,Mathura,1456.9,Rs./Quintal,Metric Tonnes,34,,,,,1456.9,,,2165.0,2700.0,"{'as_on': None, 'one_week_ago': None, 'last_five_day': None, 'one_month_ago': None}",Mathura APMC,2031.58,1450.0,1977.74,2206.45,18-09-2026,,,2026-09-18,,
1.8,18-09-2026,Tomato,Uttar Pradesh,Vegetables,Meerut,2200.0,Rs./Quintal,Metric Tonnes,34,,,,,2200.0,,,,,"{'as_on': None, 'one_week_ago': None, 'last_five_day': None, 'one_month_ago': None}",Mawana APMC,3000.0,1300.0,2251.43,,18-09-2026,,,2026-09-18,,
97.5,18-09-2026,Tomato,Uttar Pradesh,Vegetables,Pratapgarh,1448.1,Rs./Quintal,Metric Tonnes,34,,,,,1448.1,,,2480.0,2620.0,"{'as_on': None, 'one_week_ago': None, 'last_five_day': None, 'one_month_ago': None}",Pratapgarh APMC,,1500.0,1448.1,,18-09-2026,,,2026-09-18,,
1.8,18-09-2026,Tomato,Uttar Pradesh,Vegetables,Saharanpur,2480.56,Rs./Quintal,Metric Tonnes,34,,,,,2480.56,,,,,"{'as_on': None, 'one_week_ago': None, 'last_five_day': None, 'one_month_ago': None}",CHHUTMALPUR APMC,2378.79,1205.0,2445.51,2304.0,18-09-2026,,,2026-09-18,,
1.0,18-09-2026,Tomato,Uttar Pradesh,Vegetables,Saharanpur,2520.0,Rs./Quintal,Metric Tonnes,34,,,,,2520.0,,,,4100.0,"{'as_on': None, 'one_week_ago': None, 'last_five_day': None, 'one_month_ago': None}",Rampurmaniharan APMC,2400.0,,2593.55,2400.0,18-09-2026,,,2026-09-18,,
7.0,18-09-2026,Tomato,Uttar Pradesh,Vegetables,Saharanpur,1550.0,Rs./Quintal,Metric Tonnes,34,,,,,1550.0,,,1800.0,3600.0,"{'as_on': None, 'one_week_ago': None, 'last_five_day': None, 'one_month_ago': None}",Saharanpur APMC,1542.78,1400.0,1594.29,1937.21,18-09-2026,,,2026-09-18,,
3.7,18-09-2026,Tomato,Uttar Pradesh,Vegetables,Sant Kabir Nagar,1200.0,Rs./Quintal,Metric Tonnes,34,,,,,1200.0,,,1900.0,,"{'as_on': None, 'one_week_ago': None, 'last_five_day': None, 'one_month_ago': None}",Khalilabad APMC,,,1281.19,1500.0,18-09-2026,,,2026-09-18,,
1.8,18-09-2026,Tomato,Uttar Pradesh,Vegetables,Shamli,2000.0,Rs./Quintal,Metric Tonnes,34,,,,,2000.0,,,1750.0,1750.0,"{'as_on': None, 'one_week_ago': None, 'last_five_day': None, 'one_month_ago': None}",Kairana APMC,2000.0,,1930.23,1800.0,18-09-2026,,,2026-09-18,,
1.5,18-09-2026,Tomato,Uttar Pradesh,Vegetables,Shamli,2566.67,Rs./Quintal,Metric Tonnes,34,,,,,2566.67,,,2050.0,3500.0,"{'as_on': None, 'one_week_ago': None, 'last_five_day': None, 'one_month_ago': None}",Shamli APMC,2500.0,1400.0,2760.0,,18-09-2026,,,2026-09-18,,
0.8,18-09-2026,Tomato,Uttar Pradesh,Vegetables,Shamli,2400.0,Rs./Quintal,Metric Tonnes,34,,,,,2400.0,,,3100.0,2300.0,"{'as_on': None, 'one_week_ago': None, 'last_five_day': None, 'one_month_ago': None}",Thanabhawan APMC,2400.0,1340.0,2400.0,2200.0,18-09-2026,,,2026-09-18,,
19.1,18-09-2026,Tomato,Uttar Pradesh,Vegetables,Sonbhadra,1893.19,Rs./Quintal,Metric Tonnes,34,,,,,1893.19,,,2300.0,,"{'as_on': None, 'one_week_ago': None, 'last_five_day': None, 'one_month_ago': None}",Robertsganj APMC,2000.0,1420.0,1942.21,2000.0,18-09-2026,,,2026-09-18,,
347.12,18-09-2026,Tomato,Uttar Pradesh,Vegetables,Varanasi,2000.0,Rs./Quintal,Metric Tonnes,34,,,,,2000.0,,,,2550.0,"{'as_on': None, 'one_week_ago': None, 'last_five_day': None, 'one_month_ago': None}",Varanasi APMC,1500.0,,2000.0,1500.0,18-09-2026,,,2026-09-18,,
